lat,lon,name,admin1,admin2,cc
13.46256,144.69331,Piti Village,Piti,,GU
13.38608,144.67226,Santa Rita Village,Santa Rita,,GU
13.46334,144.75406,Sinajana Village,Sinajana,,GU
13.35513,144.75835,Talofofo Village,Talofofo,,GU
13.48773,144.78138,Tamuning-Tumon-Harmon Village,Tamuning,,GU
13.2976,144.6605,Umatac Village,Umatac,,GU
13.53605,144.88855,Yigo Village,Yigo,,GU
13.40974,144.77697,Yona Village,Yona,,GU
13.26584,144.66908,Merizo Village,Merizo,,GU
13.27363,144.74845,Inarajan Village,Inarajan,,GU
13.46559,144.74795,Agana Heights Village,Agana Heights,,GU
13.47191,144.74978,Guam Government House,Hagatna,,GU
13.44741,144.75902,Chalan Pago-Ordot Village,Chalan Pago-Ordot,,GU
13.46913,144.79901,Barrigada Village,Barrigada,,GU
13.38855,144.65852,Agat Village,Agat,,GU
13.47215,144.71654,Asan-Maina Village,Asan,,GU
13.51777,144.8391,Dededo Village,Dededo,,GU
13.47567,144.74886,Hagatna,Hagatna,,GU
13.44761,144.80109,Mangilao Village,Mangilao,,GU
13.46857,144.78214,Mongmong-Toto-Maite Village,Mongmong-Toto-Maite,,GU
13.47279,144.75802,Hagatna Village,Hagatna,,GU
18.44328,-67.0649,Aceitunas,Moca,,PR
18.16274,-66.72212,Adjuntas,Adjuntas,,PR
18.37939,-67.18824,Aguada,Aguada,,PR
18.42745,-67.15407,Aguadilla,Aguadilla,,PR
18.2569,-66.10294,Aguas Buenas,Aguas Buenas,,PR
18.25273,-65.6535,Aguas Claras,Ceiba,,PR
18.0233,-66.53462,Aguilita,Juana Diaz,,PR
18.13996,-66.266,Aibonito,Aibonito,,PR
18.28273,-67.13962,Anasco,Anasco,,PR
18.4455,-66.6349,Animas,Arecibo,,PR
18.18524,-65.8085,Anton Ruiz,Humacao,,PR
18.47245,-66.71573,Arecibo,Arecibo,,PR
17.9658,-66.06128,Arroyo,Arroyo,,PR
18.25912,-66.04044,Bairoa,Caguas,,PR
18.42661,-66.68323,Bajadero,Arecibo,,PR
18.15774,-65.78155,Bajandas,Humacao,,PR
18.35134,-66.44545,Barahona,Morovis,,PR
18.4505,-66.53851,Barceloneta,Barceloneta,,PR
18.18662,-66.30628,Barranquitas,Barranquitas,,PR
18.36134,-65.8385,Bartolo,Rio Grande,,PR
18.39856,-66.15572,Bayamon,Bayamon,,PR
18.17774,-66.11322,Bayamon,Cidra,,PR
18.27357,-65.87905,Benitez,Canovanas,,PR
18.02691,-67.16907,Boqueron,Cabo Rojo,,PR
18.20746,-65.8485,Boqueron,Las Piedras,,PR
18.46717,-66.341,Brenas,Vega Alta,,PR
17.99635,-66.05183,Buena Vista,Arroyo,,PR
18.41828,-66.57323,Bufalo,Barceloneta,,PR
18.44328,-67.13601,Caban,Aguadilla,,PR
18.08663,-67.14573,Cabo Rojo,Cabo Rojo,,PR
18.43661,-66.93712,Cacao,Quebradillas,,PR
18.23412,-66.0485,Caguas,Caguas,,PR
18.42134,-66.23683,Campanilla,Toa Baja,,PR
18.33717,-65.89794,Campo Rico,Canovanas,,PR
18.48383,-66.8449,Camuy,Camuy,,PR
18.40411,-66.20878,Candelaria,Toa Baja,,PR
18.41717,-66.21739,Candelaria Arenas,Toa Baja,,PR
18.10191,-65.83683,Candelero Arriba,Humacao,,PR
18.3751,-65.89934,Canovanas,Canovanas,,PR
17.99135,-66.49462,Capitanejo,Juana Diaz,,PR
18.38078,-65.95739,Carolina,Carolina,,PR
18.48189,-66.7899,Carrizales,Hatillo,,PR
18.44134,-66.11822,Catano,Catano,,PR
18.11191,-66.166,Cayey,Cayey,,PR
18.29106,-66.73934,Cayuco,Utuado,,PR
18.26412,-65.6485,Ceiba,Ceiba,,PR
18.44634,-66.35073,Ceiba,Vega Alta,,PR
18.27162,-65.966,Celada,Gurabo,,PR
17.95358,-66.22294,Central Aguirre,Salinas,,PR
18.33606,-66.46878,Ciales,Ciales,,PR
18.17579,-66.16128,Cidra,Cidra,,PR
18.07996,-66.35795,Coamo,Coamo,,PR
18.00719,-66.25933,Coco,Salinas,,PR
18.21801,-66.226,Comerio,Comerio,,PR
18.08719,-65.84377,Comunas,Yabucoa,,PR
17.97413,-66.22711,Coqui,Salinas,,PR
17.99274,-66.08489,Corazon,Guayama,,PR
18.45856,-66.77629,Corcovado,Hatillo,,PR
18.34106,-66.31684,Corozal,Corozal,,PR
18.04969,-66.55128,Coto Laurel,Ponce,,PR
18.43078,-66.43989,Coto Norte,Vega Baja,,PR
18.30301,-65.30099,Culebra,Culebra,,PR
18.22635,-65.68322,Daguao,Naguabo,,PR
18.45883,-66.26767,Dorado,Dorado,,PR
18.23669,-65.74172,Duque,Naguabo,,PR
18.23412,-65.87961,El Mango,Municipio de Juncos,,PR
18.03747,-65.85127,El Negro,Yabucoa,,PR
18.00385,-66.39156,El Ojo,Santa Isabel Municipio,,PR
18.00052,-65.88266,Emajagua,Maunabo,,PR
18.09719,-65.47071,Esperanza,Vieques Municipality,,PR
18.27634,-67.11935,Espino,Anasco,,PR
18.36662,-66.56962,Estancias de Florida,Florida,,PR
18.32579,-65.65238,Fajardo,Fajardo,,PR
18.36245,-66.56128,Florida,Florida,,PR
18.34023,-66.42767,Franquez,Morovis,,PR
17.98774,-66.91601,Fuig,Guanica,,PR
18.12746,-66.10405,G. L. Garcia,Cayey,,PR
18.36245,-66.25878,Galateo,Toa Alta,,PR
18.45356,-66.56628,Garrochales,Barceloneta,,PR
17.97163,-66.90795,Guanica,Guanica,,PR
18.08135,-66.50128,Guayabal,Juana Diaz,,PR
17.98413,-66.11378,Guayama,Guayama,,PR
18.01913,-66.79184,Guayanilla,Guayanilla,,PR
18.35745,-66.111,Guaynabo,Guaynabo,,PR
18.2544,-65.97294,Gurabo,Gurabo,,PR
18.34773,-66.27378,H. Rivera Colon,Toa Alta,,PR
18.48633,-66.82545,Hatillo,Hatillo,,PR
18.37439,-65.78711,Hato Candal,Rio Grande,,PR
18.13968,-67.1274,Hormigueros,Hormigueros,,PR
18.43689,-66.55239,Imbery,Barceloneta,,PR
17.99413,-66.81934,Indios,Guayanilla,,PR
18.44217,-66.226,Ingenio,Toa Baja,,PR
18.14968,-65.82738,Humacao,Humacao,,PR
18.14913,-65.44266,Isabel Segunda,Vieques Municipality,,PR
18.50078,-67.02435,Isabela,Isabela,,PR
18.16163,-65.99544,Jagual,San Lorenzo,,PR
17.96913,-66.36572,Jauca,Santa Isabel Municipio,,PR
18.21857,-66.59156,Jayuya,Municipio de Jayuya,,PR
17.95524,-66.16544,Jobos,Guayama,,PR
18.05246,-66.50656,Juana Diaz,Juana Diaz,,PR
18.31384,-66.91907,Juncal,San Sebastian,,PR
18.22746,-65.921,Juncos,Municipio de Juncos,,PR
18.39745,-66.6024,La Alianza,Arecibo,,PR
18.3755,-65.85572,La Dolores,Rio Grande,,PR
18.17551,-65.8535,La Fermina,Las Piedras,,PR
18.44884,-66.50989,La Luisa,Manati,,PR
17.97497,-67.04657,La Parguera,Lajas,,PR
18.28745,-67.18685,La Playa,Anasco,,PR
18.04663,-66.20461,La Plena,Salinas,,PR
18.04996,-67.05934,Lajas,Lajas,,PR
17.98136,-65.98572,Lamboglia,Patillas,,PR
18.29467,-66.87712,Lares,Lares,,PR
18.29328,-67.14629,Las Marias,Anasco,,PR
18.2519,-66.99212,Las Marias,Las Marias,,PR
17.98469,-66.31795,Las Ochenta,Salinas,,PR
18.03302,-66.42434,Las Ollas,Santa Isabel Municipio,,PR
18.18301,-65.86627,Las Piedras,Las Piedras,,PR
18.44995,-66.18156,Levittown,Toa Baja,,PR
18.04302,-66.9424,Liborio Negron Torres,Sabana Grande,,PR
18.0383,-66.90462,Lluveras,Sabana Grande,,PR
18.43134,-65.88016,Loiza,Loiza,,PR
18.05524,-66.40573,Los Llanos,Coamo,,PR
18.05691,-66.52684,Luis Llorens Torres,Juana Diaz,,PR
18.29968,-65.63849,Luis M. Cintron,Fajardo,,PR
18.37245,-65.71655,Luquillo,Luquillo,,PR
18.36439,-67.1574,Luyando,Aguada,,PR
18.01746,-66.76906,Magas Arriba,Guayanilla,,PR
18.42745,-66.49212,Manati,Manati,,PR
17.9783,-66.88934,Maria Antonia,Guanica,,PR
18.0233,-66.33239,Mariano Colon,Coamo,,PR
18.18079,-66.9799,Maricao,Maricao,,PR
18.07607,-65.89822,Martorell,Yabucoa,,PR
18.00719,-65.89933,Maunabo,Maunabo,,PR
18.38662,-66.38378,Miranda,Vega Baja,,PR
18.39467,-67.11324,Moca,Moca,,PR
18.43661,-66.35961,Monserrate,Vega Baja,,PR
18.08746,-67.1074,Monte Grande,Cabo Rojo,,PR
18.463,-67.03268,Mora,Isabela,,PR
18.32578,-66.40656,Morovis,Morovis,,PR
18.39078,-66.216,Mucarabones,Toa Alta,,PR
18.20107,-67.13962,Mayagueez,Mayaguez,,PR
18.21162,-65.73488,Naguabo,Naguabo,,PR
18.30079,-66.24489,Naranjito,Naranjito,,PR
18.00191,-66.10822,Olimpo,Guayama,,PR
18.2269,-66.391,Orocovis,Orocovis,,PR
18.36856,-66.21683,Pajaros,Toa Alta,,PR
18.06802,-66.32545,Palmarejo,Coamo,,PR
18.04024,-67.07685,Palmarejo,Lajas,,PR
17.98719,-66.02544,Palmas,Arroyo,,PR
18.37051,-65.77405,Palmer,Rio Grande,,PR
18.00747,-65.93683,Palo Seco,Maunabo,,PR
18.23246,-66.25628,Palomas,Comerio,,PR
18.01358,-66.87323,Palomas,Yauco,,PR
18.17079,-66.18822,Parcelas La Milagrosa,Cidra,,PR
18.14024,-66.17239,Parcelas Nuevas,Cidra,,PR
17.99885,-66.34128,Parcelas Penuelas,Santa Isabel Municipio,,PR
18.11774,-66.25878,Pastos,Aibonito,,PR
18.00635,-66.01572,Patillas,Patillas,,PR
18.21551,-65.82211,Pena Pobre,Naguabo,,PR
18.05635,-66.72156,Penuelas,Penuelas,,PR
18.43411,-66.88768,Piedra Gorda,Camuy,,PR
18.37967,-65.74516,Playa Fortuna,Luquillo,,PR
18.04469,-65.90738,Playita,Yabucoa,,PR
17.98497,-66.43906,Playita Cortada,Santa Isabel Municipio,,PR
17.97496,-67.18518,Pole Ojea,Cabo Rojo,,PR
18.01108,-66.61406,Ponce,Ponce,,PR
17.99135,-66.49656,Potala Pastillo,Juana Diaz,,PR
18.22801,-65.86294,Pueblito del Rio,Las Piedras,,PR
18.07496,-67.18712,Puerto Real,Cabo Rojo,,PR
18.16635,-65.74822,Punta Santiago,Humacao,,PR
18.35662,-66.83212,Quebrada,Camuy,,PR
18.47383,-66.93851,Quebradillas,Quebradillas,,PR
18.40717,-66.78212,Rafael Capo,Hatillo,,PR
18.42745,-66.78684,Rafael Gonzalez,Hatillo,,PR
18.47133,-67.07907,Rafael Hernandez,Aguadilla,,PR
18.33967,-65.71266,Ramos,Luquillo,,PR
18.34023,-67.2499,Rincon,Rincon,,PR
18.21829,-65.7885,Rio Blanco,Naguabo,,PR
18.0383,-66.46767,Rio Canas Abajo,Juana Diaz,,PR
18.38023,-65.83127,Rio Grande,Rio Grande,,PR
18.39467,-66.26767,Rio Lajas,Dorado,,PR
18.06163,-65.9135,Rosa Sanchez,Yabucoa,,PR
18.46078,-66.3585,Sabana,Vega Baja,,PR
18.08607,-67.08101,Sabana Eneas,San German,,PR
18.07774,-66.96045,Sabana Grande,Sabana Grande,,PR
18.43384,-66.61378,Sabana Hoyos,Arecibo,,PR
18.42689,-66.18461,Sabana Seca,Toa Baja,,PR
17.97747,-66.29795,Salinas,Salinas,,PR
18.49217,-67.09851,San Antonio,Aguadilla,,PR
18.44884,-66.30267,San Antonio,Dorado,,PR
18.45161,-66.94962,San Antonio,Quebradillas,,PR
18.08163,-67.0449,San German,San German,,PR
18.39217,-65.88544,San Isidro,Canovanas,,PR
18.39828,-66.25572,San Jose,Toa Baja,,PR
18.46633,-66.10572,San Juan,San Juan,,PR
18.1894,-65.961,San Lorenzo,San Lorenzo,,PR
18.33662,-66.99018,San Sebastian,San Sebastian,,PR
18.39356,-65.91878,Santa Barbara,Canovanas,,PR
18.21857,-66.12878,Santa Clara,Aguas Buenas,,PR
17.96608,-66.40489,Santa Isabel,Santa Isabel Municipio,,PR
18.0633,-66.7524,Santo Domingo,Penuelas,,PR
18.32189,-67.24685,Stella,Rincon,,PR
18.43022,-65.8535,Suarez,Loiza,,PR
18.21857,-66.12878,Sumidero,Aguas Buenas,,PR
17.99497,-66.71629,Tallaboa,Penuelas,,PR
18.05107,-66.70017,Tallaboa Alta,Penuelas,,PR
18.46189,-66.4885,Tierras Nuevas Poniente,Manati,,PR
18.38828,-66.24822,Toa Alta,Toa Alta,,PR
18.44384,-66.25961,Toa Baja,Toa Baja,,PR
18.35467,-66.00739,Trujillo Alto,Trujillo Alto,,PR
18.26551,-66.70045,Utuado,Utuado,,PR
18.0658,-66.2385,Vazquez,Salinas,,PR
18.41217,-66.33128,Vega Alta,Vega Alta,,PR
18.44439,-66.38767,Vega Baja,Vega Baja,,PR
18.42495,-65.83294,Vieques,Loiza,,PR
18.12718,-66.49212,Villalba,Villalba,,PR
18.05052,-65.87933,Yabucoa,Yabucoa,,PR
18.03496,-66.8499,Yauco,Yauco,,PR
18.02691,-66.05711,Yaurel,Arroyo,,PR
18.16379,-66.72369,Adjuntas,Adjuntas,,PR
30.88296,-87.77305,Bay Minette,Alabama,Baldwin County,US
28.97859,-96.64609,Edna,Texas,Jackson County,US
30.40352,-88.24852,Bayou La Batre,Alabama,Mobile County,US
32.15322,-94.79938,Henderson,Texas,Rusk County,US
29.18968,-98.86253,Natalia,Texas,Medina County,US
34.27482,-87.70058,Bear Creek,Alabama,Marion County,US
38.73289,-77.05803,Fort Hunt,Virginia,Fairfax County,US
37.23876,-76.50967,Yorktown,Virginia,York County,US
33.43428,-86.94721,Brighton,Alabama,Jefferson County,US
38.54511,-75.08907,Ocean View,Delaware,Sussex County,US
33.65983,-87.60001,Berry,Alabama,Fayette County,US
28.18085,-82.68177,Trinity,Florida,Pasco County,US
26.55035,-81.8687,Villas,Florida,Lee County,US
33.40178,-86.95444,Bessemer,Alabama,Jefferson County,US
39.057,-84.90134,Aurora,Indiana,Dearborn County,US
38.50506,-86.01692,New Pekin,Indiana,Washington County,US
39.43807,-99.2651,Stockton,Kansas,Rooks County,US
37.08339,-88.60005,Paducah,Kentucky,McCracken County,US
32.59653,-91.394,Monticello,Louisiana,East Carroll Parish,US
32.55598,-93.61323,Red Chute,Louisiana,Bossier Parish,US
39.14927,-76.77525,Jessup,Maryland,Anne Arundel County,US
33.52066,-86.80249,Birmingham,Alabama,Jefferson County,US
39.09284,-84.61272,Delhi Hills,Ohio,Hamilton County,US
39.11006,-84.37994,Turpin Hills,Ohio,Hamilton County,US
34.22737,-80.68925,Lugoff,South Carolina,Kershaw County,US
34.08149,-86.5911,Blountsville,Alabama,Blount County,US
32.49264,-86.19052,Blue Ridge,Alabama,Elmore County,US
30.08521,-97.84028,Buda,Texas,Hays County,US
34.20065,-86.16637,Boaz,Alabama,Marshall County,US
32.93735,-87.16472,Brent,Alabama,Bibb County,US
31.10518,-87.07219,Brewton,Alabama,Escambia County,US
34.94758,-85.71442,Bridgeport,Alabama,Jackson County,US
33.43566,-86.67388,Brook Highland,Alabama,Shelby County,US
33.63788,-86.91666,Brookside,Alabama,Jefferson County,US
33.25567,-87.32083,Brookwood,Alabama,Tuscaloosa County,US
31.72016,-85.81606,Brundidge,Alabama,Pike County,US
32.08959,-88.22197,Butler,Alabama,Choctaw County,US
33.61316,-85.96108,Bynum,Alabama,Calhoun County,US
33.464,-86.73193,Cahaba Heights,Alabama,Jefferson County,US
33.1029,-86.7536,Calera,Alabama,Shelby County,US
31.99098,-87.29055,Camden,Alabama,Wilcox County,US
32.80041,-85.65357,Camp Hill,Alabama,Tallapoosa County,US
33.89177,-87.52612,Carbon Hill,Alabama,Walker County,US
33.26179,-88.09503,Carrollton,Alabama,Pickens County,US
34.22009,-85.60774,Cedar Bluff,Alabama,Cherokee County,US
33.64566,-86.6836,Center Point,Alabama,Jefferson County,US
34.15204,-85.67885,Centre,Alabama,Cherokee County,US
32.9462,-87.11669,Centreville,Alabama,Bibb County,US
33.65316,-86.64777,Chalkville,Alabama,Jefferson County,US
31.46517,-88.25446,Chatom,Alabama,Washington County,US
33.34011,-86.63026,Chelsea,Alabama,Shelby County,US
34.75703,-87.97281,Cherokee,Alabama,Colbert County,US
30.7638,-88.07472,Chickasaw,Alabama,Mobile County,US
33.27817,-86.35498,Childersburg,Alabama,Talladega County,US
33.65927,-85.70357,Choccolocco,Alabama,Calhoun County,US
31.09073,-88.22806,Citronelle,Alabama,Mobile County,US
32.83874,-86.62943,Clanton,Alabama,Chilton County,US
33.7026,-86.59971,Clay,Alabama,Jefferson County,US
31.87822,-85.44966,Clayton,Alabama,Barbour County,US
33.99093,-86.57749,Cleveland,Alabama,Blount County,US
31.70878,-85.6105,Clio,Alabama,Barbour County,US
33.15901,-87.34083,Coaling,Alabama,Tuscaloosa County,US
34.26398,-85.86053,Collinsville,Alabama,DeKalb County,US
33.17817,-86.60721,Columbiana,Alabama,Shelby County,US
33.46761,-87.03111,Concord,Alabama,Jefferson County,US
32.49791,-86.33136,Coosada,Alabama,Elmore County,US
33.75983,-87.18333,Cordova,Alabama,Walker County,US
31.04879,-85.30493,Cottonwood,Alabama,Houston County,US
31.20018,-85.30465,Cowarts,Alabama,Houston County,US
30.89185,-88.03972,Creola,Alabama,Mobile County,US
34.28759,-85.99414,Crossville,Alabama,DeKalb County,US
34.17482,-86.84361,Cullman,Alabama,Cullman County,US
32.83124,-85.76357,Dadeville,Alabama,Tallapoosa County,US
31.31017,-85.71299,Daleville,Alabama,Dale County,US
34.41454,-87.08751,Danville,Alabama,Morgan County,US
30.60353,-87.9036,Daphne,Alabama,Baldwin County,US
30.25548,-88.10972,Dauphin Island,Alabama,Mobile County,US
32.60819,-86.39581,Deatsville,Alabama,Elmore County,US
34.60593,-86.98334,Decatur,Alabama,Morgan County,US
32.51764,-87.8364,Demopolis,Alabama,Marengo County,US
33.72872,-87.09028,Dora,Alabama,Walker County,US
31.22323,-85.39049,Dothan,Alabama,Houston County,US
34.14649,-87.40224,Double Springs,Alabama,Winston County,US
31.09323,-87.06275,East Brewton,Alabama,Escambia County,US
34.80953,-87.64947,East Florence,Alabama,Lauderdale County,US
32.63541,-86.03441,Eclectic,Alabama,Elmore County,US
30.41436,-87.59776,Elberta,Alabama,Baldwin County,US
31.31517,-85.85522,Enterprise,Alabama,Coffee County,US
31.89127,-85.14549,Eufaula,Alabama,Barbour County,US
32.84068,-87.88751,Eutaw,Alabama,Greene County,US
31.4335,-86.95692,Evergreen,Alabama,Conecuh County,US
33.48594,-86.91194,Fairfield,Alabama,Jefferson County,US
30.52297,-87.90333,Fairhope,Alabama,Baldwin County,US
34.36843,-86.90862,Falkville,Alabama,Morgan County,US
33.68455,-87.83085,Fayette,Alabama,Fayette County,US
33.14567,-86.40581,Fayetteville,Alabama,Talladega County,US
34.52315,-86.97029,Flint City,Alabama,Morgan County,US
31.00518,-86.328,Florala,Alabama,Covington County,US
34.79981,-87.67725,Florence,Alabama,Lauderdale County,US
31.00018,-87.26081,Flomaton,Alabama,Escambia County,US
30.40659,-87.6836,Foley,Alabama,Baldwin County,US
33.57011,-86.89638,Forestdale,Alabama,Jefferson County,US
31.98459,-86.57859,Fort Deposit,Alabama,Lowndes County,US
34.44425,-85.71969,Fort Payne,Alabama,DeKalb County,US
31.4335,-87.40138,Frisco City,Alabama,Monroe County,US
33.60483,-86.79388,Fultondale,Alabama,Jefferson County,US
34.44676,-85.90414,Fyffe,Alabama,DeKalb County,US
34.01426,-86.00664,Gadsden,Alabama,Etowah County,US
33.6601,-86.81277,Gardendale,Alabama,Jefferson County,US
31.03296,-85.86382,Geneva,Alabama,Geneva County,US
31.6371,-86.74192,Georgiana,Alabama,Butler County,US
33.95704,-85.93247,Glencoe,Alabama,Etowah County,US
34.11593,-86.86361,Good Hope,Alabama,Cullman County,US
33.06567,-86.0533,Goodwater,Alabama,Coosa County,US
33.32012,-87.9028,Gordo,Alabama,Pickens County,US
30.47631,-88.34223,Grand Bay,Alabama,Mobile County,US
33.64816,-86.63943,Grayson Valley,Alabama,Jefferson County,US
33.62066,-86.97138,Graysville,Alabama,Jefferson County,US
32.70458,-87.59584,Greensboro,Alabama,Hale County,US
31.8296,-86.61775,Greenville,Alabama,Butler County,US
31.70877,-87.77722,Grove Hill,Alabama,Clarke County,US
33.96566,-87.91475,Guin,Alabama,Marion County,US
30.24604,-87.70082,Gulf Shores,Alabama,Baldwin County,US
34.35815,-86.2947,Guntersville,Alabama,Marshall County,US
34.27732,-87.82864,Hackleburg,Alabama,Marion County,US
34.22649,-87.62141,Haleyville,Alabama,Winston County,US
34.14232,-87.98864,Hamilton,Alabama,Marion County,US
34.06065,-86.7675,Hanceville,Alabama,Cullman County,US
33.344,-86.43804,Harpersville,Alabama,Shelby County,US
31.1024,-85.69688,Hartford,Alabama,Geneva County,US
34.44343,-86.93528,Hartselle,Alabama,Morgan County,US
34.85564,-86.75083,Harvest,Alabama,Madison County,US
32.18403,-86.58025,Hayneville,Alabama,Lowndes County,US
34.93231,-86.57194,Hazel Green,Alabama,Madison County,US
31.35128,-85.34216,Headland,Alabama,Henry County,US
33.64899,-85.58746,Heflin,Alabama,Cleburne County,US
33.29622,-86.8436,Helena,Alabama,Shelby County,US
34.63508,-85.76719,Henagar,Alabama,DeKalb County,US
33.99815,-85.86636,Hokes Bluff,Alabama,Etowah County,US
33.23401,-87.48445,Holt,Alabama,Tuscaloosa County,US
32.63624,-86.32664,Holtville,Alabama,Elmore County,US
33.47177,-86.80082,Homewood,Alabama,Jefferson County,US
33.40539,-86.81138,Hoover,Alabama,Jefferson County,US
33.45122,-86.99666,Hueytown,Alabama,Jefferson County,US
32.83457,-85.22966,Huguley,Alabama,Chambers County,US
34.73037,-86.5861,Huntsville,Alabama,Madison County,US
33.35539,-86.75443,Indian Springs Village,Alabama,Shelby County,US
32.01488,-85.74606,Inverness,Alabama,Bullock County,US
33.53816,-86.70721,Irondale,Alabama,Jefferson County,US
31.50905,-87.89444,Jackson,Alabama,Clarke County,US
33.81371,-85.76135,Jacksonville,Alabama,Calhoun County,US
33.83122,-87.27751,Jasper,Alabama,Walker County,US
32.95985,-86.74665,Jemison,Alabama,Chilton County,US
34.86286,-87.53753,Killen,Alabama,Lauderdale County,US
33.77344,-86.81388,Kimberly,Alabama,Jefferson County,US
31.29906,-85.34438,Kinsey,Alabama,Houston County,US
32.4682,-85.0791,Ladonia,Alabama,Russell County,US
32.89985,-85.40106,Lafayette,Alabama,Chambers County,US
33.43011,-86.68054,Lake Purdy,Alabama,Shelby County,US
33.28067,-87.1375,Lake View,Alabama,Tuscaloosa County,US
32.86874,-85.1905,Lanett,Alabama,Chambers County,US
33.54816,-86.54443,Leeds,Alabama,Jefferson County,US
34.17982,-85.76136,Leesburg,Alabama,Cherokee County,US
31.29962,-85.77799,Level Plains,Alabama,Dale County,US
32.30625,-87.79807,Linden,Alabama,Marengo County,US
33.61316,-86.11831,Lincoln,Alabama,Talladega County,US
33.31067,-85.75441,Lineville,Alabama,Clay County,US
33.42566,-86.92666,Lipscomb,Alabama,Jefferson County,US
34.59065,-87.67697,Littleville,Alabama,Colbert County,US
32.5843,-88.18725,Livingston,Alabama,Sumter County,US
33.9076,-86.61527,Locust Fork,Alabama,Blount County,US
30.61825,-87.75305,Loxley,Alabama,Baldwin County,US
31.71655,-86.26385,Luverne,Alabama,Crenshaw County,US
34.69926,-86.74833,Madison,Alabama,Madison County,US
31.13934,-85.5191,Malvern,Alabama,Geneva County,US
32.70124,-86.47109,Marbury,Alabama,Autauga County,US
33.68621,-86.47498,Margaret,Alabama,Saint Clair County,US
32.63235,-87.31917,Marion,Alabama,Perry County,US
33.40205,-86.69665,Meadowbrook,Alabama,Shelby County,US
34.85148,-86.57222,Meridianville,Alabama,Madison County,US
33.4615,-86.90888,Midfield,Alabama,Jefferson County,US
31.31906,-85.49382,Midland City,Alabama,Dale County,US
33.18345,-86.26109,Mignon,Alabama,Talladega County,US
32.47986,-86.36192,Millbrook,Alabama,Elmore County,US
33.56345,-88.08142,Millport,Alabama,Lamar County,US
33.53733,-86.94055,Minor,Alabama,Jefferson County,US
30.69436,-88.04305,Mobile,Alabama,Mobile County,US
31.52794,-87.32471,Monroeville,Alabama,Monroe County,US
33.10067,-86.86416,Montevallo,Alabama,Shelby County,US
32.36681,-86.29997,Montgomery,Alabama,Montgomery County,US
33.59094,-86.49082,Moody,Alabama,Saint Clair County,US
34.84398,-86.51832,Moores Mill,Alabama,Madison County,US
33.74816,-86.8086,Morris,Alabama,Jefferson County,US
32.17459,-86.67192,Mosses,Alabama,Lowndes County,US
34.48121,-87.29335,Moulton,Alabama,Lawrence County,US
32.99762,-87.63001,Moundville,Alabama,Hale County,US
33.67094,-86.8561,Mount Olive,Alabama,Jefferson County,US
31.08518,-88.01333,Mount Vernon,Alabama,Mobile County,US
33.50094,-86.75221,Mountain Brook,Alabama,Jefferson County,US
33.52983,-85.9508,Munford,Alabama,Talladega County,US
34.74481,-87.66753,Muscle Shoals,Alabama,Colbert County,US
31.38572,-85.92939,New Brockton,Alabama,Coffee County,US
34.53703,-86.39443,New Hope,Alabama,Madison County,US
34.91009,-86.42777,New Market,Alabama,Madison County,US
31.33517,-85.60521,Newton,Alabama,Dale County,US
33.20401,-87.15305,North Bibb,Alabama,Bibb County,US
33.22901,-87.57723,Northport,Alabama,Tuscaloosa County,US
33.67732,-86.39665,Odenville,Alabama,Saint Clair County,US
33.78343,-86.00247,Ohatchee,Alabama,Calhoun County,US
32.64541,-85.37828,Opelika,Alabama,Lee County,US
33.94815,-86.47276,Oneonta,Alabama,Blount County,US
31.28267,-86.25551,Opp,Alabama,Covington County,US
30.29437,-87.57359,Orange Beach,Alabama,Baldwin County,US
34.58815,-86.45888,Owens Cross Roads,Alabama,Madison County,US
33.61427,-85.83496,Oxford,Alabama,Calhoun County,US
31.45906,-85.64049,Ozark,Alabama,Dale County,US
33.28567,-86.80999,Pelham,Alabama,Shelby County,US
33.58621,-86.28609,Pell City,Alabama,Saint Clair County,US
32.47098,-85.00077,Phenix City,Alabama,Russell County,US
34.35093,-87.70642,Phil Campbell,Alabama,Franklin County,US
33.92455,-85.61135,Piedmont,Alabama,Calhoun County,US
32.28431,-86.10302,Pike Road,Alabama,Montgomery County,US
32.58374,-86.46553,Pine Level,Alabama,Autauga County,US
33.68899,-86.68332,Pinson,Alabama,Jefferson County,US
33.49094,-86.97027,Pleasant Grove,Alabama,Jefferson County,US
30.47408,-87.91916,Point Clear,Alabama,Baldwin County,US
32.46402,-86.4597,Prattville,Alabama,Autauga County,US
34.52509,-86.89473,Priceville,Alabama,Morgan County,US
30.7388,-88.07889,Prichard,Alabama,Mobile County,US
33.74454,-86.15581,Ragland,Alabama,Saint Clair County,US
33.95482,-86.04192,Rainbow City,Alabama,Etowah County,US
34.49425,-85.84775,Rainsville,Alabama,DeKalb County,US
34.43982,-88.14087,Red Bay,Alabama,Franklin County,US
33.37845,-88.0153,Reform,Alabama,Pickens County,US
31.12296,-85.45271,Rehobeth,Alabama,Houston County,US
33.60621,-86.20442,Riverside,Alabama,Saint Clair County,US
33.15123,-85.37217,Roanoke,Alabama,Randolph County,US
30.5538,-87.71193,Robertsdale,Alabama,Baldwin County,US
33.47705,-87.08027,Rock Creek,Alabama,Jefferson County,US
32.88957,-86.21969,Rockford,Alabama,Coosa County,US
34.82564,-87.29474,Rogersville,Alabama,Lauderdale County,US
34.50787,-87.72864,Russellville,Alabama,Franklin County,US
33.69871,-85.83969,Saks,Alabama,Calhoun County,US
31.11295,-86.04605,Samson,Alabama,Geneva County,US
30.82074,-88.07056,Saraland,Alabama,Mobile County,US
34.17426,-86.12275,Sardis City,Alabama,Etowah County,US
30.85324,-88.05611,Satsuma,Alabama,Mobile County,US
34.67231,-86.03415,Scottsboro,Alabama,Jackson County,US
32.40736,-87.0211,Selma,Alabama,Dallas County,US
34.76509,-87.69864,Sheffield,Alabama,Colbert County,US
33.1104,-86.58415,Shelby,Alabama,Shelby County,US
31.10823,-85.59438,Slocomb,Alabama,Geneva County,US
32.54014,-85.09855,Smiths Station,Alabama,Lee County,US
33.89177,-86.82027,Smoke Rise,Alabama,Blount County,US
33.92454,-86.02247,Southside,Alabama,Etowah County,US
30.67491,-87.91527,Spanish Fort,Alabama,Baldwin County,US
33.7751,-86.47165,Springville,Alabama,Saint Clair County,US
33.93982,-86.20164,Steele,Alabama,Saint Clair County,US
34.86869,-85.83942,Stevenson,Alabama,Jackson County,US
33.07929,-86.24442,Stewartville,Alabama,Coosa County,US
33.90177,-88.13448,Sulligent,Alabama,Lamar County,US
33.75566,-87.05,Sumiton,Alabama,Walker County,US
33.17317,-86.25164,Sylacauga,Alabama,Talladega County,US
33.51566,-87.01499,Sylvan Springs,Alabama,Jefferson County,US
34.56231,-85.81247,Sylvania,Alabama,DeKalb County,US
33.43594,-86.1058,Talladega,Alabama,Talladega County,US
32.53597,-85.89329,Tallassee,Alabama,Elmore County,US
33.58344,-86.77277,Tarrant,Alabama,Jefferson County,US
31.1649,-85.46827,Taylor,Alabama,Houston County,US
31.97543,-86.2333,Taylor,Alabama,Montgomery County,US
30.54769,-88.17528,Theodore,Alabama,Mobile County,US
31.91349,-87.73584,Thomasville,Alabama,Clarke County,US
32.91568,-86.71582,Thorsby,Alabama,Chilton County,US
30.59019,-88.17084,Tillmans Corner,Alabama,Mobile County,US
34.6812,-87.40613,Town Creek,Alabama,Lawrence County,US
34.60676,-87.08835,Trinity,Alabama,Morgan County,US
31.80877,-85.96995,Troy,Alabama,Pike County,US
33.61983,-86.60888,Trussville,Alabama,Jefferson County,US
33.20984,-87.56917,Tuscaloosa,Alabama,Tuscaloosa County,US
34.7312,-87.70253,Tuscumbia,Alabama,Colbert County,US
32.42403,-85.69162,Tuskegee,Alabama,Macon County,US
32.14432,-85.71495,Union Springs,Alabama,Bullock County,US
32.44958,-87.51417,Uniontown,Alabama,Perry County,US
32.81874,-85.17939,Valley,Alabama,Chambers County,US
32.50902,-86.98749,Valley Grande,Alabama,Dallas County,US
33.47066,-86.51332,Vandiver,Alabama,Shelby County,US
33.17428,-87.23361,Vance,Alabama,Tuscaloosa County,US
33.75705,-88.10892,Vernon,Alabama,Lamar County,US
33.44872,-86.78777,Vestavia Hills,Alabama,Jefferson County,US
33.38455,-86.41192,Vincent,Alabama,Shelby County,US
33.81427,-86.80944,Warrior,Alabama,Jefferson County,US
33.75205,-85.81135,Weaver,Alabama,Calhoun County,US
31.26045,-85.27327,Webb,Alabama,Houston County,US
33.309,-85.48467,Wedowee,Alabama,Randolph County,US
33.11817,-87.125,West Blocton,Alabama,Bibb County,US
33.34955,-86.53582,Westover,Alabama,Shelby County,US
32.54374,-86.21191,Wetumpka,Alabama,Elmore County,US
34.16343,-86.06942,Whitesboro,Alabama,Etowah County,US
33.23428,-86.48359,Wilsonville,Alabama,Shelby County,US
33.92899,-87.81725,Winfield,Alabama,Marion County,US
33.20678,-87.15,Woodstock,Alabama,Bibb County,US
32.48625,-88.29642,York,Alabama,Sumter County,US
34.62954,-92.44127,Alexander,Arkansas,Pulaski County,US
35.47787,-94.22188,Alma,Arkansas,Crawford County,US
34.12093,-93.05378,Arkadelphia,Arkansas,Clark County,US
33.60872,-91.20678,Arkansas City,Arkansas,Desha County,US
36.22396,-91.60848,Ash Flat,Arkansas,Sharp County,US
33.67429,-94.13131,Ashdown,Arkansas,Little River County,US
35.24647,-92.93656,Atkins,Arkansas,Pope County,US
35.28231,-91.36541,Augusta,Arkansas,Woodruff County,US
34.99842,-91.98376,Austin,Arkansas,Lonoke County,US
35.30981,-91.56791,Bald Knob,Arkansas,White County,US
35.32565,-94.3016,Barling,Arkansas,Sebastian County,US
35.7698,-91.64097,Batesville,Arkansas,Independence County,US
35.7423,-90.56233,Bay,Arkansas,Craighead County,US
35.07064,-91.87959,Beebe,Arkansas,White County,US
36.4807,-94.27134,Bella Vista,Arkansas,Benton County,US
34.56454,-92.58683,Benton,Arkansas,Saline County,US
36.37285,-94.20882,Bentonville,Arkansas,Benton County,US
36.36479,-93.56797,Berryville,Arkansas,Carroll County,US
36.21424,-94.12937,Bethel Heights,Arkansas,Benton County,US
35.9273,-89.91898,Blytheville,Arkansas,Mississippi County,US
35.90868,-90.80262,Bono,Arkansas,Craighead County,US
35.14009,-93.92159,Booneville,Arkansas,Logan County,US
34.88787,-91.19457,Brinkley,Arkansas,Monroe County,US
35.90007,-90.58205,Brookland,Arkansas,Craighead County,US
34.59593,-92.48905,Bryant,Arkansas,Saline County,US
36.38396,-92.58155,Bull Shoals,Arkansas,Marion County,US
34.97453,-92.01653,Cabot,Arkansas,Lonoke County,US
36.11951,-92.13599,Calico Rock,Arkansas,Izard County,US
33.58456,-92.83433,Camden,Arkansas,Ouachita County,US
35.75813,-90.32232,Caraway,Arkansas,Craighead County,US
34.78315,-91.74652,Carlisle,Arkansas,Lonoke County,US
35.94174,-91.54847,Cave City,Arkansas,Sharp County,US
36.26341,-94.23187,Cave Springs,Arkansas,Benton County,US
35.56981,-94.36688,Cedarville,Arkansas,Crawford County,US
36.3598,-94.28521,Centerton,Arkansas,Benton County,US
35.29704,-94.03632,Charleston,Arkansas,Franklin County,US
36.29784,-91.51597,Cherokee Village,Arkansas,Sharp County,US
34.69315,-91.31374,Clarendon,Arkansas,Monroe County,US
35.47147,-93.46657,Clarksville,Arkansas,Johnson County,US
35.59147,-92.46044,Clinton,Arkansas,Van Buren County,US
35.43731,-93.67297,Coal Hill,Arkansas,Johnson County,US
35.0887,-92.4421,Conway,Arkansas,Faulkner County,US
36.40784,-90.57983,Corning,Arkansas,Clay County,US
33.12818,-91.96124,Crossett,Arkansas,Ashley County,US
35.05398,-93.39352,Danville,Arkansas,Yell County,US
35.22314,-93.15795,Dardanelle,Arkansas,Yell County,US
34.03789,-94.34132,De Queen,Arkansas,Sevier County,US
34.29288,-91.3379,De Witt,Arkansas,Arkansas County,US
36.33591,-94.46077,Decatur,Arkansas,Benton County,US
33.52539,-91.43595,Dermott,Arkansas,Chicot County,US
34.97704,-91.49513,Des Arc,Arkansas,Prairie County,US
35.63841,-91.26513,Diaz,Arkansas,Jackson County,US
34.11928,-94.01658,Dierks,Arkansas,Howard County,US
35.40147,-93.11434,Dover,Arkansas,Pope County,US
33.88705,-91.49179,Dumas,Arkansas,Desha County,US
35.27509,-90.46677,Earle,Arkansas,Crittenden County,US
34.55065,-92.34099,East End,Arkansas,Saline County,US
33.20763,-92.66627,El Dorado,Arkansas,Union County,US
36.00147,-94.00825,Elkins,Arkansas,Washington County,US
36.20619,-94.23437,Elm Springs,Arkansas,Washington County,US
34.54426,-91.96903,England,Arkansas,Lonoke County,US
33.10957,-91.26206,Eudora,Arkansas,Chicot County,US
36.40118,-93.73797,Eureka Springs,Arkansas,Carroll County,US
35.59424,-92.27793,Fairfield Bay,Arkansas,Van Buren County,US
36.04202,-94.24715,Farmington,Arkansas,Washington County,US
36.06258,-94.15743,Fayetteville,Arkansas,Washington County,US
36.27896,-92.59711,Flippin,Arkansas,Marion County,US
33.72178,-94.39687,Foreman,Arkansas,Little River County,US
33.81372,-92.41293,Fordyce,Arkansas,Dallas County,US
35.00815,-90.78983,Forrest City,Arkansas,Saint Francis County,US
35.38592,-94.39855,Fort Smith,Arkansas,Sebastian County,US
36.28312,-92.49405,Gassville,Arkansas,Baxter County,US
36.26758,-94.48466,Gentry,Arkansas,Benton County,US
34.88426,-92.2357,Gibson,Arkansas,Pulaski County,US
34.32677,-93.55074,Glenwood,Arkansas,Pike County,US
35.95979,-89.97203,Gosnell,Arkansas,Mississippi County,US
36.10119,-93.99131,Goshen,Arkansas,Washington County,US
34.86842,-92.1907,Gravel Ridge,Arkansas,Pulaski County,US
36.42202,-94.45355,Gravette,Arkansas,Benton County,US
36.33535,-93.43602,Green Forest,Arkansas,Carroll County,US
35.23397,-92.38765,Greenbrier,Arkansas,Faulkner County,US
35.99425,-94.1752,Greenland,Arkansas,Washington County,US
35.21565,-94.25577,Greenwood,Arkansas,Sebastian County,US
33.92094,-93.15406,Gurdon,Arkansas,Clark County,US
33.22818,-91.79763,Hamburg,Arkansas,Ashley County,US
33.53789,-92.46988,Hampton,Arkansas,Calhoun County,US
35.56425,-90.71678,Harrisburg,Arkansas,Poinsett County,US
36.22979,-93.10768,Harrison,Arkansas,Boone County,US
34.50148,-92.63655,Haskell,Arkansas,Saline County,US
34.78093,-91.58097,Hazen,Arkansas,Prairie County,US
35.49147,-92.03126,Heber Springs,Arkansas,Cleburne County,US
34.52955,-90.59177,Helena,Arkansas,Phillips County,US
36.2759,-91.52403,Highland,Arkansas,Sharp County,US
36.48535,-93.73214,Holiday Island,Arkansas,Carroll County,US
33.66706,-93.59157,Hope,Arkansas,Hempstead County,US
33.93845,-94.35715,Horatio,Arkansas,Sevier County,US
36.22923,-91.76431,Horseshoe Bend,Arkansas,Izard County,US
34.5037,-93.05518,Hot Springs,Arkansas,Garland County,US
34.67204,-92.99879,Hot Springs Village,Arkansas,Garland County,US
36.05035,-90.97512,Hoxie,Arkansas,Lawrence County,US
34.94926,-90.47149,Hughes,Arkansas,Saint Francis County,US
36.08619,-93.7413,Huntsville,Arkansas,Madison County,US
34.8662,-92.11015,Jacksonville,Arkansas,Pulaski County,US
36.00813,-93.18657,Jasper,Arkansas,Newton County,US
36.13286,-94.16548,Johnson,Arkansas,Washington County,US
35.8423,-90.70428,Jonesboro,Arkansas,Craighead County,US
35.27009,-91.63986,Judsonia,Arkansas,White County,US
35.23175,-91.66764,Kensett,Arkansas,White County,US
35.81619,-90.43427,Lake City,Arkansas,Craighead County,US
34.42453,-93.09518,Lake Hamilton,Arkansas,Garland County,US
33.32873,-91.28178,Lake Village,Arkansas,Chicot County,US
35.44064,-93.38796,Lamar,Arkansas,Johnson County,US
34.6112,-92.3196,Landmark,Arkansas,Pulaski County,US
35.3362,-94.17326,Lavaca,Arkansas,Sebastian County,US
35.93591,-90.25788,Leachville,Arkansas,Mississippi County,US
35.61119,-90.32982,Lepanto,Arkansas,Poinsett County,US
33.35846,-93.57768,Lewisville,Arkansas,Lafayette County,US
35.94953,-94.42355,Lincoln,Arkansas,Washington County,US
36.38591,-94.1352,Little Flock,Arkansas,Benton County,US
34.74648,-92.28959,Little Rock,Arkansas,Pulaski County,US
35.32897,-93.25296,London,Arkansas,Pope County,US
34.78398,-91.89986,Lonoke,Arkansas,Lonoke County,US
36.25535,-94.13076,Lowell,Arkansas,Benton County,US
35.75619,-89.92814,Luxora,Arkansas,Mississippi County,US
33.26707,-93.23933,Magnolia,Arkansas,Columbia County,US
34.36231,-92.81295,Malvern,Arkansas,Hot Spring County,US
35.88007,-90.16704,Manila,Arkansas,Mississippi County,US
35.05954,-94.25271,Mansfield,Arkansas,Sebastian County,US
34.77371,-90.75761,Marianna,Arkansas,Lee County,US
35.21453,-90.19648,Marion,Arkansas,Crittenden County,US
35.53286,-90.42066,Marked Tree,Arkansas,Poinsett County,US
36.18701,-90.38316,Marmaduke,Arkansas,Greene County,US
35.90896,-92.63127,Marshall,Arkansas,Searcy County,US
34.55566,-90.91289,Marvell,Arkansas,Phillips County,US
34.86676,-92.40432,Maumelle,Arkansas,Pulaski County,US
34.95703,-92.42738,Mayflower,Arkansas,Faulkner County,US
34.80842,-92.18181,McAlmont,Arkansas,Pulaski County,US
35.2562,-91.20012,McCrory,Arkansas,Woodruff County,US
33.629,-91.39956,McGehee,Arkansas,Desha County,US
36.05951,-91.90848,Melbourne,Arkansas,Izard County,US
34.58622,-94.23966,Mena,Arkansas,Polk County,US
36.38534,-92.46183,Midway,Arkansas,Baxter County,US
33.87512,-93.9138,Mineral Springs,Arkansas,Howard County,US
35.89063,-90.34427,Monette,Arkansas,Craighead County,US
33.629,-91.79096,Monticello,Arkansas,Drew County,US
35.15092,-92.74405,Morrilton,Arkansas,Conway County,US
34.55676,-93.63408,Mount Ida,Arkansas,Montgomery County,US
35.86841,-92.11765,Mountain View,Arkansas,Stone County,US
36.33534,-92.38516,Mountain Home,Arkansas,Baxter County,US
35.50064,-94.05159,Mulberry,Arkansas,Crawford County,US
34.06233,-93.6899,Murfreesboro,Arkansas,Pike County,US
33.94567,-93.84713,Nashville,Arkansas,Howard County,US
35.70174,-91.44152,Newark,Arkansas,Independence County,US
35.6048,-91.2818,Newport,Arkansas,Jackson County,US
33.16568,-91.94152,North Crossett,Arkansas,Ashley County,US
34.76954,-92.26709,North Little Rock,Arkansas,Pulaski County,US
35.03231,-93.22323,Ola,Arkansas,Yell County,US
35.70508,-89.96953,Osceola,Arkansas,Mississippi County,US
35.48703,-93.8277,Ozark,Arkansas,Franklin County,US
36.0584,-90.49733,Paragould,Arkansas,Greene County,US
35.29203,-93.72992,Paris,Arkansas,Logan County,US
35.26342,-90.57122,Parkin,Arkansas,Cross County,US
33.92066,-91.33679,Pea Ridge,Arkansas,Desha County,US
36.45396,-94.1152,Pea Ridge,Arkansas,Benton County,US
35.00481,-92.80267,Perryville,Arkansas,Perry County,US
36.38284,-90.19065,Piggott,Arkansas,Clay County,US
34.22843,-92.0032,Pine Bluff,Arkansas,Jefferson County,US
34.50314,-93.12602,Piney,Arkansas,Garland County,US
36.26146,-90.97123,Pocahontas,Arkansas,Randolph County,US
35.24814,-93.04906,Pottsville,Arkansas,Pope County,US
36.34202,-94.06187,Prairie Creek,Arkansas,Benton County,US
35.97591,-94.31771,Prairie Grove,Arkansas,Washington County,US
33.80261,-93.38101,Prescott,Arkansas,Nevada County,US
36.26312,-90.2926,Rector,Arkansas,Clay County,US
34.4451,-92.1832,Redfield,Arkansas,Jefferson County,US
33.95843,-92.19015,Rison,Arkansas,Cleveland County,US
34.46426,-93.13379,Rockwell,Arkansas,Garland County,US
36.33202,-94.11854,Rogers,Arkansas,Benton County,US
35.27842,-93.13379,Russellville,Arkansas,Pope County,US
36.37118,-91.82265,Salem,Arkansas,Fulton County,US
34.62898,-92.55822,Salem,Arkansas,Saline County,US
35.25064,-91.73625,Searcy,Arkansas,White County,US
34.62009,-92.39543,Shannon Hills,Arkansas,Saline County,US
34.30704,-92.40127,Sheridan,Arkansas,Grant County,US
36.18814,-94.5405,Siloam Springs,Arkansas,Benton County,US
33.36485,-92.72488,Smackover,Arkansas,Union County,US
36.18674,-94.12881,Springdale,Arkansas,Washington County,US
33.3654,-93.49518,Stamps,Arkansas,Lafayette County,US
33.94288,-91.84347,Star City,Arkansas,Lincoln County,US
34.50037,-91.55263,Stuttgart,Arkansas,Arkansas County,US
34.18065,-92.12348,Sulphur Springs,Arkansas,Jefferson County,US
33.44179,-94.03769,Texarkana,Arkansas,Miller County,US
36.17786,-94.23354,Tontitown,Arkansas,Washington County,US
35.67369,-90.50733,Trumann,Arkansas,Poinsett County,US
35.73063,-91.19846,Tuckerman,Arkansas,Jackson County,US
35.43676,-94.34827,Van Buren,Arkansas,Crawford County,US
35.08398,-92.20793,Vilonia,Arkansas,Faulkner County,US
33.35151,-93.29573,Waldo,Arkansas,Columbia County,US
34.89843,-94.09076,Waldron,Arkansas,Scott County,US
36.0684,-90.95595,Walnut Ridge,Arkansas,Lawrence County,US
35.03036,-91.95042,Ward,Arkansas,Lonoke County,US
33.61261,-92.06458,Warren,Arkansas,Bradley County,US
33.14096,-91.99402,West Crossett,Arkansas,Ashley County,US
35.92425,-94.18854,West Fork,Arkansas,Washington County,US
34.55066,-90.64177,West Helena,Arkansas,Phillips County,US
35.14648,-90.18454,West Memphis,Arkansas,Crittenden County,US
34.27399,-92.09098,White Hall,Arkansas,Jefferson County,US
34.60232,-92.21681,Wrightsville,Arkansas,Pulaski County,US
35.22453,-90.78678,Wynne,Arkansas,Cross County,US
36.22618,-92.68489,Yellville,Arkansas,Marion County,US
38.89511,-77.03637,"Washington, D.C.","Washington, D.C.",,US
39.62928,-75.65826,Bear,Delaware,New Castle County,US
39.76622,-75.50936,Bellefonte,Delaware,New Castle County,US
38.53956,-75.05518,Bethany Beach,Delaware,Sussex County,US
38.63567,-75.60993,Blades,Delaware,Sussex County,US
38.74261,-75.60437,Bridgeville,Delaware,Sussex County,US
39.66706,-75.72688,Brookside,Delaware,New Castle County,US
39.11345,-75.54187,Camden,Delaware,Kent County,US
39.21928,-75.58576,Cheswold,Delaware,Kent County,US
39.80067,-75.45964,Claymont,Delaware,New Castle County,US
39.29067,-75.63437,Clayton,Delaware,Kent County,US
39.57789,-75.58881,Delaware City,Delaware,New Castle County,US
38.45651,-75.57715,Delmar,Delaware,Sussex County,US
39.15817,-75.52437,Dover,Delaware,Kent County,US
39.75011,-75.49964,Edgemoor,Delaware,New Castle County,US
39.73928,-75.59798,Elsmere,Delaware,New Castle County,US
39.00845,-75.57798,Felton,Delaware,Kent County,US
38.69011,-75.38547,Georgetown,Delaware,Sussex County,US
39.60483,-75.74521,Glasgow,Delaware,New Castle County,US
39.779,-75.59826,Greenville,Delaware,New Castle County,US
38.92372,-75.5777,Harrington,Delaware,Kent County,US
39.12095,-75.52187,Highland Acres,Delaware,Kent County,US
39.78761,-75.6966,Hockessin,Delaware,New Castle County,US
39.13178,-75.52492,Kent Acres,Delaware,Kent County,US
38.5565,-75.57131,Laurel,Delaware,Sussex County,US
38.77456,-75.13935,Lewes,Delaware,Sussex County,US
38.62011,-75.15074,Long Neck,Delaware,Sussex County,US
39.44956,-75.71632,Middletown,Delaware,New Castle County,US
38.91261,-75.42797,Milford,Delaware,Sussex County,US
38.5915,-75.2913,Millsboro,Delaware,Sussex County,US
38.77761,-75.30991,Milton,Delaware,Sussex County,US
39.66206,-75.56631,New Castle,Delaware,New Castle County,US
39.68372,-75.74966,Newark,Delaware,New Castle County,US
39.71372,-75.60937,Newport,Delaware,New Castle County,US
39.76122,-75.7191,North Star,Delaware,New Castle County,US
39.73095,-75.7041,Pike Creek,Delaware,New Castle County,US
39.73622,-75.69827,Pike Creek Valley,Delaware,New Castle County,US
38.72095,-75.07601,Rehoboth Beach,Delaware,Sussex County,US
39.0265,-75.51076,Riverview,Delaware,Kent County,US
39.13206,-75.53242,Rodney Village,Delaware,Kent County,US
38.64123,-75.61104,Seaford,Delaware,Sussex County,US
38.46039,-75.22074,Selbyville,Delaware,Sussex County,US
39.29983,-75.60465,Smyrna,Delaware,Kent County,US
39.39511,-75.6916,Townsend,Delaware,New Castle County,US
39.74595,-75.54659,Wilmington,Delaware,New Castle County,US
39.68678,-75.58437,Wilmington Manor,Delaware,New Castle County,US
39.11817,-75.55881,Wyoming,Delaware,Kent County,US
29.75163,-82.42483,Alachua,Florida,Alachua County,US
25.81454,-80.22394,Allapattah,Florida,Miami-Dade County,US
28.66111,-81.36562,Altamonte Springs,Florida,Seminole County,US
27.87169,-81.71508,Alturas,Florida,Polk County,US
26.71562,-81.61008,Alva,Florida,Lee County,US
25.96843,-80.21283,Andover,Florida,Miami-Dade County,US
27.53115,-82.73343,Anna Maria,Florida,Manatee County,US
29.72577,-84.98324,Apalachicola,Florida,Franklin County,US
27.77308,-82.40759,Apollo Beach,Florida,Hillsborough County,US
28.67617,-81.51186,Apopka,Florida,Orange County,US
27.21588,-81.85842,Arcadia,Florida,DeSoto County,US
29.52997,-82.519,Archer,Florida,Alachua County,US
30.04913,-81.82149,Asbury Lake,Florida,Clay County,US
28.70972,-81.73285,Astatula,Florida,Lake County,US
29.16248,-81.52535,Astor,Florida,Lake County,US
30.33441,-81.3987,Atlantic Beach,Florida,Duval County,US
26.5909,-80.10088,Atlantis,Florida,Palm Beach County,US
28.0653,-81.78869,Auburndale,Florida,Polk County,US
25.95648,-80.13921,Aventura,Florida,Miami-Dade County,US
27.59587,-81.50619,Avon Park,Florida,Highlands County,US
28.54111,-81.30062,Azalea Park,Florida,Orange County,US
27.83197,-81.5223,Babson Park,Florida,Polk County,US
30.5988,-87.03108,Bagdad,Florida,Santa Rosa County,US
25.89176,-80.12699,Bal Harbour,Florida,Miami-Dade County,US
30.30274,-81.97539,Baldwin,Florida,Duval County,US
27.75947,-82.2612,Balm,Florida,Hillsborough County,US
27.89641,-81.84314,Bartow,Florida,Polk County,US
25.88759,-80.13116,Bay Harbor Islands,Florida,Miami-Dade County,US
28.46806,-81.51618,Bay Hill,Florida,Orange County,US
27.81419,-82.77816,Bay Pines,Florida,Pinellas County,US
28.32667,-82.68343,Bayonet Point,Florida,Pasco County,US
27.42532,-82.59038,Bayshore Gardens,Florida,Manatee County,US
28.20862,-82.75538,Beacon Square,Florida,Pasco County,US
27.28394,-82.48065,Bee Ridge,Florida,Sarasota County,US
26.68451,-80.66756,Belle Glade,Florida,Palm Beach County,US
26.65757,-80.68284,Belle Glade Camp,Florida,Palm Beach County,US
28.45834,-81.35924,Belle Isle,Florida,Orange County,US
27.93585,-82.80621,Belleair,Florida,Pinellas County,US
27.92308,-82.84316,Belleair Beach,Florida,Pinellas County,US
27.92141,-82.81705,Belleair Bluffs,Florida,Pinellas County,US
29.05526,-82.06231,Belleview,Florida,Marion County,US
30.46159,-87.31497,Bellview,Florida,Escambia County,US
28.91692,-82.45815,Beverly Hills,Florida,Citrus County,US
24.59653,-81.66009,Big Coppitt Key,Florida,Monroe County,US
24.66987,-81.35397,Big Pine Key,Florida,Monroe County,US
25.8826,-80.1806,Biscayne Park,Florida,Miami-Dade County,US
28.55472,-81.10645,Bithlo,Florida,Orange County,US
28.91248,-82.48593,Black Diamond,Florida,Citrus County,US
27.89364,-82.24037,Bloomingdale,Florida,Hillsborough County,US
30.44353,-85.0452,Blountstown,Florida,Calhoun County,US
26.34508,-80.14671,Boca Del Mar,Florida,Palm Beach County,US
26.33313,-80.15949,Boca Pointe,Florida,Palm Beach County,US
26.35869,-80.0831,Boca Raton,Florida,Palm Beach County,US
26.70563,-82.15898,Bokeelia,Florida,Lee County,US
30.79186,-85.67965,Bonifay,Florida,Holmes County,US
26.33981,-81.7787,Bonita Springs,Florida,Lee County,US
27.63837,-81.82397,Bowling Green,Florida,Hardee County,US
27.81753,-82.22259,Boyette,Florida,Hillsborough County,US
26.52535,-80.06643,Boynton Beach,Florida,Palm Beach County,US
27.49893,-82.57482,Bradenton,Florida,Manatee County,US
27.46698,-82.70399,Bradenton Beach,Florida,Manatee County,US
27.9378,-82.28592,Brandon,Florida,Hillsborough County,US
30.46881,-87.23608,Brent,Florida,Escambia County,US
30.43247,-84.97702,Bristol,Florida,Liberty County,US
26.09953,-80.20866,Broadview Park,Florida,Broward County,US
29.44774,-82.64233,Bronson,Florida,Levy County,US
28.5511,-82.49204,Brookridge,Florida,Hernando County,US
28.55527,-82.38787,Brooksville,Florida,Hernando County,US
26.12564,-80.19338,Broward Estates,Florida,Broward County,US
25.82176,-80.24116,Brownsville,Florida,Miami-Dade County,US
27.13033,-80.89367,Buckhead Ridge,Florida,Glades County,US
26.67507,-81.73203,Buckingham,Florida,Lee County,US
28.33584,-81.35313,Buenaventura Lakes,Florida,Osceola County,US
25.92065,-80.23699,Bunche Park,Florida,Miami-Dade County,US
29.46609,-81.25784,Bunnell,Florida,Flagler County,US
26.76507,-82.05092,Burnt Store Marina,Florida,Lee County,US
28.66499,-82.11286,Bushnell,Florida,Sumter County,US
29.7983,-81.26701,Butler Beach,Florida,Saint Johns County,US
30.56218,-81.83066,Callahan,Florida,Nassau County,US
30.15298,-85.56993,Callaway,Florida,Bay County,US
28.2589,-81.45646,Campbell,Florida,Osceola County,US
30.60853,-87.33998,Cantonment,Florida,Escambia County,US
28.40584,-80.60477,Cape Canaveral,Florida,Brevard County,US
26.56285,-81.94953,Cape Coral,Florida,Lee County,US
25.94065,-80.2456,Carol City,Florida,Miami-Dade County,US
29.85326,-84.66435,Carrabelle,Florida,Franklin County,US
28.05002,-82.49287,Carrollwood,Florida,Hillsborough County,US
28.06752,-82.52093,Carrollwood Village,Florida,Hillsborough County,US
25.98842,-80.19227,Carver Ranches,Florida,Broward County,US
28.67778,-81.32785,Casselberry,Florida,Seminole County,US
30.17103,-85.6252,Cedar Grove,Florida,Bay County,US
28.32529,-81.53313,Celebration,Florida,Osceola County,US
30.97324,-87.26386,Century,Florida,Escambia County,US
26.95839,-82.06703,Charlotte Harbor,Florida,Charlotte County,US
26.91006,-82.05398,Charlotte Park,Florida,Charlotte County,US
30.70519,-84.84298,Chattahoochee,Florida,Gadsden County,US
28.14862,-82.51454,Cheval,Florida,Hillsborough County,US
29.47496,-82.85984,Chiefland,Florida,Levy County,US
30.78186,-85.53854,Chipley,Florida,Washington County,US
28.53639,-81.01756,Christmas,Florida,Orange County,US
28.64194,-81.1234,Chuluota,Florida,Seminole County,US
29.41192,-82.10982,Citra,Florida,Marion County,US
28.88831,-82.4326,Citrus Hills,Florida,Citrus County,US
28.07835,-82.56982,Citrus Park,Florida,Hillsborough County,US
28.33385,-81.64232,Citrus Ridge,Florida,Polk County,US
28.99748,-82.47065,Citrus Springs,Florida,Citrus County,US
28.61278,-81.49868,Clarcona,Florida,Orange County,US
27.96585,-82.8001,Clearwater,Florida,Pinellas County,US
28.54944,-81.77285,Clermont,Florida,Lake County,US
26.75423,-80.93368,Clewiston,Florida,Hendry County,US
26.96173,-81.98398,Cleveland,Florida,Charlotte County,US
28.38612,-80.742,Cocoa,Florida,Brevard County,US
28.32001,-80.60755,Cocoa Beach,Florida,Brevard County,US
26.25175,-80.17894,Coconut Creek,Florida,Broward County,US
25.7126,-80.25699,Coconut Grove,Florida,Miami-Dade County,US
28.05835,-81.90536,Combee Settlement,Florida,Polk County,US
28.50278,-81.33062,Conway,Florida,Orange County,US
26.05731,-80.27172,Cooper City,Florida,Broward County,US
25.72149,-80.26838,Coral Gables,Florida,Miami-Dade County,US
26.27119,-80.2706,Coral Springs,Florida,Broward County,US
25.74593,-80.3045,Coral Terrace,Florida,Miami-Dade County,US
27.46921,-82.68621,Cortez,Florida,Manatee County,US
25.63399,-80.43228,Country Walk,Florida,Miami-Dade County,US
25.94815,-80.317,Country Club,Florida,Miami-Dade County,US
30.17604,-84.37518,Crawfordville,Florida,Wakulla County,US
29.43025,-81.51063,Crescent City,Florida,Putnam County,US
30.76213,-86.57051,Crestview,Florida,Okaloosa County,US
27.82919,-81.58397,Crooked Lake Park,Florida,Polk County,US
29.63465,-83.12694,Cross City,Florida,Dixie County,US
28.03558,-81.90841,Crystal Lake,Florida,Polk County,US
28.90248,-82.5926,Crystal River,Florida,Citrus County,US
28.1814,-82.15758,Crystal Springs,Florida,Pasco County,US
24.67153,-81.49842,Cudjoe Key,Florida,Monroe County,US
25.6151,-80.31061,Cutler,Florida,Miami-Dade County,US
25.58066,-80.34672,Cutler Ridge,Florida,Miami-Dade County,US
27.99391,-81.69008,Cypress Gardens,Florida,Polk County,US
26.53813,-81.89925,Cypress Lake,Florida,Lee County,US
27.25199,-80.81395,Cypress Quarters,Florida,Okeechobee County,US
28.36472,-82.19592,Dade City,Florida,Pasco County,US
26.05231,-80.14393,Dania Beach,Florida,Broward County,US
28.1614,-81.60174,Davenport,Florida,Polk County,US
26.06287,-80.2331,Davie,Florida,Broward County,US
29.21081,-81.02283,Daytona Beach,Florida,Volusia County,US
29.17609,-80.98283,Daytona Beach Shores,Florida,Volusia County,US
30.72102,-86.11522,DeFuniak Springs,Florida,Walton County,US
29.02832,-81.30312,DeLand,Florida,Volusia County,US
29.11989,-81.35286,De Leon Springs,Florida,Volusia County,US
28.88305,-81.30868,DeBary,Florida,Volusia County,US
26.31841,-80.09977,Deerfield Beach,Florida,Broward County,US
26.46146,-80.07282,Delray Beach,Florida,Palm Beach County,US
28.90054,-81.26367,Deltona,Florida,Volusia County,US
27.37143,-82.48982,Desoto Lakes,Florida,Sarasota County,US
30.39353,-86.49578,Destin,Florida,Okaloosa County,US
28.44945,-81.49229,Doctor Phillips,Florida,Orange County,US
25.81954,-80.35533,Doral,Florida,Miami-Dade County,US
27.99419,-82.21953,Dover,Florida,Hillsborough County,US
28.02252,-81.61924,Dundee,Florida,Polk County,US
28.01974,-82.77177,Dunedin,Florida,Pinellas County,US
29.04914,-82.46093,Dunnellon,Florida,Marion County,US
27.97836,-81.75647,Eagle Lake,Florida,Polk County,US
28.11085,-82.69482,East Lake,Florida,Pinellas County,US
30.61519,-87.02163,East Milton,Florida,Santa Rosa County,US
29.6583,-81.59841,East Palatka,Florida,Putnam County,US
30.42881,-87.17997,East Pensacola Heights,Florida,Escambia County,US
25.60872,-80.33894,East Perrine,Florida,Miami-Dade County,US
29.7366,-84.87852,Eastpoint,Florida,Franklin County,US
28.61472,-81.38062,Eatonville,Florida,Orange County,US
28.98888,-80.90228,Edgewater,Florida,Volusia County,US
28.48612,-81.37229,Edgewood,Florida,Orange County,US
30.46298,-86.5394,Eglin Village,Florida,Okaloosa County,US
28.01769,-82.50619,Egypt Lake-Leto,Florida,Hillsborough County,US
25.85537,-80.1931,El Portal,Florida,Miami-Dade County,US
28.21668,-82.72232,Elfers,Florida,Pasco County,US
27.52171,-82.5276,Ellenton,Florida,Manatee County,US
26.96201,-82.3526,Englewood,Florida,Sarasota County,US
30.51881,-87.27275,Ensley,Florida,Escambia County,US
26.43814,-81.80675,Estero,Florida,Lee County,US
28.85277,-81.68535,Eustis,Florida,Lake County,US
28.59111,-81.39424,Fairview Shores,Florida,Orange County,US
27.90974,-82.65704,Feather Sound,Florida,Pinellas County,US
27.76781,-80.60144,Fellsmere,Florida,Indian River County,US
28.64916,-81.35118,Fern Park,Florida,Seminole County,US
30.66968,-81.46259,Fernandina Beach,Florida,Nassau County,US
30.5102,-87.21247,Ferry Pass,Florida,Escambia County,US
27.85058,-82.21092,Fish Hawk,Florida,Hillsborough County,US
30.20912,-82.63735,Five Points,Florida,Columbia County,US
25.76232,-80.31616,Flagami,Florida,Miami-Dade County,US
29.47498,-81.127,Flagler Beach,Florida,Flagler County,US
28.74999,-82.29676,Floral City,Florida,Citrus County,US
25.44789,-80.47922,Florida City,Florida,Miami-Dade County,US
27.58031,-80.38672,Florida Ridge,Florida,Indian River County,US
28.66678,-81.44334,Forest City,Florida,Seminole County,US
26.12231,-80.14338,Fort Lauderdale,Florida,Broward County,US
27.75225,-81.80175,Fort Meade,Florida,Polk County,US
26.62168,-81.84059,Fort Myers,Florida,Lee County,US
26.45202,-81.94814,Fort Myers Beach,Florida,Lee County,US
26.70924,-81.74592,Fort Myers Shores,Florida,Lee County,US
27.44671,-80.32561,Fort Pierce,Florida,Saint Lucie County,US
30.40576,-86.61884,Fort Walton Beach,Florida,Okaloosa County,US
25.77288,-80.34783,Fountainebleau,Florida,Miami-Dade County,US
30.49825,-86.13605,Freeport,Florida,Walton County,US
27.74586,-81.53063,Frostproof,Florida,Polk County,US
30.11107,-81.64176,Fruit Cove,Florida,Saint Johns County,US
28.86138,-81.90647,Fruitland Park,Florida,Lake County,US
27.32977,-82.4576,Fruitville,Florida,Sarasota County,US
27.90919,-81.99814,Fuller Heights,Florida,Polk County,US
28.05419,-81.86064,Fussels Corner,Florida,Polk County,US
29.65163,-82.32483,Gainesville,Florida,Alachua County,US
27.8685,-82.61612,Gandy,Florida,Pinellas County,US
26.57757,-81.75036,Gateway,Florida,Lee County,US
28.73972,-81.11506,Geneva,Florida,Seminole County,US
28.11474,-81.97369,Gibsonia,Florida,Polk County,US
27.85364,-82.38259,Gibsonton,Florida,Hillsborough County,US
27.67531,-80.40922,Gifford,Florida,Indian River County,US
25.83926,-80.2356,Gladeview,Florida,Miami-Dade County,US
29.02582,-80.972,Glencoe,Florida,Volusia County,US
25.7076,-80.32561,Glenvar Heights,Florida,Miami-Dade County,US
26.18787,-81.69509,Golden Gate,Florida,Collier County,US
25.91176,-80.20033,Golden Glades,Florida,Miami-Dade County,US
28.61028,-81.28868,Goldenrod,Florida,Seminole County,US
30.58158,-87.29136,Gonzalez,Florida,Escambia County,US
28.52778,-81.52313,Gotha,Florida,Orange County,US
30.44298,-87.22247,Goulding,Florida,Escambia County,US
25.56261,-80.38228,Goulds,Florida,Miami-Dade County,US
30.95685,-85.5166,Graceville,Florida,Jackson County,US
29.99191,-81.67815,Green Cove Springs,Florida,Clay County,US
26.62368,-80.12532,Greenacres City,Florida,Palm Beach County,US
30.61714,-84.65991,Gretna,Florida,Gadsden County,US
26.91423,-82.32704,Grove City,Florida,Charlotte County,US
28.55805,-81.85119,Groveland,Florida,Lake County,US
30.35714,-87.16386,Gulf Breeze,Florida,Santa Rosa County,US
27.25173,-82.51471,Gulf Gate Estates,Florida,Sarasota County,US
27.74836,-82.70343,Gulfport,Florida,Pinellas County,US
28.11418,-81.61785,Haines City,Florida,Polk County,US
25.9812,-80.14838,Hallandale Beach,Florida,Broward County,US
27.90947,-82.8276,Harbor Bluffs,Florida,Pinellas County,US
26.99089,-82.00231,Harbour Heights,Florida,Charlotte County,US
26.73757,-80.9509,Harlem,Florida,Hendry County,US
26.51619,-81.92787,Harlem Heights,Florida,Lee County,US
30.62381,-84.41463,Havana,Florida,Gadsden County,US
26.69118,-80.12004,Haverhill,Florida,Palm Beach County,US
29.59191,-82.08732,Hawthorne,Florida,Alachua County,US
28.76138,-81.87091,Hawthorne,Florida,Lake County,US
28.76333,-81.37225,Heathrow,Florida,Seminole County,US
28.89998,-82.37454,Hernando,Florida,Citrus County,US
28.46944,-82.65927,Hernando Beach,Florida,Hernando County,US
25.8576,-80.27811,Hialeah,Florida,Miami-Dade County,US
25.8651,-80.3245,Hialeah Gardens,Florida,Miami-Dade County,US
29.82691,-82.59678,High Springs,Florida,Alachua County,US
26.39952,-80.0656,Highland Beach,Florida,Palm Beach County,US
27.9653,-81.87786,Highland City,Florida,Polk County,US
30.20103,-85.62687,Hiland Park,Florida,Bay County,US
28.51972,-82.29926,Hill 'n Dale,Florida,Hernando County,US
30.69107,-81.91733,Hilliard,Florida,Nassau County,US
26.29397,-80.07893,Hillsboro Beach,Florida,Broward County,US
27.0595,-80.13643,Hobe Sound,Florida,Martin County,US
28.49667,-81.38785,Holden Heights,Florida,Orange County,US
28.18779,-82.73955,Holiday,Florida,Pasco County,US
30.44686,-86.90691,Holley,Florida,Santa Rosa County,US
29.24359,-81.03756,Holly Hill,Florida,Volusia County,US
26.0112,-80.14949,Hollywood,Florida,Broward County,US
27.49532,-82.71093,Holmes Beach,Florida,Manatee County,US
25.46872,-80.47756,Homestead,Florida,Miami-Dade County,US
28.78137,-82.6151,Homosassa,Florida,Citrus County,US
28.80359,-82.57593,Homosassa Springs,Florida,Citrus County,US
28.71694,-81.77341,Howie In The Hills,Florida,Lake County,US
28.36445,-82.69343,Hudson,Florida,Pasco County,US
28.36056,-81.42229,Hunters Creek,Florida,Orange County,US
26.56646,-80.05337,Hypoluxo,Florida,Palm Beach County,US
26.41869,-81.4173,Immokalee,Florida,Collier County,US
28.08946,-80.56561,Indialantic,Florida,Brevard County,US
28.1489,-80.58839,Indian Harbour Beach,Florida,Brevard County,US
27.36449,-80.30977,Indian River Estates,Florida,Saint Lucie County,US
27.7167,-80.38422,Indian River Shores,Florida,Indian River County,US
27.8753,-82.85122,Indian Rocks Beach,Florida,Pinellas County,US
27.8628,-82.84844,Indian Shores,Florida,Pinellas County,US
27.02728,-80.48561,Indiantown,Florida,Martin County,US
29.03025,-82.66872,Inglis,Florida,Levy County,US
29.62386,-81.89037,Interlachen,Florida,Putnam County,US
28.83582,-82.33037,Inverness,Florida,Citrus County,US
28.03697,-81.76508,Inwood,Florida,Polk County,US
26.52036,-81.96398,Iona,Florida,Lee County,US
24.9243,-80.62784,Islamorada,Florida,Monroe County,US
25.96231,-80.17671,Ives Estates,Florida,Miami-Dade County,US
30.33218,-81.65565,Jacksonville,Florida,Duval County,US
30.29469,-81.39314,Jacksonville Beach,Florida,Duval County,US
28.01474,-81.77175,Jan-Phyl Village,Florida,Polk County,US
28.29306,-82.6901,Jasmine Estates,Florida,Pasco County,US
30.51827,-82.94819,Jasper,Florida,Hamilton County,US
27.25449,-80.22977,Jensen Beach,Florida,Martin County,US
28.07224,-80.68006,June Park,Florida,Brevard County,US
26.87978,-80.05337,Juno Beach,Florida,Palm Beach County,US
26.93422,-80.09421,Jupiter,Florida,Palm Beach County,US
28.12085,-82.02314,Kathleen,Florida,Polk County,US
25.70816,-80.407,Kendale Lakes,Florida,Miami-Dade County,US
25.67927,-80.31727,Kendall,Florida,Miami-Dade County,US
26.25397,-80.12393,Kendall Green,Florida,Broward County,US
27.81558,-82.7201,Kenneth City,Florida,Pinellas County,US
27.35949,-82.49649,Kensington Park,Florida,Sarasota County,US
25.69371,-80.16282,Key Biscayne,Florida,Miami-Dade County,US
25.08652,-80.44728,Key Largo,Florida,Monroe County,US
24.5557,-81.78259,Key West,Florida,Monroe County,US
28.15585,-82.62121,Keystone,Florida,Hillsborough County,US
29.78608,-82.03149,Keystone Heights,Florida,Clay County,US
26.44535,-80.13977,Kings Point,Florida,Palm Beach County,US
28.30468,-81.41667,Kissimmee,Florida,Osceola County,US
26.76173,-81.43841,LaBelle,Florida,Hendry County,US
28.46583,-82.17203,Lacoochee,Florida,Pasco County,US
28.91749,-81.92286,Lady Lake,Florida,Lake County,US
30.23965,-85.9241,Laguna Beach,Florida,Bay County,US
28.09196,-81.72341,Lake Alfred,Florida,Polk County,US
26.68923,-80.13338,Lake Belvedere Estates,Florida,Palm Beach County,US
30.02274,-82.33956,Lake Butler,Florida,Union County,US
28.50167,-81.54091,Lake Butler,Florida,Orange County,US
30.18968,-82.63929,Lake City,Florida,Columbia County,US
26.64534,-80.07588,Lake Clarke Shores,Florida,Palm Beach County,US
25.97759,-80.1831,Lake Forest,Florida,Broward County,US
28.04446,-81.62785,Lake Hamilton,Florida,Polk County,US
28.98082,-81.23339,Lake Helen,Florida,Volusia County,US
30.44159,-86.56523,Lake Lorraine,Florida,Okaloosa County,US
25.96509,-80.24144,Lake Lucerne,Florida,Miami-Dade County,US
28.07418,-82.47176,Lake Magdalene,Florida,Hillsborough County,US
28.75582,-82.09481,Lake Panasoffkee,Florida,Sumter County,US
26.80034,-80.06643,Lake Park,Florida,Palm Beach County,US
27.2931,-81.36285,Lake Placid,Florida,Highlands County,US
27.29255,-82.4376,Lake Sarasota,Florida,Sarasota County,US
28.75888,-81.31784,Lake Mary,Florida,Seminole County,US
27.90141,-81.58591,Lake Wales,Florida,Polk County,US
26.6159,-80.05699,Lake Worth,Florida,Palm Beach County,US
26.61649,-80.10102,Lake Worth Corridor,Florida,Palm Beach County,US
28.03947,-81.9498,Lakeland,Florida,Polk County,US
27.95975,-81.95008,Lakeland Highlands,Florida,Polk County,US
25.57233,-80.32533,Lakes by the Bay,Florida,Miami-Dade County,US
30.12996,-81.76815,Lakeside,Florida,Clay County,US
27.54309,-80.40227,Lakewood Park,Florida,Saint Lucie County,US
27.48143,-80.37422,Lakewood Park,Florida,Saint Lucie County,US
28.2189,-82.45759,Land O' Lakes,Florida,Pasco County,US
26.58674,-80.05199,Lantana,Florida,Palm Beach County,US
27.90979,-82.78842,Largo,Florida,Pinellas County,US
26.16647,-80.20838,Lauderdale Lakes,Florida,Broward County,US
26.19203,-80.09643,Lauderdale-by-the-Sea,Florida,Broward County,US
26.14036,-80.21338,Lauderhill,Florida,Broward County,US
27.14378,-82.46158,Laurel,Florida,Sarasota County,US
27.82114,-82.67927,Lealman,Florida,Pinellas County,US
28.85165,-82.4876,Lecanto,Florida,Citrus County,US
28.81082,-81.87786,Leesburg,Florida,Lake County,US
26.62535,-81.6248,Lehigh Acres,Florida,Lee County,US
25.49539,-80.42922,Leisure City,Florida,Miami-Dade County,US
26.10065,-81.72842,Lely,Florida,Collier County,US
26.08093,-81.69786,Lely Resort,Florida,Collier County,US
26.27564,-80.08727,Lighthouse Point,Florida,Broward County,US
26.94284,-80.14115,Limestone Creek,Florida,Palm Beach County,US
30.29495,-82.98402,Live Oak,Florida,Suwannee County,US
26.64424,-81.90981,Lochmoor Waterway Estates,Florida,Lee County,US
28.61944,-81.44257,Lockhart,Florida,Orange County,US
27.41254,-82.65899,Longboat Key,Florida,Manatee County,US
28.70305,-81.3384,Longwood,Florida,Seminole County,US
28.24196,-81.56674,Loughman,Florida,Polk County,US
30.14409,-85.75076,Lower Grand Lagoon,Florida,Bay County,US
26.68368,-80.27977,Loxahatchee Groves,Florida,Palm Beach County,US
28.15112,-82.46148,Lutz,Florida,Hillsborough County,US
30.24548,-85.64826,Lynn Haven,Florida,Bay County,US
30.28218,-82.12206,Macclenny,Florida,Baker County,US
27.79808,-82.79732,Madeira Beach,Florida,Pinellas County,US
30.46938,-83.41293,Madison,Florida,Madison County,US
28.62778,-81.36312,Maitland,Florida,Orange County,US
28.00363,-80.56561,Malabar,Florida,Brevard County,US
30.95769,-85.16215,Malone,Florida,Jackson County,US
26.92534,-82.35204,Manasota Key,Florida,Charlotte County,US
29.51302,-82.91429,Manatee Road,Florida,Levy County,US
27.97974,-82.30648,Mango,Florida,Hillsborough County,US
26.76034,-80.07365,Mangonia Park,Florida,Palm Beach County,US
24.71375,-81.09035,Marathon,Florida,Monroe County,US
25.9726,-81.72898,Marco,Florida,Collier County,US
26.24453,-80.20644,Margate,Florida,Broward County,US
30.77436,-85.22687,Marianna,Florida,Jackson County,US
30.40992,-86.66301,Mary Esther,Florida,Okaloosa County,US
28.44167,-82.45704,Masaryktown,Florida,Hernando County,US
28.57833,-81.88675,Mascotte,Florida,Lake County,US
30.053,-83.17486,Mayo,Florida,Lafayette County,US
26.56091,-81.91453,McGregor,Florida,Lee County,US
28.38556,-81.36646,Meadow Woods,Florida,Orange County,US
27.9678,-81.97342,Medulla,Florida,Polk County,US
28.08363,-80.60811,Melbourne,Florida,Brevard County,US
28.06835,-80.56033,Melbourne Beach,Florida,Brevard County,US
26.11342,-80.19338,Melrose Park,Florida,Broward County,US
27.53587,-82.56121,Memphis,Florida,Manatee County,US
28.53917,-80.672,Merritt Island,Florida,Brevard County,US
29.94809,-85.41995,Mexico Beach,Florida,Bay County,US
25.77427,-80.19366,Miami,Florida,Miami-Dade County,US
25.79065,-80.13005,Miami Beach,Florida,Miami-Dade County,US
25.97981,-80.20255,Miami Gardens,Florida,Broward County,US
25.94204,-80.2456,Miami Gardens,Florida,Miami-Dade County,US
25.90871,-80.30866,Miami Lakes,Florida,Miami-Dade County,US
25.86315,-80.19283,Miami Shores,Florida,Miami-Dade County,US
25.82232,-80.2895,Miami Springs,Florida,Miami-Dade County,US
27.88058,-80.50033,Micco,Florida,Brevard County,US
30.49548,-84.45435,Midway,Florida,Gadsden County,US
28.79027,-81.2309,Midway,Florida,Seminole County,US
30.06885,-81.86038,Middleburg,Florida,Clay County,US
30.63241,-87.03969,Milton,Florida,Santa Rosa County,US
28.66527,-80.84478,Mims,Florida,Brevard County,US
28.57444,-81.74619,Minneola,Florida,Lake County,US
25.98731,-80.23227,Miramar,Florida,Broward County,US
30.37437,-86.35856,Miramar Beach,Florida,Walton County,US
30.72408,-87.31414,Molino,Florida,Escambia County,US
30.5452,-83.87016,Monticello,Florida,Jefferson County,US
28.60028,-81.67396,Montverde,Florida,Lake County,US
26.83312,-81.09312,Moore Haven,Florida,Glades County,US
28.80249,-81.64452,Mount Dora,Florida,Lake County,US
28.80805,-81.53313,Mount Plymouth,Florida,Lake County,US
27.8953,-81.97342,Mulberry,Florida,Polk County,US
30.42103,-87.30747,Myrtle Grove,Florida,Escambia County,US
26.14204,-81.79481,Naples,Florida,Collier County,US
26.0887,-81.7262,Naples Manor,Florida,Collier County,US
26.26175,-81.80925,Naples Park,Florida,Collier County,US
25.51816,-80.42283,Naranja,Florida,Miami-Dade County,US
30.40159,-86.86357,Navarre,Florida,Santa Rosa County,US
30.31191,-81.39647,Neptune Beach,Florida,Duval County,US
28.24418,-82.71927,New Port Richey,Florida,Pasco County,US
29.02582,-80.927,New Smyrna Beach,Florida,Volusia County,US
29.64635,-82.6065,Newberry,Florida,Alachua County,US
30.51686,-86.48217,Niceville,Florida,Okaloosa County,US
27.16033,-81.88231,Nocatee,Florida,DeSoto County,US
27.11922,-82.44426,Nokomis,Florida,Sarasota County,US
25.94898,-80.21227,Norland,Florida,Miami-Dade County,US
26.19147,-80.14421,North Andrews Gardens,Florida,Broward County,US
25.84621,-80.15394,North Bay Village,Florida,Miami-Dade County,US
28.57305,-82.40815,North Brooksville,Florida,Hernando County,US
29.04943,-81.29812,North DeLand,Florida,Volusia County,US
26.66729,-81.88009,North Fort Myers,Florida,Lee County,US
25.26734,-80.32339,North Key Largo,Florida,Monroe County,US
26.2173,-80.22588,North Lauderdale,Florida,Broward County,US
25.89009,-80.18671,North Miami,Florida,Miami-Dade County,US
25.93315,-80.16255,North Miami Beach,Florida,Miami-Dade County,US
26.81756,-80.08199,North Palm Beach,Florida,Palm Beach County,US
27.04422,-82.23593,North Port,Florida,Sarasota County,US
27.81614,-82.82066,North Redington Beach,Florida,Pinellas County,US
27.21755,-80.26977,North River Shores,Florida,Martin County,US
27.37393,-82.51843,North Sarasota,Florida,Sarasota County,US
28.86443,-80.8545,Oak Hill,Florida,Volusia County,US
28.47112,-81.42452,Oak Ridge,Florida,Orange County,US
28.555,-81.63313,Oakland,Florida,Orange County,US
26.17231,-80.13199,Oakland Park,Florida,Broward County,US
29.1872,-82.14009,Ocala,Florida,Marion County,US
30.44103,-86.61356,Ocean City,Florida,Okaloosa County,US
26.52702,-80.04837,Ocean Ridge,Florida,Palm Beach County,US
28.56917,-81.54396,Ocoee,Florida,Orange County,US
28.1939,-82.59176,Odessa,Florida,Pasco County,US
25.94843,-80.1506,Ojus,Florida,Miami-Dade County,US
27.24393,-80.82978,Okeechobee,Florida,Okeechobee County,US
28.03418,-82.6651,Oldsmar,Florida,Pinellas County,US
26.71896,-81.7123,Olga,Florida,Lee County,US
25.72677,-80.35533,Olympia Heights,Florida,Miami-Dade County,US
25.90232,-80.25033,Opa-locka,Florida,Miami-Dade County,US
28.94888,-81.29867,Orange City,Florida,Volusia County,US
30.16607,-81.70648,Orange Park,Florida,Clay County,US
26.29286,-81.58842,Orangetree,Florida,Collier County,US
30.37381,-87.09136,Oriole Beach,Florida,Santa Rosa County,US
28.53834,-81.37924,Orlando,Florida,Orange County,US
28.53834,-81.46035,Orlovista,Florida,Orange County,US
29.28581,-81.05589,Ormond Beach,Florida,Volusia County,US
29.34914,-81.06645,Ormond-by-the-Sea,Florida,Volusia County,US
27.19616,-82.49037,Osprey,Florida,Sarasota County,US
28.67,-81.20812,Oviedo,Florida,Seminole County,US
30.59936,-87.16108,Pace,Florida,Santa Rosa County,US
26.82006,-80.66534,Pahokee,Florida,Palm Beach County,US
29.64858,-81.63758,Palatka,Florida,Putnam County,US
26.20619,-80.19171,Palm Aire,Florida,Broward County,US
28.03446,-80.58866,Palm Bay,Florida,Brevard County,US
26.70562,-80.03643,Palm Beach,Florida,Palm Beach County,US
26.82339,-80.13865,Palm Beach Gardens,Florida,Palm Beach County,US
26.77812,-80.0356,Palm Beach Shores,Florida,Palm Beach County,US
27.16783,-80.26616,Palm City,Florida,Martin County,US
29.58497,-81.20784,Palm Coast,Florida,Flagler County,US
28.07807,-82.76371,Palm Harbor,Florida,Pinellas County,US
26.6359,-80.09615,Palm Springs,Florida,Palm Beach County,US
25.9351,-80.33383,Palm Springs North,Florida,Miami-Dade County,US
30.17746,-81.38758,Palm Valley,Florida,Saint Johns County,US
27.52143,-82.57232,Palmetto,Florida,Manatee County,US
25.62177,-80.32477,Palmetto Bay,Florida,Miami-Dade County,US
25.62149,-80.362,Palmetto Estates,Florida,Miami-Dade County,US
26.68646,-81.89648,Palmona Park,Florida,Lee County,US
30.15946,-85.65983,Panama City,Florida,Bay County,US
30.17659,-85.80549,Panama City Beach,Florida,Bay County,US
28.62361,-81.54396,Paradise Heights,Florida,Orange County,US
30.13104,-85.60326,Parker,Florida,Bay County,US
26.31008,-80.23727,Parkland,Florida,Broward County,US
28.14835,-82.34565,Pebble Creek,Florida,Hillsborough County,US
26.2312,-81.80564,Pelican Bay,Florida,Collier County,US
25.98787,-80.17477,Pembroke Park,Florida,Broward County,US
26.00315,-80.22394,Pembroke Pines,Florida,Broward County,US
30.42131,-87.21691,Pensacola,Florida,Escambia County,US
30.11766,-83.58274,Perry,Florida,Taylor County,US
29.23942,-81.46563,Pierson,Florida,Volusia County,US
28.47195,-81.36785,Pine Castle,Florida,Orange County,US
28.55778,-81.4534,Pine Hills,Florida,Orange County,US
26.61369,-82.11815,Pine Island Center,Florida,Lee County,US
26.09481,-80.27394,Pine Island Ridge,Florida,Broward County,US
26.57285,-81.87814,Pine Manor,Florida,Lee County,US
28.93831,-82.47343,Pine Ridge,Florida,Citrus County,US
26.23064,-81.79592,Pine Ridge,Florida,Collier County,US
25.66705,-80.30811,Pinecrest,Florida,Miami-Dade County,US
27.8428,-82.69954,Pinellas Park,Florida,Pinellas County,US
25.86898,-80.21699,Pinewood,Florida,Miami-Dade County,US
27.24144,-81.40702,Placid Lakes,Florida,Highlands County,US
28.01888,-82.11469,Plant City,Florida,Hillsborough County,US
26.13421,-80.23184,Plantation,Florida,Broward County,US
24.97624,-80.55228,Plantation,Florida,Monroe County,US
27.06811,-82.37287,Plantation,Florida,Sarasota County,US
26.70312,-80.13227,Plantation Mobile Home Park,Florida,Palm Beach County,US
28.14029,-81.45841,Poinciana,Florida,Osceola County,US
30.69019,-87.05358,Point Baker,Florida,Santa Rosa County,US
28.18251,-81.82397,Polk City,Florida,Polk County,US
26.23786,-80.12477,Pompano Beach,Florida,Broward County,US
26.28286,-80.10699,Pompano Beach Highlands,Florida,Broward County,US
29.09637,-80.937,Ponce Inlet,Florida,Volusia County,US
30.23969,-81.38564,Ponte Vedra Beach,Florida,Saint Johns County,US
26.97617,-82.09064,Port Charlotte,Florida,Charlotte County,US
26.75645,-81.40508,Port LaBelle,Florida,Hendry County,US
29.13832,-80.99561,Port Orange,Florida,Volusia County,US
28.27168,-82.71955,Port Richey,Florida,Pasco County,US
29.81188,-85.30297,Port Saint Joe,Florida,Gulf County,US
28.47695,-80.78867,Port Saint John,Florida,Brevard County,US
27.29393,-80.35033,Port Saint Lucie,Florida,Saint Lucie County,US
27.14422,-80.2006,Port Salerno,Florida,Martin County,US
30.19659,-85.6966,Pretty Bayou,Florida,Bay County,US
25.53844,-80.40894,Princeton,Florida,Miami-Dade County,US
27.9003,-82.36454,Progress Village,Florida,Hillsborough County,US
26.92978,-82.04537,Punta Gorda,Florida,Charlotte County,US
26.91756,-82.07842,Punta Gorda Isles,Florida,Charlotte County,US
26.48786,-82.01231,Punta Rassa,Florida,Lee County,US
30.58714,-84.58325,Quincy,Florida,Gadsden County,US
27.80864,-82.81121,Redington Beach,Florida,Pinellas County,US
27.82614,-82.82899,Redington Shores,Florida,Pinellas County,US
25.63149,-80.36894,Richmond Heights,Florida,Miami-Dade County,US
25.6105,-80.42971,Richmond West,Florida,Miami-Dade County,US
28.5075,-82.17036,Ridge Manor,Florida,Hernando County,US
27.28727,-82.51315,Ridge Wood Heights,Florida,Sarasota County,US
27.8975,-82.80529,Ridgecrest,Florida,Pinellas County,US
27.31421,-80.34727,River Park,Florida,Saint Lucie County,US
27.86614,-82.32648,Riverview,Florida,Hillsborough County,US
26.77534,-80.0581,Riviera Beach,Florida,Palm Beach County,US
26.15509,-80.17699,Rock Island,Florida,Broward County,US
28.35084,-80.72533,Rockledge,Florida,Brevard County,US
27.83586,-80.49311,Roseland,Florida,Indian River County,US
26.88368,-82.29009,Rotonda,Florida,Charlotte County,US
26.7084,-80.2306,Royal Palm Beach,Florida,Palm Beach County,US
26.68173,-80.12504,Royal Palm Estates,Florida,Palm Beach County,US
27.72086,-82.43315,Ruskin,Florida,Hillsborough County,US
27.99085,-82.69316,Safety Harbor,Florida,Pinellas County,US
29.89469,-81.31452,Saint Augustine,Florida,Saint Johns County,US
29.85053,-81.26535,Saint Augustine Beach,Florida,Saint Johns County,US
29.8108,-81.31035,Saint Augustine Shores,Florida,Saint Johns County,US
28.2489,-81.28118,Saint Cloud,Florida,Osceola County,US
28.05641,-82.72788,Saint George,Florida,Pinellas County,US
26.49758,-82.07843,Saint James City,Florida,Lee County,US
28.33723,-82.25842,Saint Leo,Florida,Pasco County,US
27.72531,-82.74121,Saint Pete Beach,Florida,Pinellas County,US
27.77086,-82.67927,Saint Petersburg,Florida,Pinellas County,US
27.46948,-82.54149,Samoset,Florida,Manatee County,US
28.33611,-82.27453,San Antonio,Florida,Pasco County,US
26.4673,-81.80147,San Carlos Park,Florida,Lee County,US
26.44897,-82.02231,Sanibel,Florida,Lee County,US
28.80055,-81.27312,Sanford,Florida,Seminole County,US
27.33643,-82.53065,Sarasota,Florida,Sarasota County,US
27.30894,-82.47954,Sarasota Springs,Florida,Sarasota County,US
28.17612,-80.59005,Satellite Beach,Florida,Brevard County,US
30.19274,-81.37064,Sawgrass,Florida,Saint Johns County,US
26.71562,-80.11504,Schall Circle,Florida,Palm Beach County,US
25.94148,-80.23199,Scott Lake,Florida,Miami-Dade County,US
30.32103,-86.14161,Seaside,Florida,Walton County,US
27.81641,-80.47061,Sebastian,Florida,Indian River County,US
27.49559,-81.44091,Sebring,Florida,Highlands County,US
27.98363,-82.27565,Seffner,Florida,Hillsborough County,US
27.83975,-82.79121,Seminole,Florida,Pinellas County,US
26.58368,-80.10032,Seminole Manor,Florida,Palm Beach County,US
27.19949,-80.20227,Sewall's Point,Florida,Martin County,US
28.41,-82.54288,Shady Hills,Florida,Pasco County,US
28.43223,-80.76005,Sharpes,Florida,Brevard County,US
27.30199,-82.55149,Siesta Key,Florida,Sarasota County,US
28.84193,-81.79841,Silver Lake,Florida,Lake County,US
29.10442,-82.02064,Silver Springs Shores,Florida,Marion County,US
28.45723,-81.39146,Sky Lake,Florida,Orange County,US
30.70769,-84.92437,Sneads,Florida,Jackson County,US
26.66396,-80.71617,South Bay,Florida,Palm Beach County,US
27.59115,-80.34422,South Beach,Florida,Indian River County,US
27.4631,-82.58176,South Bradenton,Florida,Manatee County,US
28.66194,-81.50952,South Apopka,Florida,Orange County,US
28.53138,-82.40232,South Brooksville,Florida,Hernando County,US
29.16582,-81.0045,South Daytona,Florida,Volusia County,US
27.28644,-82.49676,South Gate Ridge,Florida,Sarasota County,US
27.91697,-82.71288,South Highpoint,Florida,Pinellas County,US
25.7076,-80.29338,South Miami,Florida,Miami-Dade County,US
25.59761,-80.38061,South Miami Heights,Florida,Miami-Dade County,US
26.58896,-80.03865,South Palm Beach,Florida,Palm Beach County,US
27.75503,-82.7376,South Pasadena,Florida,Pinellas County,US
28.20223,-80.6095,South Patrick Shores,Florida,Brevard County,US
27.28616,-82.53288,South Sarasota,Florida,Sarasota County,US
27.05311,-82.42426,South Venice,Florida,Sarasota County,US
28.39306,-81.3834,Southchase,Florida,Orange County,US
27.3081,-82.50982,Southgate,Florida,Sarasota County,US
26.0587,-80.33727,Southwest Ranches,Florida,Broward County,US
28.47688,-82.52546,Spring Hill,Florida,Hernando County,US
30.15326,-85.61132,Springfield,Florida,Bay County,US
29.94413,-82.10983,Starke,Florida,Bradford County,US
29.67106,-83.38764,Steinhatchee,Florida,Taylor County,US
24.56709,-81.73842,Stock Island,Florida,Monroe County,US
27.19755,-80.25283,Stuart,Florida,Martin County,US
28.73221,-82.50621,Sugarmill Woods,Florida,Citrus County,US
27.71809,-82.35176,Sun City Center,Florida,Hillsborough County,US
26.71174,-81.86897,Suncoast Estates,Florida,Lee County,US
25.95065,-80.12282,Sunny Isles Beach,Florida,Miami-Dade County,US
26.13397,-80.1131,Sunrise,Florida,Broward County,US
25.70594,-80.35228,Sunset,Florida,Miami-Dade County,US
26.04592,-80.32894,Sunshine Ranches,Florida,Broward County,US
25.87843,-80.1256,Surfside,Florida,Miami-Dade County,US
25.76343,-80.37311,Sweetwater,Florida,Miami-Dade County,US
28.42973,-81.36507,Taft,Florida,Orange County,US
30.43826,-84.28073,Tallahassee,Florida,Leon County,US
26.21286,-80.24977,Tamarac,Florida,Broward County,US
25.75871,-80.39839,Tamiami,Florida,Miami-Dade County,US
27.94752,-82.45843,Tampa,Florida,Hillsborough County,US
28.45584,-81.4459,Tangelo Park,Florida,Orange County,US
28.76499,-81.63063,Tangerine,Florida,Orange County,US
28.14612,-82.75677,Tarpon Springs,Florida,Pinellas County,US
28.80416,-81.72563,Tavares,Florida,Lake County,US
25.01152,-80.51506,Tavernier,Florida,Monroe County,US
27.21671,-80.7895,Taylor Creek,Florida,Okeechobee County,US
26.28425,-80.12227,Tedder,Florida,Broward County,US
28.0353,-82.38926,Temple Terrace,Florida,Hillsborough County,US
26.96811,-80.12865,Tequesta,Florida,Palm Beach County,US
26.21619,-80.09532,Terra Mar,Florida,Broward County,US
25.67066,-80.40117,The Crossings,Florida,Miami-Dade County,US
25.67149,-80.4445,The Hammocks,Florida,Miami-Dade County,US
27.36171,-82.46898,The Meadows,Florida,Sarasota County,US
28.93408,-81.95994,The Villages,Florida,Sumter County,US
28.06141,-82.30231,Thonotosassa,Florida,Hillsborough County,US
25.64205,-80.39839,Three Lakes,Florida,Miami-Dade County,US
26.47008,-81.79397,Three Oaks,Florida,Lee County,US
26.67479,-81.81508,Tice,Florida,Lee County,US
27.69197,-82.72343,Tierra Verde,Florida,Pinellas County,US
30.37853,-87.05552,Tiger Point,Florida,Santa Rosa County,US
28.47028,-82.60316,Timber Pines,Florida,Hernando County,US
28.61222,-80.80755,Titusville,Florida,Brevard County,US
28.01057,-82.57732,Town 'n' Country,Florida,Hillsborough County,US
27.76919,-82.76899,Treasure Island,Florida,Pinellas County,US
29.61329,-82.81762,Trenton,Florida,Gilchrist County,US
26.18092,-80.16005,Twin Lakes,Florida,Broward County,US
28.92943,-81.66563,Umatilla,Florida,Lake County,US
28.56806,-81.28618,Union Park,Florida,Orange County,US
25.74649,-80.36755,University Park,Florida,Miami-Dade County,US
30.16326,-85.74076,Upper Grand Lagoon,Florida,Bay County,US
30.50853,-86.50273,Valparaiso,Florida,Okaloosa County,US
27.93789,-82.23644,Valrico,Florida,Hillsborough County,US
27.222,-82.49787,Vamo,Florida,Sarasota County,US
27.09978,-82.45426,Venice,Florida,Sarasota County,US
27.07311,-82.4076,Venice Gardens,Florida,Sarasota County,US
27.63864,-80.39727,Vero Beach,Florida,Indian River County,US
26.4623,-80.15282,Villages of Oriole,Florida,Palm Beach County,US
29.93858,-81.30202,Villano Beach,Florida,Saint Johns County,US
26.22787,-81.70925,Vineyards,Florida,Collier County,US
25.81038,-80.30227,Virginia Gardens,Florida,Miami-Dade County,US
27.76475,-80.39894,Wabasso Beach,Florida,Indian River County,US
27.9528,-81.72702,Wahneta,Florida,Polk County,US
29.78969,-82.16732,Waldo,Florida,Alachua County,US
30.67741,-87.17997,Wallace,Florida,Santa Rosa County,US
27.05978,-82.26009,Warm Mineral Springs,Florida,Sarasota County,US
30.38409,-87.27497,Warrington,Florida,Escambia County,US
26.13259,-80.18116,Washington Park,Florida,Broward County,US
30.19245,-82.61457,Watertown,Florida,Columbia County,US
27.54726,-81.81147,Wauchula,Florida,Hardee County,US
28.48778,-81.07729,Wedgefield,Florida,Orange County,US
28.53361,-82.62954,Weeki Wachee Gardens,Florida,Hernando County,US
28.69861,-81.42563,Wekiwa Springs,Florida,Seminole County,US
30.23106,-82.81957,Wellborn,Florida,Suwannee County,US
26.65868,-80.24144,Wellington,Florida,Palm Beach County,US
28.23973,-82.32787,Wesley Chapel,Florida,Pasco County,US
27.50254,-82.61399,West Bradenton,Florida,Manatee County,US
28.05502,-82.60982,Westchase,Florida,Hillsborough County,US
29.01582,-81.33312,West DeLand,Florida,Volusia County,US
25.85704,-80.23699,West Little River,Florida,Miami-Dade County,US
28.07168,-80.65339,West Melbourne,Florida,Brevard County,US
25.76343,-80.29616,West Miami,Florida,Miami-Dade County,US
26.71534,-80.05337,West Palm Beach,Florida,Palm Beach County,US
25.98454,-80.19894,West Park,Florida,Broward County,US
30.42659,-87.27969,West Pensacola,Florida,Escambia County,US
25.60594,-80.36283,West Perrine,Florida,Miami-Dade County,US
27.46948,-82.55676,West Samoset,Florida,Manatee County,US
27.63775,-80.48576,West Vero Corridor,Florida,Indian River County,US
27.81993,-82.68944,West and East Lealman,Florida,Pinellas County,US
25.75482,-80.32727,Westchester,Florida,Miami-Dade County,US
26.10037,-80.39977,Weston,Florida,Broward County,US
25.88204,-80.24199,Westview,Florida,Miami-Dade County,US
25.72927,-80.37283,Westwood Lake,Florida,Miami-Dade County,US
30.1127,-85.20047,Wewahitchka,Florida,Gulf County,US
26.57258,-81.89009,Whiskey Creek,Florida,Lee County,US
27.37393,-80.33394,White City,Florida,Saint Lucie County,US
27.41171,-82.56593,Whitfield,Florida,Manatee County,US
28.86526,-82.03897,Wildwood,Florida,Sumter County,US
28.41445,-81.44285,Williamsburg,Florida,Orange County,US
29.38747,-82.44677,Williston,Florida,Levy County,US
29.34052,-82.5415,Williston Highlands,Florida,Levy County,US
27.91614,-82.01786,Willow Oak,Florida,Polk County,US
26.16036,-80.13893,Wilton Manors,Florida,Broward County,US
27.71253,-82.29898,Wimauma,Florida,Hillsborough County,US
28.49556,-81.5348,Windermere,Florida,Orange County,US
28.03169,-82.01481,Winston,Florida,Polk County,US
27.7192,-80.42061,Winter Beach,Florida,Indian River County,US
28.56528,-81.58618,Winter Garden,Florida,Orange County,US
28.02224,-81.73286,Winter Haven,Florida,Polk County,US
28.6,-81.33924,Winter Park,Florida,Orange County,US
28.69889,-81.30812,Winter Springs,Florida,Seminole County,US
30.38825,-86.9908,Woodlawn Beach,Florida,Santa Rosa County,US
30.31409,-84.2474,Woodville,Florida,Leon County,US
30.45575,-86.63829,Wright,Florida,Okaloosa County,US
28.7386,-81.80869,Yalaha,Florida,Lake County,US
30.36436,-85.43826,Youngstown,Florida,Bay County,US
30.6319,-81.60649,Yulee,Florida,Nassau County,US
28.73111,-81.60118,Zellwood,Florida,Orange County,US
28.23362,-82.18119,Zephyrhills,Florida,Pasco County,US
27.49337,-81.79592,Zolfo Springs,Florida,Hardee County,US
31.99212,-83.30682,Abbeville,Georgia,Wilcox County,US
34.06635,-84.67837,Acworth,Georgia,Cobb County,US
34.3687,-84.93411,Adairsville,Georgia,Bartow County,US
31.13727,-83.42408,Adel,Georgia,Cook County,US
32.14712,-82.77792,Alamo,Georgia,Wheeler County,US
31.57851,-84.15574,Albany,Georgia,Dougherty County,US
31.53937,-82.46236,Alma,Georgia,Bacon County,US
34.07538,-84.29409,Alpharetta,Georgia,Fulton County,US
34.46732,-83.57378,Alto,Georgia,Banks County,US
32.07239,-84.23269,Americus,Georgia,Sumter County,US
33.54608,-82.3173,Appling,Georgia,Columbia County,US
34.04565,-85.05606,Aragon,Georgia,Polk County,US
34.07789,-83.56155,Arcade,Georgia,Jackson County,US
31.4399,-84.72492,Arlington,Georgia,Calhoun County,US
31.70601,-83.65322,Ashburn,Georgia,Turner County,US
33.96095,-83.37794,Athens,Georgia,Clarke County,US
33.749,-84.38798,Atlanta,Georgia,Fulton County,US
34.01372,-83.82768,Auburn,Georgia,Barrow County,US
33.47097,-81.97484,Augusta,Georgia,Richmond County,US
33.81261,-84.63438,Austell,Georgia,Cobb County,US
33.77149,-84.26714,Avondale Estates,Georgia,DeKalb County,US
30.9038,-84.57547,Bainbridge,Georgia,Decatur County,US
34.49177,-83.53739,Baldwin,Georgia,Habersham County,US
34.33815,-84.37659,Ball Ground,Georgia,Cherokee County,US
33.05457,-84.15575,Barnesville,Georgia,Lamar County,US
31.77825,-82.34846,Baxley,Georgia,Appling County,US
33.75483,-84.26742,Belvedere Park,Georgia,DeKalb County,US
33.98371,-84.18658,Berkeley Lake,Georgia,Gwinnett County,US
31.30605,-82.24207,Blackshear,Georgia,Pierce County,US
34.8762,-83.95824,Blairsville,Georgia,Union County,US
31.37768,-84.93409,Blakely,Georgia,Early County,US
32.13242,-81.299,Bloomingdale,Georgia,Chatham County,US
34.86397,-84.32409,Blue Ridge,Georgia,Fannin County,US
33.94928,-83.53461,Bogart,Georgia,Oconee County,US
33.46567,-84.33659,Bonanza,Georgia,Clayton County,US
30.79186,-83.78989,Boston,Georgia,Thomas County,US
33.53789,-85.25328,Bowdon,Georgia,Carroll County,US
34.10927,-83.76267,Braselton,Georgia,Jackson County,US
33.72122,-85.1455,Bremen,Georgia,Haralson County,US
32.37963,-81.66317,Brooklet,Georgia,Bulloch County,US
31.62519,-82.88681,Broxton,Georgia,Coffee County,US
31.14995,-81.49149,Brunswick,Georgia,Glynn County,US
33.8026,-85.18856,Buchanan,Georgia,Haralson County,US
32.31904,-84.51714,Buena Vista,Georgia,Marion County,US
34.12066,-84.00435,Buford,Georgia,Gwinnett County,US
32.55709,-84.23825,Butler,Georgia,Taylor County,US
32.65376,-83.75963,Byron,Georgia,Peach County,US
30.87751,-84.20214,Cairo,Georgia,Grady County,US
34.50259,-84.95105,Calhoun,Georgia,Gordon County,US
31.23129,-84.21046,Camilla,Georgia,Mitchell County,US
34.23676,-84.49076,Canton,Georgia,Cherokee County,US
34.36983,-83.23516,Carnesville,Georgia,Franklin County,US
33.58011,-85.07661,Carrollton,Georgia,Carroll County,US
34.16533,-84.80231,Cartersville,Georgia,Bartow County,US
34.1076,-85.33634,Cave Spring,Georgia,Floyd County,US
34.05371,-85.25495,Cedartown,Georgia,Polk County,US
32.63014,-83.68963,Centerville,Georgia,Houston County,US
33.89205,-84.29881,Chamblee,Georgia,DeKalb County,US
34.76591,-84.76994,Chatsworth,Georgia,Murray County,US
34.93285,-85.35551,Chattanooga Valley,Georgia,Walker County,US
32.39378,-83.15293,Chester,Georgia,Dodge County,US
34.87119,-85.29079,Chickamauga,Georgia,Walker County,US
34.6126,-83.52489,Clarkesville,Georgia,Habersham County,US
33.80955,-84.23964,Clarkston,Georgia,DeKalb County,US
32.16158,-81.904,Claxton,Georgia,Evans County,US
34.87815,-83.40099,Clayton,Georgia,Rabun County,US
34.59704,-83.76324,Cleveland,Georgia,White County,US
32.38683,-83.35461,Cochran,Georgia,Bleckley County,US
33.65344,-84.44937,College Park,Georgia,Fulton County,US
31.17129,-84.73325,Colquitt,Georgia,Miller County,US
32.46098,-84.98771,Columbus,Georgia,Muscogee County,US
34.06372,-83.12543,Comer,Georgia,Madison County,US
34.204,-83.45711,Commerce,Georgia,Jackson County,US
33.64483,-84.32576,Conley,Georgia,Clayton County,US
33.66761,-84.01769,Conyers,Georgia,Rockdale County,US
31.96351,-83.78239,Cordele,Georgia,Crisp County,US
34.51149,-83.52712,Cornelia,Georgia,Habersham County,US
33.98928,-83.4096,Country Club Estates,Georgia,Clarke County,US
31.21273,-81.46427,Country Club Estates,Georgia,Glynn County,US
33.59678,-83.86018,Covington,Georgia,Newton County,US
33.55402,-82.89598,Crawfordville,Georgia,Taliaferro County,US
34.20732,-84.14019,Cumming,Georgia,Forsyth County,US
32.30543,-84.7727,Cusseta,Georgia,Chattahoochee County,US
31.77127,-84.78937,Cuthbert,Georgia,Randolph County,US
33.98872,-83.89796,Dacula,Georgia,Gwinnett County,US
34.53259,-83.98491,Dahlonega,Georgia,Lumpkin County,US
34.7698,-84.97022,Dalton,Georgia,Whitfield County,US
33.92371,-84.84077,Dallas,Georgia,Paulding County,US
34.12428,-83.22126,Danielsville,Georgia,Madison County,US
31.37023,-81.43399,Darien,Georgia,McIntosh County,US
32.97904,-82.60791,Davisboro,Georgia,Washington County,US
31.77382,-84.448,Dawson,Georgia,Terrell County,US
34.42121,-84.11908,Dawsonville,Georgia,Dawson County,US
33.77483,-84.29631,Decatur,Georgia,DeKalb County,US
31.22201,-82.38725,Deenwood,Georgia,Ware County,US
34.5651,-83.54517,Demorest,Georgia,Habersham County,US
31.20245,-81.51677,Dock Junction,Georgia,Glynn County,US
31.04046,-84.87909,Donalsonville,Georgia,Seminole County,US
33.89816,-84.28326,Doraville,Georgia,DeKalb County,US
31.50881,-82.84987,Douglas,Georgia,Coffee County,US
33.7515,-84.74771,Douglasville,Georgia,Douglas County,US
33.78038,-84.33604,Druid Hills,Georgia,DeKalb County,US
32.54044,-82.90375,Dublin,Georgia,Laurens County,US
34.00288,-84.14464,Duluth,Georgia,Gwinnett County,US
33.94621,-84.33465,Dunwoody,Georgia,DeKalb County,US
32.54822,-82.87181,East Dublin,Georgia,Laurens County,US
33.24373,-84.22881,East Griffin,Georgia,Spalding County,US
33.67955,-84.43937,East Point,Georgia,Fulton County,US
33.35067,-84.7766,East Newnan,Georgia,Coweta County,US
32.19767,-83.17765,Eastman,Georgia,Dodge County,US
33.3268,-83.3885,Eatonton,Georgia,Putnam County,US
31.55823,-84.73825,Edison,Georgia,Calhoun County,US
34.11159,-82.86863,Elberton,Georgia,Elbert County,US
32.23821,-84.30908,Ellaville,Georgia,Schley County,US
34.69481,-84.48215,Ellijay,Georgia,Gilmer County,US
34.12704,-84.75549,Emerson,Georgia,Bartow County,US
31.41297,-83.32905,Enigma,Georgia,Berrien County,US
34.14482,-84.933,Euharlee,Georgia,Bartow County,US
33.53375,-82.13067,Evans,Georgia,Columbia County,US
33.26539,-84.28159,Experiment,Georgia,Spalding County,US
33.91649,-84.54465,Fair Oaks,Georgia,Cobb County,US
33.56706,-84.58104,Fairburn,Georgia,Fulton County,US
34.94563,-85.2844,Fairview,Georgia,Walker County,US
33.44873,-84.45493,Fayetteville,Georgia,Fayette County,US
31.71491,-83.25265,Fitzgerald,Georgia,Ben Hill County,US
34.1851,-83.92518,Flowery Branch,Georgia,Hall County,US
30.83095,-82.01131,Folkston,Georgia,Charlton County,US
33.62205,-84.36909,Forest Park,Georgia,Clayton County,US
33.0343,-83.93824,Forsyth,Georgia,Monroe County,US
31.60924,-85.04933,Fort Gaines,Georgia,Clay County,US
34.94896,-85.2569,Fort Oglethorpe,Georgia,Catoosa County,US
32.55376,-83.88741,Fort Valley,Georgia,Peach County,US
33.27762,-85.098,Franklin,Georgia,Heard County,US
34.29788,-83.82407,Gainesville,Georgia,Hall County,US
32.11437,-81.154,Garden City,Georgia,Chatham County,US
31.98326,-81.22733,Georgetown,Georgia,Chatham County,US
31.88461,-85.10743,Georgetown,Georgia,Quitman County,US
33.23348,-82.59541,Gibson,Georgia,Glascock County,US
31.93659,-81.92845,Glennville,Georgia,Tattnall County,US
32.88209,-83.33238,Gordon,Georgia,Wilkinson County,US
33.23484,-84.83577,Grantville,Georgia,Coweta County,US
33.00958,-83.53378,Gray,Georgia,Jones County,US
33.89427,-83.95574,Grayson,Georgia,Gwinnett County,US
33.57568,-83.18238,Greensboro,Georgia,Greene County,US
33.02874,-84.71298,Greenville,Georgia,Meriwether County,US
33.70344,-84.31437,Gresham Park,Georgia,DeKalb County,US
33.24678,-84.26409,Griffin,Georgia,Spalding County,US
33.45042,-82.19818,Grovetown,Georgia,Columbia County,US
34.49177,-83.09654,Gumlog,Georgia,Franklin County,US
32.3363,-81.3915,Guyton,Georgia,Effingham County,US
30.99131,-83.37266,Hahira,Georgia,Lowndes County,US
32.75791,-84.87493,Hamilton,Georgia,Harris County,US
33.38706,-84.28298,Hampton,Georgia,Henry County,US
32.93291,-84.34936,Hannahs Mill,Georgia,Upson County,US
33.66011,-84.4102,Hapeville,Georgia,Fulton County,US
33.0682,-83.22349,Hardwick,Georgia,Baldwin County,US
33.41458,-82.31262,Harlem,Georgia,Columbia County,US
34.35288,-82.93209,Hartwell,Georgia,Hart County,US
32.28377,-83.47212,Hawkinsville,Georgia,Pulaski County,US
31.86963,-82.5943,Hazlehurst,Georgia,Jeff Davis County,US
32.07379,-82.91459,Helena,Georgia,Telfair County,US
33.31403,-82.09679,Hephzibah,Georgia,Richmond County,US
34.94926,-83.75739,Hiawassee,Georgia,Towns County,US
31.84688,-81.59595,Hinesville,Georgia,Liberty County,US
33.87566,-84.76216,Hiram,Georgia,Paulding County,US
33.17318,-84.91494,Hogansville,Georgia,Troup County,US
34.17399,-84.50132,Holly Springs,Georgia,Cherokee County,US
34.33372,-83.49905,Homer,Georgia,Banks County,US
31.0366,-82.74708,Homerville,Georgia,Clinch County,US
34.0965,-83.76128,Hoschton,Georgia,Jackson County,US
33.24262,-83.92074,Indian Springs,Georgia,Butts County,US
34.95785,-85.1644,Indian Springs,Georgia,Catoosa County,US
33.48067,-84.35881,Irondale,Georgia,Clayton County,US
32.81126,-83.17265,Irwinton,Georgia,Wilkinson County,US
31.98188,-81.06094,Isle of Hope,Georgia,Chatham County,US
33.29457,-83.96602,Jackson,Georgia,Butts County,US
34.46787,-84.42909,Jasper,Georgia,Pickens County,US
34.11705,-83.57239,Jefferson,Georgia,Jackson County,US
33.4493,-83.31155,Jefferson,Georgia,Putnam County,US
32.68765,-83.34656,Jeffersonville,Georgia,Twiggs County,US
31.60785,-81.88634,Jesup,Georgia,Wayne County,US
33.5215,-84.35381,Jonesboro,Georgia,Clayton County,US
34.02343,-84.61549,Kennesaw,Georgia,Cobb County,US
30.79996,-81.68983,Kingsland,Georgia,Camden County,US
32.72431,-83.99769,Knoxville,Georgia,Crawford County,US
33.03929,-85.03133,La Grange,Georgia,Troup County,US
34.7048,-85.2819,LaFayette,Georgia,Walker County,US
33.6065,-84.3352,Lake City,Georgia,Clayton County,US
31.04104,-83.07515,Lakeland,Georgia,Lanier County,US
34.97924,-85.25884,Lakeview,Georgia,Catoosa County,US
33.70678,-84.03158,Lakeview Estates,Georgia,Rockdale County,US
34.43594,-83.10682,Lavonia,Georgia,Franklin County,US
33.95621,-83.98796,Lawrenceville,Georgia,Gwinnett County,US
31.73212,-84.17074,Leesburg,Georgia,Lee County,US
33.86984,-83.11182,Lexington,Georgia,Oglethorpe County,US
33.8901,-84.14297,Lilburn,Georgia,Gwinnett County,US
33.79235,-82.47902,Lincolnton,Georgia,Lincoln County,US
34.18676,-85.17467,Lindale,Georgia,Floyd County,US
33.794,-84.66049,Lithia Springs,Georgia,Douglas County,US
33.71233,-84.10519,Lithonia,Georgia,DeKalb County,US
33.34595,-84.10908,Locust Grove,Georgia,Henry County,US
33.839,-83.90074,Loganville,Georgia,Walton County,US
34.97758,-85.35774,Lookout Mountain,Georgia,Walker County,US
33.00154,-82.41124,Louisville,Georgia,Jefferson County,US
33.43622,-84.31437,Lovejoy,Georgia,Clayton County,US
31.70799,-81.74234,Ludowici,Georgia,Long County,US
34.3876,-83.66629,Lula,Georgia,Hall County,US
31.92935,-82.67958,Lumber City,Georgia,Telfair County,US
32.05099,-84.79909,Lumpkin,Georgia,Stewart County,US
32.20435,-82.32179,Lyons,Georgia,Toombs County,US
33.81872,-84.58243,Mableton,Georgia,Cobb County,US
32.84069,-83.6324,Macon,Georgia,Bibb County,US
33.59568,-83.46794,Madison,Georgia,Morgan County,US
32.85985,-84.61993,Manchester,Georgia,Meriwether County,US
33.9526,-84.54993,Marietta,Georgia,Cobb County,US
32.45626,-83.94019,Marshallville,Georgia,Macon County,US
33.51736,-82.07567,Martinez,Georgia,Columbia County,US
34.25288,-83.56155,Maysville,Georgia,Banks County,US
34.98619,-84.37131,McCaysville,Georgia,Fannin County,US
33.44734,-84.14686,McDonough,Georgia,Henry County,US
32.06795,-82.9007,McRae,Georgia,Telfair County,US
31.07241,-84.08907,Meigs,Georgia,Thomas County,US
32.39712,-82.06012,Metter,Georgia,Candler County,US
31.80577,-81.43066,Midway,Georgia,Liberty County,US
33.08014,-83.2321,Milledgeville,Georgia,Baldwin County,US
32.80405,-81.94928,Millen,Georgia,Jenkins County,US
33.79484,-83.71323,Monroe,Georgia,Walton County,US
32.30516,-84.02741,Montezuma,Georgia,Macon County,US
31.94049,-81.12205,Montgomery,Georgia,Chatham County,US
33.30485,-83.68323,Monticello,Georgia,Jasper County,US
31.53767,-84.59936,Morgan,Georgia,Calhoun County,US
33.58317,-84.33937,Morrow,Georgia,Clayton County,US
34.51871,-83.50073,Mount Airy,Georgia,Habersham County,US
31.17991,-83.78906,Moultrie,Georgia,Colquitt County,US
32.17851,-82.59458,Mount Vernon,Georgia,Montgomery County,US
33.63428,-85.18717,Mount Zion,Georgia,Carroll County,US
33.36125,-83.00765,Mount Zion,Georgia,Hancock County,US
34.91815,-83.38544,Mountain City,Georgia,Rabun County,US
33.84427,-84.12936,Mountain Park,Georgia,Gwinnett County,US
31.20439,-81.98123,Nahunta,Georgia,Brantley County,US
31.20742,-83.25015,Nashville,Georgia,Berrien County,US
34.38204,-84.37103,Nelson,Georgia,Pickens County,US
33.38067,-84.79966,Newnan,Georgia,Coweta County,US
31.31296,-84.33574,Newton,Georgia,Baker County,US
31.51742,-82.63486,Nicholls,Georgia,Coffee County,US
34.114,-83.43155,Nicholson,Georgia,Jackson County,US
33.94121,-84.21353,Norcross,Georgia,Gwinnett County,US
33.8651,-84.33659,North Atlanta,Georgia,DeKalb County,US
33.79038,-84.30603,North Decatur,Georgia,DeKalb County,US
33.81677,-84.31326,North Druid Hills,Georgia,DeKalb County,US
34.2276,-83.88435,Oakwood,Georgia,Hall County,US
33.54817,-83.97435,Oakwood,Georgia,Newton County,US
31.59447,-83.2513,Ocilla,Georgia,Irwin County,US
32.29377,-84.06102,Oglethorpe,Georgia,Macon County,US
31.34102,-83.5935,Omega,Georgia,Tift County,US
33.619,-83.86741,Oxford,Georgia,Newton County,US
33.51789,-84.66965,Palmetto,Georgia,Fulton County,US
33.70733,-84.27187,Panthersville,Georgia,DeKalb County,US
33.39678,-84.59576,Peachtree City,Georgia,Fayette County,US
31.2977,-82.85237,Pearson,Georgia,Atkinson County,US
31.12802,-84.15304,Pelham,Georgia,Mitchell County,US
32.13634,-81.62348,Pembroke,Georgia,Bryan County,US
32.45821,-83.73157,Perry,Georgia,Houston County,US
33.67594,-84.11492,Pine Mountain,Georgia,DeKalb County,US
32.86485,-84.8541,Pine Mountain,Georgia,Harris County,US
32.11548,-81.24706,Pooler,Georgia,Chatham County,US
32.14909,-81.16317,Port Wentworth,Georgia,Chatham County,US
33.57511,-83.8938,Porterdale,Georgia,Newton County,US
33.85955,-84.68382,Powder Springs,Georgia,Cobb County,US
32.06599,-84.53742,Preston,Georgia,Webster County,US
31.47018,-84.11768,Putney,Georgia,Dougherty County,US
30.78492,-83.55988,Quitman,Georgia,Brooks County,US
34.44954,-83.59434,Raoul,Georgia,Habersham County,US
31.07464,-83.19932,Ray City,Georgia,Berrien County,US
33.74538,-84.13158,Redan,Georgia,DeKalb County,US
34.44594,-82.92487,Reed Creek,Georgia,Hart County,US
32.08686,-82.1179,Reidsville,Georgia,Tattnall County,US
30.84409,-83.31043,Remerton,Georgia,Lowndes County,US
32.55987,-84.0963,Reynolds,Georgia,Taylor County,US
32.08793,-84.66742,Richland,Georgia,Stewart County,US
31.93827,-81.30344,Richmond Hill,Georgia,Bryan County,US
32.29603,-81.23539,Rincon,Georgia,Effingham County,US
34.91591,-85.10912,Ringgold,Georgia,Catoosa County,US
33.57261,-84.41326,Riverdale,Georgia,Clayton County,US
32.72181,-84.01324,Roberta,Georgia,Crawford County,US
31.95101,-83.45627,Rochelle,Georgia,Wilcox County,US
34.0026,-85.04161,Rockmart,Georgia,Polk County,US
34.25704,-85.16467,Rome,Georgia,Floyd County,US
34.02316,-84.36159,Roswell,Georgia,Fulton County,US
34.98313,-85.28607,Rossville,Georgia,Walker County,US
34.28705,-83.11015,Royston,Georgia,Hart County,US
33.97872,-83.70017,Russell,Georgia,Barrow County,US
34.33537,-84.71549,Rydal,Georgia,Bartow County,US
30.73051,-81.54649,St. Marys,Georgia,Camden County,US
31.17079,-81.40732,Saint Simon Mills,Georgia,Glynn County,US
31.15051,-81.36954,Saint Simons Island,Georgia,Glynn County,US
32.98154,-82.81014,Sandersville,Georgia,Washington County,US
33.92427,-84.37854,Sandy Springs,Georgia,Fulton County,US
32.79652,-84.63881,Sardis,Georgia,Talbot County,US
32.08354,-81.09983,Savannah,Georgia,Chatham County,US
33.78983,-84.26409,Scottdale,Georgia,DeKalb County,US
33.30234,-84.55382,Senoia,Georgia,Coweta County,US
34.33676,-85.07134,Shannon,Georgia,Floyd County,US
33.40456,-84.46826,Shannon,Georgia,Fayette County,US
31.75628,-84.6152,Shellman,Georgia,Randolph County,US
31.93494,-81.04705,Skidaway Island,Georgia,Chatham County,US
33.88399,-84.51438,Smyrna,Georgia,Cobb County,US
33.85733,-84.01991,Snellville,Georgia,Gwinnett County,US
33.65623,-83.71823,Social Circle,Georgia,Walton County,US
32.37712,-82.59236,Soperton,Georgia,Treutlen County,US
31.16686,-83.43738,Sparks,Georgia,Cook County,US
33.08793,-82.73764,Sparks,Georgia,Washington County,US
33.2757,-82.97626,Sparta,Georgia,Hancock County,US
32.37241,-81.3115,Springfield,Georgia,Effingham County,US
30.70327,-83.02764,Statenville,Georgia,Echols County,US
32.44879,-81.78317,Statesboro,Georgia,Bulloch County,US
33.96511,-83.59655,Statham,Georgia,Barrow County,US
33.54428,-84.23381,Stockbridge,Georgia,Henry County,US
33.80816,-84.1702,Stone Mountain,Georgia,DeKalb County,US
34.10649,-84.03352,Sugar Hill,Georgia,Gwinnett County,US
34.48064,-85.34773,Summerville,Georgia,Chattooga County,US
31.23938,-82.34207,Sunnyside,Georgia,Ware County,US
34.05149,-84.0713,Suwanee,Georgia,Gwinnett County,US
32.59739,-82.33374,Swainsboro,Georgia,Emanuel County,US
32.75044,-81.63678,Sylvania,Georgia,Screven County,US
31.53092,-83.83693,Sylvester,Georgia,Worth County,US
32.67764,-84.53937,Talbotton,Georgia,Talbot County,US
33.74455,-85.28801,Tallapoosa,Georgia,Haralson County,US
33.73705,-85.03244,Temple,Georgia,Carroll County,US
32.93599,-82.81153,Tennille,Georgia,Washington County,US
30.83658,-83.97878,Thomasville,Georgia,Thomas County,US
32.88819,-84.32659,Thomaston,Georgia,Upson County,US
33.47069,-82.50457,Thomson,Georgia,McDuffie County,US
32.03354,-81.04983,Thunderbolt,Georgia,Chatham County,US
31.45046,-83.5085,Tifton,Georgia,Tift County,US
34.57732,-83.33239,Toccoa,Georgia,Stephens County,US
34.87202,-85.50913,Trenton,Georgia,Dade County,US
34.54397,-85.31051,Trion,Georgia,Chattooga County,US
33.85455,-84.21714,Tucker,Georgia,DeKalb County,US
32.58294,-82.15512,Twin City,Georgia,Emanuel County,US
32.00022,-80.84567,Tybee Island,Georgia,Chatham County,US
33.47123,-84.59715,Tyrone,Georgia,Fayette County,US
32.26155,-83.73657,Unadilla,Georgia,Dooly County,US
33.58706,-84.54243,Union City,Georgia,Fulton County,US
33.61568,-83.0746,Union Point,Georgia,Greene County,US
31.43491,-83.50961,Unionville,Georgia,Tift County,US
30.83334,-83.28032,Valdosta,Georgia,Lowndes County,US
34.90119,-84.97383,Varnell,Georgia,Whitfield County,US
32.21769,-82.41346,Vidalia,Georgia,Toombs County,US
32.09156,-83.79545,Vienna,Georgia,Dooly County,US
33.73205,-84.91911,Villa Rica,Georgia,Carroll County,US
33.86483,-84.46437,Vinings,Georgia,Cobb County,US
32.86682,-82.40402,Wadley,Georgia,Jefferson County,US
33.74261,-83.8524,Walnut Grove,Georgia,Walton County,US
31.7741,-81.63261,Walthourville,Georgia,Liberty County,US
32.62098,-83.5999,Warner Robins,Georgia,Houston County,US
33.40708,-82.66208,Warrenton,Georgia,Warren County,US
33.73679,-82.73931,Washington,Georgia,Wilkes County,US
33.8629,-83.40877,Watkinsville,Georgia,Oconee County,US
31.21368,-82.3557,Waycross,Georgia,Ware County,US
33.08987,-82.01567,Waynesboro,Georgia,Burke County,US
32.87791,-85.18327,West Point,Georgia,Troup County,US
32.79347,-83.80741,West Point,Georgia,Bibb County,US
32.02882,-81.01678,Whitemarsh Island,Georgia,Chatham County,US
31.34076,-83.04598,Willacoochee,Georgia,Atkinson County,US
32.00355,-80.97372,Wilmington Island,Georgia,Chatham County,US
33.99261,-83.72017,Winder,Georgia,Barrow County,US
33.96706,-83.27821,Winterville,Georgia,Clarke County,US
30.96396,-81.72416,Woodbine,Georgia,Camden County,US
34.10149,-84.51938,Woodstock,Georgia,Cherokee County,US
33.20765,-82.39179,Wrens,Georgia,Jefferson County,US
32.72933,-82.71986,Wrightsville,Georgia,Johnson County,US
33.10235,-84.3427,Zebulon,Georgia,Pike County,US
38.54338,-89.61231,Albers,Illinois,Clinton County,US
38.37755,-88.05615,Albion,Illinois,Edwards County,US
38.58977,-90.12011,Alorton,Illinois,Saint Clair County,US
39.06199,-88.74811,Altamont,Illinois,Effingham County,US
38.8906,-90.18428,Alton,Illinois,Madison County,US
37.46033,-89.24703,Anna,Illinois,Union County,US
39.68476,-88.30644,Arcola,Illinois,Douglas County,US
39.71476,-88.47228,Arthur,Illinois,Douglas County,US
39.88783,-90.00789,Ashland,Illinois,Cass County,US
39.52032,-89.04897,Assumption,Illinois,Christian County,US
39.96088,-89.72399,Athens,Illinois,Menard County,US
39.79948,-88.46228,Atwood,Illinois,Douglas County,US
39.59172,-89.74649,Auburn,Illinois,Sangamon County,US
38.60672,-89.60759,Aviston,Illinois,Clinton County,US
39.69421,-91.03902,Barry,Illinois,Pike County,US
38.6056,-89.43592,Beckemeyer,Illinois,Clinton County,US
39.92198,-88.57201,Bement,Illinois,Piatt County,US
39.09282,-89.80398,Benld,Illinois,Macoupin County,US
37.99672,-88.92007,Benton,Illinois,Franklin County,US
38.90921,-90.04066,Bethalto,Illinois,Madison County,US
39.64559,-88.73813,Bethany,Illinois,Moultrie County,US
38.52005,-89.98399,Belleville,Illinois,Saint Clair County,US
39.70115,-89.12314,Blue Mound,Illinois,Macon County,US
38.6106,-89.52703,Breese,Illinois,Clinton County,US
38.70588,-87.76003,Bridgeport,Illinois,Lawrence County,US
39.03977,-90.14066,Brighton,Illinois,Macoupin County,US
39.04282,-89.95177,Bunker Hill,Illinois,Macoupin County,US
38.57088,-90.19011,Cahokia,Illinois,Saint Clair County,US
37.00533,-89.17646,Cairo,Illinois,Alexander County,US
37.78144,-89.11925,Cambria,Illinois,Williamson County,US
37.72727,-89.21675,Carbondale,Illinois,Jackson County,US
39.27977,-89.88177,Carlinville,Illinois,Macoupin County,US
38.61033,-89.37258,Carlyle,Illinois,Clinton County,US
38.09088,-88.15865,Carmi,Illinois,White County,US
37.68422,-88.63283,Carrier Mills,Illinois,Saline County,US
39.30227,-90.40706,Carrollton,Illinois,Greene County,US
37.76005,-89.0773,Carterville,Illinois,Williamson County,US
39.2992,-87.99253,Casey,Illinois,Clark County,US
38.63672,-90.02566,Caseyville,Illinois,Saint Clair County,US
38.54894,-89.12701,Central City,Illinois,Marion County,US
38.52505,-89.1334,Centralia,Illinois,Marion County,US
38.58338,-90.12511,Centreville,Illinois,Saint Clair County,US
39.89059,-88.72813,Cerro Gordo,Illinois,Piatt County,US
39.49615,-88.17615,Charleston,Illinois,Coles County,US
39.67616,-89.70454,Chatham,Illinois,Sangamon County,US
37.91366,-89.82205,Chester,Illinois,Randolph County,US
39.80365,-87.67364,Chrisman,Illinois,Edgar County,US
37.97255,-89.05341,Christopher,Illinois,Franklin County,US
37.53144,-89.25342,Cobden,Illinois,Union County,US
38.67033,-89.98455,Collinsville,Illinois,Madison County,US
38.44366,-90.20122,Columbia,Illinois,Monroe County,US
37.75199,-89.06785,Crainville,Illinois,Williamson County,US
37.81755,-89.22786,De Soto,Illinois,Jackson County,US
39.84031,-88.9548,Decatur,Illinois,Macon County,US
39.56561,-89.65732,Divernon,Illinois,Sangamon County,US
38.01144,-89.23619,Du Quoin,Illinois,Perry County,US
38.51616,-90.21039,Dupo,Illinois,Saint Clair County,US
38.88033,-90.11122,East Alton,Illinois,Madison County,US
38.6245,-90.15094,East Saint Louis,Illinois,Saint Clair County,US
39.65727,-89.38953,Edinburg,Illinois,Christian County,US
38.81144,-89.95316,Edwardsville,Illinois,Madison County,US
39.12004,-88.54338,Effingham,Illinois,Effingham County,US
37.81366,-88.4381,Eldorado,Illinois,Saline County,US
37.44588,-88.30504,Elizabethtown,Illinois,Hardin County,US
37.77394,-89.02646,Energy,Illinois,Williamson County,US
38.37894,-88.35977,Fairfield,Illinois,Wayne County,US
38.64977,-90.09316,Fairmont City,Illinois,Saint Clair County,US
38.58894,-89.99038,Fairview Heights,Illinois,Saint Clair County,US
38.66894,-88.4856,Flora,Illinois,Clay County,US
39.93254,-88.95119,Forsyth,Illinois,Macon County,US
38.42755,-89.91371,Freeburg,Illinois,Saint Clair County,US
39.97531,-87.63585,Georgetown,Illinois,Vermilion County,US
38.55366,-89.53842,Germantown,Illinois,Clinton County,US
39.12977,-89.81954,Gillespie,Illinois,Macoupin County,US
38.74838,-89.98316,Glen Carbon,Illinois,Madison County,US
39.44644,-89.78093,Girard,Illinois,Macoupin County,US
38.9556,-90.18678,Godfrey,Illinois,Madison County,US
37.36727,-88.48643,Golconda,Illinois,Pope County,US
37.5545,-88.97229,Goreville,Illinois,Johnson County,US
39.81644,-89.61871,Grandview,Illinois,Sangamon County,US
38.70144,-90.14872,Granite City,Illinois,Madison County,US
38.25755,-87.99364,Grayville,Illinois,Edwards County,US
39.34366,-90.21261,Greenfield,Illinois,Greene County,US
39.24782,-88.16337,Greenup,Illinois,Cumberland County,US
38.89227,-89.41314,Greenville,Illinois,Bond County,US
39.70894,-90.72457,Griggsville,Illinois,Pike County,US
39.15671,-90.6179,Hardin,Illinois,Calhoun County,US
37.73838,-88.54061,Harrisburg,Illinois,Saline County,US
39.85393,-89.08397,Harristown,Illinois,Macon County,US
38.83338,-90.09594,Hartford,Illinois,Madison County,US
37.80311,-89.02757,Herrin,Illinois,Williamson County,US
38.73949,-89.6712,Highland,Illinois,Madison County,US
39.16128,-89.4954,Hillsboro,Illinois,Montgomery County,US
38.92199,-89.94066,Holiday Shores,Illinois,Madison County,US
38.15116,-88.90396,Ina,Illinois,Jefferson County,US
39.73394,-90.22901,Jacksonville,Illinois,Morgan County,US
39.76755,-89.68066,Jerome,Illinois,Sangamon County,US
39.12005,-90.32845,Jerseyville,Illinois,Jersey County,US
37.82061,-88.92757,Johnston City,Illinois,Williamson County,US
37.45172,-89.26814,Jonesboro,Illinois,Union County,US
39.58866,-89.41454,Kincaid,Illinois,Christian County,US
38.72921,-87.68169,Lawrenceville,Illinois,Lawrence County,US
38.60394,-89.80732,Lebanon,Illinois,Saint Clair County,US
39.777,-89.67927,Leland Grove,Illinois,Sangamon County,US
39.17533,-89.65426,Litchfield,Illinois,Montgomery County,US
39.81198,-88.84757,Long Creek,Illinois,Macon County,US
38.77227,-88.50255,Louisville,Illinois,Clay County,US
39.71559,-88.63256,Lovington,Illinois,Moultrie County,US
39.71282,-88.99702,Macon,Illinois,Macon County,US
38.68255,-90.15705,Madison,Illinois,Madison County,US
37.73061,-88.93313,Marion,Illinois,Williamson County,US
38.25005,-89.7501,Marissa,Illinois,Saint Clair County,US
39.39143,-87.69364,Marshall,Illinois,Clark County,US
39.33559,-87.88198,Martinsville,Illinois,Clark County,US
38.72366,-89.95593,Maryville,Illinois,Madison County,US
38.49033,-89.79315,Mascoutah,Illinois,Saint Clair County,US
39.48309,-88.37283,Mattoon,Illinois,Coles County,US
38.09338,-88.53561,McLeansboro,Illinois,Hamilton County,US
39.83116,-90.55957,Meredosia,Illinois,Morgan County,US
37.15117,-88.732,Metropolis,Illinois,Massac County,US
38.46144,-90.09178,Millstadt,Illinois,Saint Clair County,US
38.76199,-90.08538,Mitchell,Illinois,Madison County,US
39.42005,-89.45565,Morrisonville,Illinois,Christian County,US
37.08533,-89.16257,Mound City,Illinois,Pulaski County,US
38.41088,-87.76142,Mount Carmel,Illinois,Wabash County,US
39.07227,-89.72731,Mount Olive,Illinois,Macoupin County,US
39.98727,-90.76346,Mount Sterling,Illinois,Brown County,US
38.31727,-88.90312,Mount Vernon,Illinois,Jefferson County,US
39.77143,-88.87424,Mount Zion,Illinois,Macon County,US
39.62476,-89.01897,Moweaqua,Illinois,Shelby County,US
37.7645,-89.33509,Murphysboro,Illinois,Jackson County,US
38.34366,-89.38064,Nashville,Illinois,Washington County,US
39.31948,-88.45283,Neoga,Illinois,Cumberland County,US
38.32644,-89.87705,New Athens,Illinois,Saint Clair County,US
38.53505,-89.70065,New Baden,Illinois,Clinton County,US
39.72533,-89.91066,New Berlin,Illinois,Sangamon County,US
39.30116,-89.28508,Nokomis,Illinois,Montgomery County,US
37.98116,-88.32921,Norris City,Illinois,White County,US
38.59227,-89.91121,O'Fallon,Illinois,Saint Clair County,US
39.00199,-87.90892,Oblong,Illinois,Crawford County,US
38.61727,-89.05229,Odin,Illinois,Marion County,US
38.43422,-89.55037,Okawville,Illinois,Washington County,US
38.73088,-88.08532,Olney,Illinois,Richland County,US
39.00365,-87.6128,Palestine,Illinois,Crawford County,US
39.38893,-89.08008,Pana,Illinois,Christian County,US
39.61115,-87.69614,Paris,Illinois,Edgar County,US
39.59172,-89.58037,Pawnee,Illinois,Sangamon County,US
39.81699,-91.24237,Payson,Illinois,Adams County,US
38.08033,-89.38203,Pinckneyville,Illinois,Perry County,US
39.60783,-90.80513,Pittsfield,Illinois,Pike County,US
38.73172,-90.08038,Pontoon Beach,Illinois,Madison County,US
39.9356,-91.40987,Quincy,Illinois,Adams County,US
39.14449,-89.10868,Ramsey,Illinois,Fayette County,US
39.31949,-89.57204,Raymond,Illinois,Montgomery County,US
38.21172,-89.99427,Red Bud,Illinois,Randolph County,US
39.84422,-89.53954,Riverton,Illinois,Sangamon County,US
39.00532,-87.73919,Robinson,Illinois,Crawford County,US
39.74949,-89.53176,Rochester,Illinois,Sangamon County,US
39.48394,-90.37151,Roodhouse,Illinois,Greene County,US
38.88783,-90.08483,Rosewood Heights,Illinois,Madison County,US
37.42366,-88.34615,Rosiclare,Illinois,Hardin County,US
38.84838,-90.07622,Roxana,Illinois,Madison County,US
37.87699,-89.11452,Royalton,Illinois,Franklin County,US
39.02727,-88.84811,Saint Elmo,Illinois,Fayette County,US
38.71394,-89.76815,Saint Jacob,Illinois,Madison County,US
38.62699,-88.94562,Salem,Illinois,Marion County,US
38.6156,-89.11423,Sandoval,Illinois,Marion County,US
38.09172,-89.05035,Sesser,Illinois,Franklin County,US
37.7131,-88.1867,Shawneetown,Illinois,Gallatin County,US
39.40643,-88.79007,Shelbyville,Illinois,Shelby County,US
39.89366,-89.60482,Sherman,Illinois,Sangamon County,US
38.56144,-89.89732,Shiloh,Illinois,Saint Clair County,US
38.40866,-89.99205,Smithton,Illinois,Saint Clair County,US
39.70866,-90.22818,South Jacksonville,Illinois,Morgan County,US
38.82949,-90.06288,South Roxana,Illinois,Madison County,US
39.75727,-89.65371,Southern View,Illinois,Sangamon County,US
38.12311,-89.70177,Sparta,Illinois,Randolph County,US
39.80172,-89.64371,Springfield,Illinois,Sangamon County,US
39.01227,-89.79121,Staunton,Illinois,Macoupin County,US
38.00727,-89.65843,Steeleville,Illinois,Randolph County,US
39.59948,-88.60784,Sullivan,Illinois,Moultrie County,US
38.71699,-87.86142,Sumner,Illinois,Lawrence County,US
38.53394,-89.98899,Swansea,Illinois,Saint Clair County,US
39.54894,-89.29453,Taylorville,Illinois,Christian County,US
39.1331,-88.47199,Teutopolis,Illinois,Effingham County,US
39.27365,-88.24365,Toledo,Illinois,Cumberland County,US
39.98614,-88.25894,Tolono,Illinois,Champaign County,US
38.6056,-89.68204,Trenton,Illinois,Clinton County,US
38.72921,-89.88315,Troy,Illinois,Madison County,US
39.7992,-88.2831,Tuscola,Illinois,Douglas County,US
38.91144,-90.15066,Upper Alton,Illinois,Madison County,US
38.30561,-90.27651,Valmeyer,Illinois,Monroe County,US
38.9606,-89.09368,Vandalia,Illinois,Fayette County,US
38.67227,-90.16983,Venice,Illinois,Madison County,US
37.41533,-88.89784,Vienna,Illinois,Johnson County,US
39.86281,-88.16227,Villa Grove,Illinois,Douglas County,US
39.50089,-89.76787,Virden,Illinois,Macoupin County,US
39.95116,-90.21234,Virginia,Illinois,Cass County,US
38.50894,-89.14063,Wamac,Illinois,Clinton County,US
39.93282,-89.06203,Warrensburg,Illinois,Macon County,US
38.63505,-90.09289,Washington Park,Illinois,Saint Clair County,US
38.33589,-90.14983,Waterloo,Illinois,Monroe County,US
38.34533,-88.58783,Wayne City,Illinois,Wayne County,US
39.59172,-89.95288,Waverly,Illinois,Morgan County,US
37.89783,-88.93146,West Frankfort,Illinois,Franklin County,US
39.43699,-90.40318,White Hall,Illinois,Greene County,US
39.95422,-89.54871,Williamsville,Illinois,Sangamon County,US
39.62977,-90.45624,Winchester,Illinois,Scott County,US
39.44087,-88.59478,Windsor,Illinois,Shelby County,US
38.86116,-90.09761,Wood River,Illinois,Madison County,US
38.93144,-89.83899,Worden,Illinois,Madison County,US
37.89949,-89.05202,Zeigler,Illinois,Franklin County,US
38.75839,-85.80803,Austin,Indiana,Scott County,US
39.76282,-86.39972,Avon,Indiana,Hendricks County,US
39.52088,-86.16777,Bargersville,Indiana,Johnson County,US
39.30005,-85.22218,Batesville,Indiana,Ripley County,US
38.86116,-86.48721,Bedford,Indiana,Lawrence County,US
39.72199,-86.08998,Beech Grove,Indiana,Marion County,US
38.77421,-87.30779,Bicknell,Indiana,Knox County,US
39.02699,-86.93751,Bloomfield,Indiana,Greene County,US
39.16533,-86.52639,Bloomington,Indiana,Monroe County,US
38.04921,-87.27417,Boonville,Indiana,Warrick County,US
39.52365,-87.12502,Brazil,Indiana,Clay County,US
39.21839,-84.85606,Bright,Indiana,Dearborn County,US
39.86671,-86.14165,Broad Ripple,Indiana,Marion County,US
39.53921,-86.36916,Brooklyn,Indiana,Morgan County,US
39.42311,-85.01274,Brookville,Indiana,Franklin County,US
39.84338,-86.39777,Brownsburg,Indiana,Hendricks County,US
38.87894,-86.04192,Brownstown,Indiana,Jackson County,US
39.81255,-85.17163,Cambridge City,Indiana,Wayne County,US
37.91144,-86.74443,Cannelton,Indiana,Perry County,US
39.97837,-86.11804,Carmel,Indiana,Hamilton County,US
39.94865,-87.45974,Cayuga,Indiana,Vermillion County,US
39.81782,-84.99635,Centerville,Indiana,Wayne County,US
38.04171,-87.36806,Chandler,Indiana,Warrick County,US
38.45312,-85.67024,Charlestown,Indiana,Clark County,US
38.29674,-85.75996,Clarksville,Indiana,Clark County,US
39.80977,-86.32249,Clermont,Indiana,Marion County,US
39.65698,-87.39807,Clinton,Indiana,Vermillion County,US
39.51477,-86.7939,Cloverdale,Indiana,Putnam County,US
39.20144,-85.92138,Columbus,Indiana,Bartholomew County,US
39.64116,-85.14107,Connersville,Indiana,Fayette County,US
38.21201,-86.12192,Corydon,Indiana,Harrison County,US
39.03478,-85.69858,Country Squire Lakes,Indiana,Jennings County,US
38.80061,-85.84164,Crothersville,Indiana,Jackson County,US
39.77615,-85.9572,Cumberland,Indiana,Marion County,US
38.16894,-86.99,Dale,Indiana,Spencer County,US
39.7606,-86.52639,Danville,Indiana,Hendricks County,US
38.09921,-87.57891,Darmstadt,Indiana,Vanderburgh County,US
39.01783,-85.05884,Dillsboro,Indiana,Dearborn County,US
39.35422,-85.96666,Edinburgh,Indiana,Johnson County,US
39.23393,-86.625,Ellettsville,Indiana,Monroe County,US
38.3345,-86.46415,English,Indiana,Crawford County,US
37.97476,-87.55585,Evansville,Indiana,Vanderburgh County,US
39.68031,-87.41752,Fairview Park,Indiana,Vermillion County,US
39.24865,-87.38196,Farmersburg,Indiana,Sullivan County,US
38.22394,-86.86222,Ferdinand,Indiana,Dubois County,US
39.95559,-86.01387,Fishers,Indiana,Hamilton County,US
38.25116,-87.58113,Fort Branch,Indiana,Gibson County,US
39.93226,-85.84804,Fortville,Indiana,Hancock County,US
38.54894,-86.61999,French Lick,Indiana,Orange County,US
38.35173,-85.94164,Galena,Indiana,Floyd County,US
39.39172,-85.71998,Geneva,Indiana,Shelby County,US
38.29451,-85.97552,Georgetown,Indiana,Floyd County,US
39.64449,-86.86473,Greencastle,Indiana,Putnam County,US
39.11256,-84.86412,Greendale,Indiana,Dearborn County,US
39.78504,-85.76942,Greenfield,Indiana,Hancock County,US
39.33727,-85.48358,Greensburg,Indiana,Decatur County,US
39.61366,-86.10665,Greenwood,Indiana,Johnson County,US
39.91116,-85.16163,Hagerstown,Indiana,Wayne County,US
38.71423,-85.47357,Hanover,Indiana,Jefferson County,US
38.20504,-87.57419,Haubstadt,Indiana,Gibson County,US
38.54173,-85.76774,Henryville,Indiana,Clark County,US
39.16228,-84.84301,Hidden Valley,Indiana,Dearborn County,US
38.03976,-87.57307,Highland,Indiana,Vanderburgh County,US
39.30394,-85.77137,Hope,Indiana,Bartholomew County,US
38.29894,-86.955,Huntingburg,Indiana,Dubois County,US
39.76838,-86.15804,Indianapolis,Indiana,Marion County,US
39.95699,-85.80526,Ingalls,Indiana,Madison County,US
39.1631,-87.19918,Jasonville,Indiana,Greene County,US
38.39144,-86.93111,Jasper,Indiana,Dubois County,US
38.27757,-85.73718,Jeffersonville,Indiana,Clark County,US
39.7956,-85.52636,Knightstown,Indiana,Henry County,US
39.83865,-86.02526,Lawrence,Indiana,Marion County,US
39.09089,-84.84995,Lawrenceburg,Indiana,Dearborn County,US
39.6356,-84.93107,Liberty,Indiana,Union County,US
39.03477,-87.16585,Linton,Indiana,Greene County,US
38.67699,-86.91417,Loogootee,Indiana,Martin County,US
39.25311,-85.94638,Lowell,Indiana,Bartholomew County,US
38.73589,-85.37996,Madison,Indiana,Jefferson County,US
39.42783,-86.42833,Martinsville,Indiana,Morgan County,US
39.9081,-85.92276,McCordsville,Indiana,Hancock County,US
38.02615,-87.51585,Melody Hill,Indiana,Vanderburgh County,US
39.89004,-86.15721,Meridian Hills,Indiana,Marion County,US
39.26421,-87.1189,Middlebury,Indiana,Clay County,US
39.12117,-85.13135,Milan,Indiana,Ripley County,US
38.73283,-86.4736,Mitchell,Indiana,Lawrence County,US
39.57894,-86.48222,Monrovia,Indiana,Morgan County,US
39.79282,-87.37085,Montezuma,Indiana,Parke County,US
39.61282,-86.37416,Mooresville,Indiana,Morgan County,US
39.67338,-85.69859,Morristown,Indiana,Shelby County,US
37.93227,-87.89503,Mount Vernon,Indiana,Posey County,US
39.20727,-86.2511,Nashville,Indiana,Brown County,US
38.28562,-85.82413,New Albany,Indiana,Floyd County,US
39.92894,-85.37025,New Castle,Indiana,Henry County,US
39.72199,-85.88915,New Palestine,Indiana,Hancock County,US
39.5581,-86.09526,New Whiteland,Indiana,Johnson County,US
37.94449,-87.40529,Newburgh,Indiana,Warrick County,US
39.8842,-87.40863,Newport,Indiana,Vermillion County,US
38.76784,-85.39663,North Madison,Indiana,Jefferson County,US
39.52781,-87.3603,North Terre Haute,Indiana,Vigo County,US
39.00617,-85.62358,North Vernon,Indiana,Jennings County,US
38.30562,-85.69635,Oak Park,Indiana,Clark County,US
38.33866,-87.34501,Oakland City,Indiana,Gibson County,US
38.84283,-86.9914,Odon,Indiana,Daviess County,US
38.90088,-86.52527,Oolitic,Indiana,Lawrence County,US
38.66172,-86.45166,Orleans,Indiana,Orange County,US
39.12922,-85.29163,Osgood,Indiana,Ripley County,US
38.27199,-87.6878,Owensville,Indiana,Gibson County,US
38.55617,-86.46832,Paoli,Indiana,Orange County,US
39.99754,-85.74664,Pendleton,Indiana,Madison County,US
38.49199,-87.27862,Petersburg,Indiana,Pike County,US
39.86393,-86.46694,Pittsboro,Indiana,Hendricks County,US
39.70421,-86.39944,Plainfield,Indiana,Hendricks County,US
38.17004,-87.78308,Poseyville,Indiana,Posey County,US
39.35366,-86.09805,Princes Lakes,Indiana,Johnson County,US
38.35532,-87.56752,Princeton,Indiana,Gibson County,US
39.82894,-84.89024,Richmond,Indiana,Wayne County,US
38.9495,-84.85384,Rising Sun,Indiana,Ohio County,US
39.88087,-87.2789,Rockport,Indiana,Parke County,US
39.76254,-87.22918,Rockville,Indiana,Parke County,US
37.88311,-87.04944,Rockport,Indiana,Spencer County,US
39.60921,-85.44636,Rushville,Indiana,Rush County,US
39.4281,-85.62831,Saint Paul,Indiana,Decatur County,US
38.60561,-86.10109,Salem,Indiana,Washington County,US
38.12005,-86.91416,Santa Claus,Indiana,Spencer County,US
38.68561,-85.77025,Scottsburg,Indiana,Scott County,US
39.49198,-87.26724,Seelyville,Indiana,Vigo County,US
38.39812,-85.75496,Sellersburg,Indiana,Clark County,US
38.95922,-85.89025,Seymour,Indiana,Jackson County,US
39.52144,-85.77692,Shelbyville,Indiana,Shelby County,US
39.17837,-87.39363,Shelburn,Indiana,Sullivan County,US
38.66644,-86.79111,Shoals,Indiana,Martin County,US
39.66505,-86.12776,Southport,Indiana,Marion County,US
39.80227,-86.26721,Speedway,Indiana,Marion County,US
39.28671,-86.76251,Spencer,Indiana,Owen County,US
39.09532,-87.40585,Sullivan,Indiana,Sullivan County,US
39.237,-85.09468,Sunman,Indiana,Ripley County,US
37.95144,-86.76777,Tell City,Indiana,Perry County,US
39.4667,-87.41391,Terre Haute,Indiana,Vigo County,US
39.41616,-86.15082,Trafalgar,Indiana,Johnson County,US
39.072,-85.2519,Versailles,Indiana,Ripley County,US
38.74784,-85.06717,Vevay,Indiana,Switzerland County,US
38.67727,-87.52863,Vincennes,Indiana,Knox County,US
39.78199,-86.05026,Warren Park,Indiana,Marion County,US
38.65922,-87.17279,Washington,Indiana,Daviess County,US
39.56255,-86.19749,Waterloo,Indiana,Johnson County,US
39.46504,-87.45002,West Terre Haute,Indiana,Vigo County,US
39.17589,-85.57303,Westport,Indiana,Decatur County,US
39.55005,-86.07971,Whiteland,Indiana,Johnson County,US
39.99726,-86.34583,Whitestown,Indiana,Boone County,US
39.12504,-86.97945,Worthington,Indiana,Greene County,US
39.95087,-86.26194,Zionsville,Indiana,Boone County,US
38.91722,-97.21391,Abilene,Kansas,Dickinson County,US
39.01667,-96.28916,Alma,Kansas,Wabaunsee County,US
37.19034,-95.29719,Altamont,Kansas,Labette County,US
37.7139,-97.13643,Andover,Kansas,Butler County,US
37.15336,-98.03117,Anthony,Kansas,Harper County,US
37.06197,-97.03837,Arkansas City,Kansas,Cowley County,US
37.54394,-94.70024,Arma,Kansas,Crawford County,US
37.18864,-99.76568,Ashland,Kansas,Clark County,US
39.56305,-95.12164,Atchison,Kansas,Atchison County,US
38.90611,-95.8161,Auburn,Kansas,Shawnee County,US
37.68668,-96.9767,Augusta,Kansas,Butler County,US
38.77501,-95.18636,Baldwin City,Kansas,Douglas County,US
39.14167,-94.93858,Basehor,Kansas,Leavenworth County,US
37.02368,-94.7355,Baxter Springs,Kansas,Cherokee County,US
37.76251,-97.26699,Bellaire,Kansas,Sedgwick County,US
37.39391,-97.28115,Belle Plaine,Kansas,Sumner County,US
39.82445,-97.63254,Belleville,Kansas,Republic County,US
39.45612,-98.10616,Beloit,Kansas,Mitchell County,US
39.68194,-96.65974,Blue Rapids,Kansas,Marshall County,US
39.05973,-94.88358,Bonner Springs,Kansas,Wyandotte County,US
38.13445,-97.77005,Buhler,Kansas,Reno County,US
38.19447,-95.74276,Burlington,Kansas,Coffey County,US
37.03225,-97.60699,Caldwell,Kansas,Sumner County,US
37.01146,-95.93526,Caney,Kansas,Montgomery County,US
38.81862,-95.68915,Carbondale,Kansas,Osage County,US
37.67921,-95.4572,Chanute,Kansas,Neosho County,US
38.97222,-97.02251,Chapman,Kansas,Dickinson County,US
37.63001,-97.78255,Cheney,Kansas,Sedgwick County,US
37.27034,-95.55248,Cherryvale,Kansas,Montgomery County,US
37.03729,-95.08996,Chetopa,Kansas,Labette County,US
37.51946,-96.77114,Clay Center,Kansas,Butler County,US
39.37694,-97.12474,Clay Center,Kansas,Clay County,US
37.5028,-97.50449,Clearwater,Kansas,Sedgwick County,US
37.0373,-95.61637,Coffeyville,Kansas,Montgomery County,US
37.26891,-99.32678,Coldwater,Kansas,Comanche County,US
37.16923,-94.84412,Columbus,Kansas,Cherokee County,US
37.77918,-97.53644,Colwich,Kansas,Sedgwick County,US
39.57084,-97.66254,Concordia,Kansas,Cloud County,US
37.3903,-97.64227,Conway Springs,Kansas,Sumner County,US
38.37224,-96.54278,Cottonwood Falls,Kansas,Chase County,US
38.66112,-96.49195,Council Grove,Kansas,Morris County,US
38.97917,-94.96858,De Soto,Kansas,Johnson County,US
37.54557,-97.26893,Derby,Kansas,Sedgwick County,US
37.51946,-97.01281,Douglass,Kansas,Butler County,US
38.76473,-95.00802,Edgerton,Kansas,Johnson County,US
39.06112,-94.81968,Edwardsville,Kansas,Wyandotte County,US
37.81724,-96.86225,El Dorado,Kansas,Butler County,US
38.35557,-98.58091,Ellinwood,Kansas,Barton County,US
38.93807,-99.56067,Ellis,Kansas,Ellis County,US
38.73056,-98.22811,Ellsworth,Kansas,Ellsworth County,US
39.75555,-94.87247,Elwood,Kansas,Doniphan County,US
38.4039,-96.18166,Emporia,Kansas,Lyon County,US
37.56811,-95.24331,Erie,Kansas,Neosho County,US
37.82392,-96.28917,Eureka,Kansas,Greenwood County,US
38.94334,-95.09858,Eudora,Kansas,Douglas County,US
39.02223,-94.6319,Fairway,Kansas,Johnson County,US
37.83976,-94.7083,Fort Scott,Kansas,Bourbon County,US
37.53394,-95.82665,Fredonia,Kansas,Wilson County,US
37.0759,-94.63967,Galena,Kansas,Cherokee County,US
37.4556,-94.68913,Frontenac,Kansas,Crawford County,US
38.81084,-94.92719,Gardner,Kansas,Johnson County,US
38.28058,-95.24192,Garnett,Kansas,Anderson County,US
37.51116,-94.83802,Girard,Kansas,Crawford County,US
37.65974,-97.57533,Goddard,Kansas,Sedgwick County,US
39.02916,-96.78917,Grandview Plaza,Kansas,Geary County,US
38.36446,-98.76481,Great Bend,Kansas,Barton County,US
37.6028,-99.29261,Greensburg,Kansas,Kiowa County,US
38.0014,-97.50865,Halstead,Kansas,Harvey County,US
37.28669,-98.02589,Harper,Kansas,Harper County,US
37.8989,-97.78283,Haven,Kansas,Reno County,US
38.87918,-99.32677,Hays,Kansas,Ellis County,US
37.56446,-97.35227,Haysville,Kansas,Sedgwick County,US
38.67112,-96.94251,Herington,Kansas,Dickinson County,US
38.13834,-97.43143,Hesston,Kansas,Harvey County,US
39.8525,-95.53582,Hiawatha,Kansas,Brown County,US
39.85972,-95.2697,Highland,Kansas,Doniphan County,US
39.36473,-99.84206,Hill City,Kansas,Graham County,US
38.35196,-97.20447,Hillsboro,Kansas,Marion County,US
38.51807,-98.77814,Hoisington,Kansas,Barton County,US
39.46527,-95.73637,Holton,Kansas,Jackson County,US
39.66056,-95.52637,Horton,Kansas,Brown County,US
37.47031,-96.26361,Howard,Kansas,Elk County,US
37.8106,-95.43693,Humboldt,Kansas,Allen County,US
38.06084,-97.92977,Hutchinson,Kansas,Reno County,US
37.22424,-95.70831,Independence,Kansas,Montgomery County,US
38.23195,-97.77338,Inman,Kansas,McPherson County,US
37.92448,-95.39998,Iola,Kansas,Allen County,US
38.08446,-99.89346,Jetmore,Kansas,Hodgeman County,US
39.02861,-96.8314,Junction City,Kansas,Geary County,US
39.11417,-94.62746,Kansas City,Kansas,Wyandotte County,US
37.79585,-97.27949,Kechi,Kansas,Sedgwick County,US
37.64585,-98.11367,Kingman,Kansas,Kingman County,US
37.92307,-99.40984,Kinsley,Kansas,Edwards County,US
37.01725,-98.48535,Kiowa,Kansas,Barber County,US
38.5314,-99.30872,La Crosse,Kansas,Rush County,US
38.35002,-94.76135,La Cygne,Kansas,Linn County,US
39.24861,-94.90024,Lansing,Kansas,Leavenworth County,US
38.18057,-99.09871,Larned,Kansas,Pawnee County,US
38.97167,-95.23525,Lawrence,Kansas,Douglas County,US
39.31111,-94.92246,Leavenworth,Kansas,Leavenworth County,US
38.96667,-94.6169,Leawood,Kansas,Johnson County,US
38.95362,-94.73357,Lenexa,Kansas,Johnson County,US
39.04084,-98.14477,Lincoln,Kansas,Lincoln County,US
38.57362,-97.67448,Lindsborg,Kansas,McPherson County,US
38.61946,-94.68079,Louisburg,Kansas,Miami County,US
38.61001,-95.68443,Lyndon,Kansas,Osage County,US
38.34501,-98.20173,Lyons,Kansas,Rice County,US
37.77918,-97.46727,Maize,Kansas,Sedgwick County,US
39.18361,-96.57167,Manhattan,Kansas,Riley County,US
39.78723,-98.21005,Mankato,Kansas,Jewell County,US
38.34835,-97.01725,Marion,Kansas,Marion County,US
39.84111,-96.64724,Marysville,Kansas,Marshall County,US
38.37084,-97.66421,McPherson,Kansas,McPherson County,US
37.28113,-98.58036,Medicine Lodge,Kansas,Barber County,US
39.02362,-94.69357,Merriam,Kansas,Johnson County,US
39.12194,-97.7067,Minneapolis,Kansas,Ottawa County,US
39.02778,-94.65579,Mission,Kansas,Johnson County,US
39.01778,-94.6169,Mission Hills,Kansas,Johnson County,US
38.14281,-94.81357,Mound City,Kansas,Linn County,US
38.20307,-97.51921,Moundridge,Kansas,McPherson County,US
37.47446,-97.24393,Mulvane,Kansas,Sumner County,US
37.41839,-95.68026,Neodesha,Kansas,Wilson County,US
38.45279,-99.90651,Ness City,Kansas,Ness County,US
38.04668,-97.34504,Newton,Kansas,Harvey County,US
38.14723,-98.08367,Nickerson,Kansas,Reno County,US
38.07223,-97.34559,North Newton,Kansas,Harvey County,US
39.83389,-99.89151,Norton,Kansas,Norton County,US
39.11111,-96.70612,Ogden,Kansas,Riley County,US
38.8814,-94.81913,Olathe,Kansas,Johnson County,US
38.6339,-95.82582,Osage City,Kansas,Osage County,US
38.49724,-94.95052,Osawatomie,Kansas,Miami County,US
39.4389,-98.69479,Osborne,Kansas,Osborne County,US
39.21528,-95.31275,Oskaloosa,Kansas,Jefferson County,US
37.16757,-95.10996,Oswego,Kansas,Labette County,US
38.61557,-95.26775,Ottawa,Kansas,Franklin County,US
38.78056,-95.5572,Overbrook,Kansas,Osage County,US
38.98223,-94.67079,Overland Park,Kansas,Johnson County,US
37.27419,-97.16893,Oxford,Kansas,Sumner County,US
38.57224,-94.87913,Paola,Kansas,Miami County,US
37.80001,-97.31838,Park City,Kansas,Sedgwick County,US
37.34034,-95.26108,Parsons,Kansas,Labette County,US
38.16946,-97.1067,Peabody,Kansas,Marion County,US
39.75612,-99.32399,Phillipsburg,Kansas,Phillips County,US
37.41088,-94.70496,Pittsburg,Kansas,Crawford County,US
39.23473,-99.29816,Plainville,Kansas,Rooks County,US
38.17781,-94.71135,Pleasanton,Kansas,Linn County,US
38.99167,-94.63357,Prairie Village,Kansas,Johnson County,US
37.64391,-98.73759,Pratt,Kansas,Pratt County,US
39.03751,-94.63218,Roeland Park,Kansas,Johnson County,US
37.55835,-97.13504,Rose Hill,Kansas,Butler County,US
39.13611,-95.95166,Rossville,Kansas,Shawnee County,US
38.89529,-98.85981,Russell,Kansas,Russell County,US
39.90222,-95.80082,Sabetha,Kansas,Nemaha County,US
38.00224,-98.76009,Saint John,Kansas,Stafford County,US
39.19416,-96.0711,Saint Marys,Kansas,Pottawatomie County,US
37.70668,-97.64005,Saint Marys,Kansas,Sedgwick County,US
38.84028,-97.61142,Salina,Kansas,Saline County,US
37.12672,-96.18694,Sedan,Kansas,Chautauqua County,US
37.91668,-97.42254,Sedgwick,Kansas,Harvey County,US
39.83416,-96.06417,Seneca,Kansas,Nemaha County,US
39.04167,-94.72024,Shawnee,Kansas,Johnson County,US
39.10417,-95.8586,Silver Lake,Kansas,Shawnee County,US
39.77918,-98.78507,Smith Center,Kansas,Smith County,US
38.91944,-97.37114,Solomon,Kansas,Dickinson County,US
38.02807,-97.94033,South Hutchinson,Kansas,Reno County,US
38.74306,-94.82552,Spring Hill,Kansas,Johnson County,US
37.96224,-98.60064,Stafford,Kansas,Stafford County,US
38.21001,-98.20701,Sterling,Kansas,Rice County,US
39.10972,-95.08775,Tonganoxie,Kansas,Leavenworth County,US
37.79752,-96.99976,Towanda,Kansas,Butler County,US
39.04833,-95.67804,Topeka,Kansas,Shawnee County,US
39.78305,-95.08997,Troy,Kansas,Doniphan County,US
37.83473,-97.37338,Valley Center,Kansas,Sedgwick County,US
39.34333,-95.46025,Valley Falls,Kansas,Jefferson County,US
38.85279,-99.1476,Victoria,Kansas,Ellis County,US
39.02501,-99.87957,WaKeeney,Kansas,Trego County,US
39.20194,-96.305,Wamego,Kansas,Pottawatomie County,US
39.81806,-97.05086,Washington,Kansas,Washington County,US
39.75916,-94.94969,Wathena,Kansas,Doniphan County,US
37.2653,-97.37171,Wellington,Kansas,Sumner County,US
38.71834,-95.08164,Wellsville,Kansas,Franklin County,US
39.39389,-96.41361,Westmoreland,Kansas,Pottawatomie County,US
39.04056,-94.6169,Westwood,Kansas,Johnson County,US
37.69224,-97.33754,Wichita,Kansas,Sedgwick County,US
37.23975,-96.99559,Winfield,Kansas,Cowley County,US
37.88115,-95.73332,Yates Center,Kansas,Woodson County,US
36.6909,-85.13468,Albany,Kentucky,Clinton County,US
38.95951,-84.38799,Alexandria,Kentucky,Campbell County,US
38.26674,-85.53302,Anchorage,Kentucky,Jefferson County,US
37.31925,-83.97048,Annville,Kentucky,Jackson County,US
38.47841,-82.63794,Ashland,Kentucky,Boyd County,US
36.86421,-86.71027,Auburn,Kentucky,Logan County,US
38.20396,-85.72524,Audubon Park,Kentucky,Jefferson County,US
38.77174,-84.00576,Augusta,Kentucky,Bracken County,US
38.29729,-85.60329,Barbourmeade,Kentucky,Jefferson County,US
36.86648,-83.88881,Barbourville,Kentucky,Knox County,US
37.80923,-85.4669,Bardstown,Kentucky,Nelson County,US
36.87061,-89.00979,Bardwell,Kentucky,Carlisle County,US
37.57175,-83.70686,Beattyville,Kentucky,Lee County,US
37.40199,-86.87583,Beaver Dam,Kentucky,Ohio County,US
38.59256,-85.31773,Bedford,Kentucky,Trimble County,US
38.25479,-85.63135,Beechwood Village,Kentucky,Jefferson County,US
39.10645,-84.47883,Bellevue,Kentucky,Campbell County,US
36.85728,-88.35031,Benton,Kentucky,Marshall County,US
37.56869,-84.29632,Berea,Kentucky,Madison County,US
37.4762,-83.67491,Booneville,Kentucky,Owsley County,US
36.99032,-86.4436,Bowling Green,Kentucky,Warren County,US
37.99896,-86.16941,Brandenburg,Kentucky,Meade County,US
37.68282,-87.86308,Breckinridge Center,Kentucky,Union County,US
37.40425,-84.41383,Brodhead,Kentucky,Rockcastle County,US
38.06118,-85.70968,Brooks,Kentucky,Bullitt County,US
38.68257,-84.06576,Brooksville,Kentucky,Bracken County,US
37.19255,-86.26775,Brownsville,Kentucky,Edmonson County,US
38.38368,-85.43996,Buckner,Kentucky,Oldham County,US
38.19507,-85.6519,Buechel,Kentucky,Jefferson County,US
36.79034,-85.37052,Burkesville,Kentucky,Cumberland County,US
39.02756,-84.72411,Burlington,Kentucky,Boone County,US
36.86505,-87.8353,Cadiz,Kentucky,Trigg County,US
37.53894,-87.25833,Calhoun,Kentucky,McLean County,US
37.03339,-88.35004,Calvert City,Kentucky,Marshall County,US
37.99425,-83.8877,Camargo,Kentucky,Montgomery County,US
37.3434,-85.34191,Campbellsville,Kentucky,Taylor County,US
37.73425,-83.54741,Campton,Kentucky,Wolfe County,US
38.31202,-84.02743,Carlisle,Kentucky,Nicholas County,US
38.6809,-85.1794,Carrollton,Kentucky,Carroll County,US
38.4048,-82.60044,Catlettsburg,Kentucky,Boyd County,US
37.13672,-85.95692,Cave City,Kentucky,Barren County,US
37.29393,-87.12333,Central City,Kentucky,Muhlenberg County,US
38.91923,-84.39549,Claryville,Kentucky,Campbell County,US
37.47671,-87.82002,Clay,Kentucky,Webster County,US
37.85925,-83.91853,Clay City,Kentucky,Powell County,US
36.66728,-88.9934,Clinton,Kentucky,Hickman County,US
37.83339,-86.63276,Cloverport,Kentucky,Breckinridge County,US
37.51316,-82.55849,Coal Run Village,Kentucky,Pike County,US
39.02173,-84.43994,Cold Spring,Kentucky,Campbell County,US
38.31479,-85.52385,Coldstream,Kentucky,Jefferson County,US
37.10284,-85.30635,Columbia,Kentucky,Adair County,US
36.9487,-84.09688,Corbin,Kentucky,Whitley County,US
39.08367,-84.50855,Covington,Kentucky,Kenton County,US
39.05145,-84.58161,Crescent Springs,Kentucky,Kenton County,US
39.02728,-84.58494,Crestview Hills,Kentucky,Kenton County,US
38.32424,-85.47246,Crestwood,Kentucky,Oldham County,US
38.78284,-84.60522,Crittenden,Kentucky,Grant County,US
36.97815,-82.9885,Cumberland,Kentucky,Harlan County,US
38.39035,-84.2941,Cynthiana,Kentucky,Harrison County,US
37.64563,-84.77217,Danville,Kentucky,Boyle County,US
37.16727,-87.69251,Dawson Springs,Kentucky,Hopkins County,US
39.11284,-84.47272,Dayton,Kentucky,Campbell County,US
37.51782,-87.69029,Dixon,Kentucky,Webster County,US
38.23785,-85.55274,Douglass Hills,Kentucky,Jefferson County,US
38.68201,-84.58994,Dry Ridge,Kentucky,Grant County,US
37.27421,-87.51194,Earlington,Kentucky,Hopkins County,US
37.0945,-88.0803,Eddyville,Kentucky,Lyon County,US
39.01867,-84.58189,Edgewood,Kentucky,Kenton County,US
36.98006,-85.61219,Edmonton,Kentucky,Metcalfe County,US
37.69395,-85.85913,Elizabethtown,Kentucky,Hardin County,US
37.96481,-83.13295,Elkfork,Kentucky,Morgan County,US
36.81004,-87.15417,Elkton,Kentucky,Todd County,US
39.01256,-84.60467,Elsmere,Kentucky,Kenton County,US
38.37007,-85.18051,Eminence,Kentucky,Henry County,US
39.01673,-84.60078,Erlanger,Kentucky,Kenton County,US
38.10507,-85.75885,Fairdale,Kentucky,Jefferson County,US
38.67674,-84.33021,Falmouth,Kentucky,Pendleton County,US
38.15979,-85.58774,Fern Creek,Kentucky,Jefferson County,US
38.52258,-82.71711,Flatwoods,Kentucky,Greenup County,US
38.4223,-83.73381,Flemingsburg,Kentucky,Fleming County,US
38.99895,-84.62661,Florence,Kentucky,Boone County,US
39.0595,-84.54744,Fort Mitchell,Kentucky,Kenton County,US
39.07506,-84.44716,Fort Thomas,Kentucky,Campbell County,US
39.05173,-84.53411,Fort Wright,Kentucky,Kenton County,US
39.10506,-84.72439,Francisville,Kentucky,Boone County,US
38.20091,-84.87328,Frankfort,Kentucky,Franklin County,US
36.72226,-86.57722,Franklin,Kentucky,Simpson County,US
37.95092,-83.62575,Frenchburg,Kentucky,Menifee County,US
36.50423,-88.87423,Fulton,Kentucky,Fulton County,US
38.2098,-84.55883,Georgetown,Kentucky,Scott County,US
36.99588,-85.91192,Glasgow,Kentucky,Barren County,US
38.27313,-85.62302,Graymoor-Devondale,Kentucky,Jefferson County,US
38.33258,-82.9485,Grayson,Kentucky,Carter County,US
37.26089,-85.49885,Greensburg,Kentucky,Green County,US
38.57313,-82.83017,Greenup,Kentucky,Greenup County,US
37.20115,-87.17889,Greenville,Kentucky,Muhlenberg County,US
36.64838,-87.16639,Guthrie,Kentucky,Todd County,US
37.78006,-86.46053,Hardinsburg,Kentucky,Breckinridge County,US
36.84314,-83.32185,Harlan,Kentucky,Harlan County,US
37.7623,-84.84329,Harrodsburg,Kentucky,Mercer County,US
37.45116,-86.90916,Hartford,Kentucky,Ohio County,US
37.90006,-86.75499,Hawesville,Kentucky,Hancock County,US
37.24954,-83.19323,Hazard,Kentucky,Perry County,US
39.06589,-84.70106,Hebron,Kentucky,Boone County,US
38.04951,-85.66607,Hebron Estates,Kentucky,Bullitt County,US
37.83615,-87.59001,Henderson,Kentucky,Henderson County,US
37.0395,-88.62922,Hendron,Kentucky,McCracken County,US
36.57117,-89.18618,Hickman,Kentucky,Fulton County,US
39.03312,-84.45189,Highland Heights,Kentucky,Campbell County,US
38.14285,-85.62413,Highview,Kentucky,Jefferson County,US
38.06979,-85.68551,Hillview,Kentucky,Bullitt County,US
37.33593,-82.98044,Hindman,Kentucky,Knott County,US
37.57395,-85.73996,Hodgenville,Kentucky,Larue County,US
36.86561,-87.49117,Hopkinsville,Kentucky,Christian County,US
37.1795,-85.90692,Horse Cave,Kentucky,Hart County,US
38.22118,-85.58913,Hurstbourne Acres,Kentucky,Jefferson County,US
38.23813,-85.58829,Hurstbourne,Kentucky,Jefferson County,US
37.16093,-83.37324,Hyden,Kentucky,Leslie County,US
38.94312,-84.54411,Independence,Kentucky,Kenton County,US
38.27257,-85.66274,Indian Hills,Kentucky,Jefferson County,US
38.27951,-85.64996,Indian Hills Cherokee Section,Kentucky,Jefferson County,US
37.86648,-82.53876,Inez,Kentucky,Martin County,US
38.45647,-82.69238,Ironville,Kentucky,Boyd County,US
37.70064,-83.97381,Irvine,Kentucky,Estill County,US
37.88034,-86.28386,Irvington,Kentucky,Breckinridge County,US
37.55315,-83.38351,Jackson,Kentucky,Breathitt County,US
37.82508,-84.87079,Jackson,Kentucky,Mercer County,US
36.98479,-85.06301,Jamestown,Kentucky,Russell County,US
38.19424,-85.5644,Jeffersontown,Kentucky,Jefferson County,US
37.97369,-83.84186,Jeffersonville,Kentucky,Montgomery County,US
37.17344,-82.63099,Jenkins,Kentucky,Letcher County,US
37.58674,-84.79384,Junction City,Kentucky,Boyle County,US
37.77172,-86.90416,Knottsville,Kentucky,Daviess County,US
37.07672,-88.97368,La Center,Kentucky,Ballard County,US
38.40757,-85.37885,La Grange,Kentucky,Oldham County,US
39.03562,-84.56911,Lakeside Park,Kentucky,Kenton County,US
37.61952,-84.578,Lancaster,Kentucky,Garrard County,US
38.0373,-84.89662,Lawrenceburg,Kentucky,Anderson County,US
37.56979,-85.25274,Lebanon,Kentucky,Marion County,US
37.83451,-85.7319,Lebanon Junction,Kentucky,Bullitt County,US
37.04756,-88.47699,Ledbetter,Kentucky,Livingston County,US
37.48005,-86.29386,Leitchfield,Kentucky,Grayson County,US
37.937,-86.90221,Lewisport,Kentucky,Hancock County,US
37.98869,-84.47772,Lexington,Kentucky,Fayette County,US
38.0498,-84.45855,Lexington-Fayette,Kentucky,Fayette County,US
37.31841,-84.9394,Liberty,Kentucky,Casey County,US
37.4931,-87.13194,Livermore,Kentucky,McLean County,US
37.12898,-84.08326,London,Kentucky,Laurel County,US
38.11425,-82.60321,Louisa,Kentucky,Lawrence County,US
38.25424,-85.75941,Louisville,Kentucky,Jefferson County,US
36.85203,-83.35407,Loyall,Kentucky,Harlan County,US
39.09256,-84.54744,Ludlow,Kentucky,Kenton County,US
38.25674,-85.60163,Lyndon,Kentucky,Jefferson County,US
37.3281,-87.49889,Madisonville,Kentucky,Hopkins County,US
37.1537,-83.76186,Manchester,Kentucky,Clay County,US
37.33283,-88.08113,Marion,Kentucky,Crittenden County,US
37.67505,-87.03472,Masonville,Kentucky,Daviess County,US
37.01672,-88.73061,Massac,Kentucky,McCracken County,US
36.74172,-88.63672,Mayfield,Kentucky,Graves County,US
38.64119,-83.74437,Maysville,Kentucky,Mason County,US
37.43036,-83.99798,McKee,Kentucky,Jackson County,US
38.41258,-82.70905,Meads,Kentucky,Boyd County,US
36.60842,-83.71658,Middlesboro,Kentucky,Bell County,US
38.24535,-85.53885,Middletown,Kentucky,Jefferson County,US
38.15091,-84.68383,Midway,Kentucky,Woodford County,US
38.12368,-85.71968,Heritage Creek,Kentucky,Jefferson County,US
36.82979,-84.84911,Monticello,Kentucky,Wayne County,US
37.9923,-84.55022,Monticello,Kentucky,Fayette County,US
38.18397,-83.43268,Morehead,Kentucky,Rowan County,US
37.27115,-87.17638,Morehead,Kentucky,Muhlenberg County,US
37.68338,-87.91669,Morganfield,Kentucky,Union County,US
37.2256,-86.6836,Morgantown,Kentucky,Butler County,US
38.53146,-84.03687,Mount Olivet,Kentucky,Robertson County,US
38.05647,-83.94326,Mount Sterling,Kentucky,Montgomery County,US
38.02563,-84.49522,Mount Vernon,Kentucky,Fayette County,US
37.35286,-84.34049,Mount Vernon,Kentucky,Rockcastle County,US
38.05006,-85.54579,Mount Washington,Kentucky,Bullitt County,US
37.27228,-85.89108,Munfordville,Kentucky,Hart County,US
36.61033,-88.31476,Murray,Kentucky,Calloway County,US
38.4334,-85.16968,New Castle,Kentucky,Henry County,US
38.16007,-85.65968,Newburg,Kentucky,Jefferson County,US
39.09145,-84.49578,Newport,Kentucky,Campbell County,US
37.88063,-84.573,Nicholasville,Kentucky,Jessamine County,US
36.96064,-84.09326,North Corbin,Kentucky,Laurel County,US
38.28701,-85.64107,Northfield,Kentucky,Jefferson County,US
37.19088,-87.45278,Nortonville,Kentucky,Hopkins County,US
36.66505,-87.44279,Oak Grove,Kentucky,Christian County,US
37.34421,-86.75471,Oak Grove,Kentucky,Ohio County,US
38.99978,-84.68522,Oakbrook,Kentucky,Boone County,US
38.14118,-85.68774,Okolona,Kentucky,Jefferson County,US
38.30008,-83.17407,Olive Hill,Kentucky,Carter County,US
38.32368,-85.52135,Orchard Grass Hills,Kentucky,Oldham County,US
37.77422,-87.11333,Owensboro,Kentucky,Daviess County,US
38.53672,-84.84338,Owenton,Kentucky,Owen County,US
38.1448,-83.76408,Owingsville,Kentucky,Bath County,US
37.81454,-82.80711,Paintsville,Kentucky,Johnson County,US
39.07145,-84.53217,Park Hills,Kentucky,Kenton County,US
38.2098,-84.25299,Paris,Kentucky,Bourbon County,US
38.31062,-85.48746,Pewee Valley,Kentucky,Oldham County,US
37.47927,-82.51876,Pikeville,Kentucky,Pike County,US
36.65091,-84.43855,Pine Knot,Kentucky,McCreary County,US
36.76203,-83.69492,Pineville,Kentucky,Bell County,US
38.06062,-85.67774,Pioneer Village,Kentucky,Bullitt County,US
36.88032,-86.41832,Plano,Kentucky,Warren County,US
38.14535,-85.8583,Pleasure Ridge Park,Kentucky,Jefferson County,US
37.66565,-82.77155,Prestonsburg,Kentucky,Floyd County,US
37.10922,-87.88196,Princeton,Kentucky,Caldwell County,US
38.34507,-85.61552,Prospect,Kentucky,Jefferson County,US
38.57451,-85.22107,Providence,Kentucky,Trimble County,US
37.39755,-87.76279,Providence,Kentucky,Webster County,US
38.54008,-82.7285,Raceland,Kentucky,Greenup County,US
37.84035,-85.94913,Radcliff,Kentucky,Hardin County,US
37.01756,-88.53143,Reidland,Kentucky,McCracken County,US
37.74786,-84.29465,Richmond,Kentucky,Madison County,US
38.5173,-82.69766,Russell,Kentucky,Greenup County,US
37.05618,-85.08857,Russell Springs,Kentucky,Russell County,US
36.84532,-86.88722,Russellville,Kentucky,Logan County,US
38.95756,-84.463,Ryland Heights,Kentucky,Kenton County,US
38.25285,-85.65579,Saint Matthews,Kentucky,Jefferson County,US
38.22674,-85.61663,Saint Regis Park,Kentucky,Jefferson County,US
37.75259,-83.06878,Salyersville,Kentucky,Magoffin County,US
38.08647,-83.12628,Sandy Hook,Kentucky,Elliott County,US
36.75338,-86.19054,Scottsville,Kentucky,Allen County,US
37.60699,-87.52862,Sebree,Kentucky,Webster County,US
38.21201,-85.22357,Shelbyville,Kentucky,Shelby County,US
37.9884,-85.71579,Shepherdsville,Kentucky,Bullitt County,US
38.20007,-85.82274,Shively,Kentucky,Jefferson County,US
39.03451,-84.39022,Silver Grove,Kentucky,Campbell County,US
38.22257,-85.35523,Simpsonville,Kentucky,Shelby County,US
37.13894,-88.40337,Smithland,Kentucky,Livingston County,US
37.09202,-84.60411,Somerset,Kentucky,Pulaski County,US
38.72091,-82.95823,South Shore,Kentucky,Greenup County,US
39.072,-84.47272,Southgate,Kentucky,Campbell County,US
37.68534,-85.22218,Springfield,Kentucky,Washington County,US
38.1884,-85.8458,Saint Dennis,Kentucky,Jefferson County,US
37.53119,-84.66189,Stanford,Kentucky,Lincoln County,US
37.84564,-83.85825,Stanton,Kentucky,Powell County,US
36.69897,-84.47744,Stearns,Kentucky,McCreary County,US
37.54671,-87.98391,Sturgis,Kentucky,Union County,US
38.99756,-84.49633,Taylor Mill,Kentucky,Kenton County,US
38.03173,-85.34245,Taylorsville,Kentucky,Spencer County,US
36.70228,-85.69164,Tompkinsville,Kentucky,Monroe County,US
38.9459,-84.6805,Union,Kentucky,Boone County,US
37.77532,-87.93058,Uniontown,Kentucky,Union County,US
37.77121,-82.75794,Van Lear,Kentucky,Johnson County,US
38.11118,-85.87024,Valley Station,Kentucky,Jefferson County,US
38.59924,-83.3188,Vanceburg,Kentucky,Lewis County,US
38.8184,-84.66078,Verona,Kentucky,Boone County,US
38.05258,-84.72995,Versailles,Kentucky,Woodford County,US
39.06339,-84.593,Villa Hills,Kentucky,Kenton County,US
37.81007,-85.98135,Vine Grove,Kentucky,Hardin County,US
38.87562,-84.61022,Walton,Kentucky,Boone County,US
38.7834,-84.90162,Warsaw,Kentucky,Gallatin County,US
38.19701,-85.66329,West Buechel,Kentucky,Jefferson County,US
37.92148,-83.25962,West Liberty,Kentucky,Morgan County,US
38.48314,-82.66988,Westwood,Kentucky,Boyd County,US
37.11843,-82.82683,Whitesburg,Kentucky,Letcher County,US
36.72341,-84.47049,Whitley City,Kentucky,McCreary County,US
36.96478,-89.08923,Wickliffe,Kentucky,Ballard County,US
39.05645,-84.48689,Wilder,Kentucky,Campbell County,US
36.74342,-84.15966,Williamsburg,Kentucky,Whitley County,US
38.63812,-84.5605,Williamstown,Kentucky,Grant County,US
37.86202,-84.66161,Wilmore,Kentucky,Jessamine County,US
37.99008,-84.17965,Winchester,Kentucky,Clark County,US
38.27396,-85.63441,Windy Hills,Kentucky,Jefferson County,US
38.54841,-82.72433,Worthington,Kentucky,Greenup County,US
38.30896,-85.5269,Worthington Hills,Kentucky,Jefferson County,US
38.31562,-85.56163,Worthington,Kentucky,Jefferson County,US
29.97465,-92.13429,Abbeville,Louisiana,Vermilion Parish,US
30.47864,-90.04008,Abita Springs,Louisiana,Saint Tammany Parish,US
30.3538,-91.26539,Addis,Louisiana,West Baton Rouge Parish,US
30.50436,-90.58231,Albany,Louisiana,Livingston Parish,US
31.31129,-92.44514,Alexandria,Louisiana,Rapides Parish,US
29.95215,-90.29647,Ama,Louisiana,Saint Charles Parish,US
29.66632,-91.10204,Amelia,Louisiana,Saint Mary Parish,US
30.72657,-90.50898,Amite,Louisiana,Tangipahoa Parish,US
29.95437,-90.00535,Arabi,Louisiana,Saint Bernard Parish,US
32.54904,-92.92016,Arcadia,Louisiana,Bienville Parish,US
30.3977,-91.93151,Arnaudville,Louisiana,Saint Landry Parish,US
29.91298,-90.20369,Avondale,Louisiana,Jefferson Parish,US
30.58824,-91.16816,Baker,Louisiana,East Baton Rouge Parish,US
29.83798,-91.54428,Baldwin,Louisiana,Saint Mary Parish,US
31.41546,-92.4118,Ball,Louisiana,Rapides Parish,US
32.0821,-92.09291,Banks Springs,Louisiana,Caldwell Parish,US
29.72327,-90.12369,Barataria,Louisiana,Jefferson Parish,US
30.4852,-92.59597,Basile,Louisiana,Evangeline Parish,US
32.75625,-91.87235,Bastrop,Louisiana,Morehouse Parish,US
30.45075,-91.15455,Baton Rouge,Louisiana,East Baton Rouge Parish,US
32.47042,-92.16736,Bawcomville,Louisiana,Ouachita Parish,US
29.6241,-90.7512,Bayou Cane,Louisiana,Terrebonne Parish,US
29.78743,-90.41314,Bayou Gauche,Louisiana,Saint Charles Parish,US
29.68965,-91.27094,Bayou Vista,Louisiana,Saint Mary Parish,US
29.85493,-89.99063,Belle Chasse,Louisiana,Plaquemines Parish,US
30.05048,-91.04149,Belle Rose,Louisiana,Assumption Parish,US
32.69487,-93.74185,Benton,Louisiana,Bossier Parish,US
32.82209,-92.65793,Bernice,Louisiana,Union Parish,US
29.69465,-91.21899,Berwick,Louisiana,Saint Mary Parish,US
32.58098,-93.89268,Blanchard,Louisiana,Caddo Parish,US
30.79102,-89.84869,Bogalusa,Louisiana,Washington Parish,US
32.51599,-93.73212,Bossier City,Louisiana,Bossier Parish,US
29.55355,-90.60231,Bourg,Louisiana,Terrebonne Parish,US
29.90243,-90.38814,Boutte,Louisiana,Saint Charles Parish,US
31.39046,-92.66931,Boyce,Louisiana,Rapides Parish,US
30.27353,-91.89928,Breaux Bridge,Louisiana,Saint Martin Parish,US
29.93326,-90.17007,Bridge City,Louisiana,Jefferson Parish,US
30.14715,-91.96123,Broussard,Louisiana,Lafayette Parish,US
30.54658,-91.12066,Brownsfield,Louisiana,East Baton Rouge Parish,US
32.48709,-92.1543,Brownsville,Louisiana,Ouachita Parish,US
30.39436,-91.25372,Brusly,Louisiana,West Baton Rouge Parish,US
30.95325,-92.18263,Bunkie,Louisiana,Avoyelles Parish,US
30.08742,-91.9054,Cade,Louisiana,Saint Martin Parish,US
29.79772,-93.32515,Cameron,Louisiana,Cameron Parish,US
31.8935,-93.11822,Campti,Louisiana,Natchitoches Parish,US
30.31714,-92.04901,Carencro,Louisiana,Lafayette Parish,US
30.16882,-93.37599,Carlyss,Louisiana,Calcasieu Parish,US
30.21742,-91.09621,Carville,Louisiana,Iberville Parish,US
30.21464,-91.709,Catahoula,Louisiana,Saint Martin Parish,US
30.33714,-91.85317,Cecilia,Louisiana,Saint Martin Parish,US
30.55435,-91.03677,Central,Louisiana,East Baton Rouge Parish,US
29.88354,-90.79732,Chackbay,Louisiana,Lafourche Parish,US
29.94296,-89.96537,Chalmette,Louisiana,Saint Bernard Parish,US
29.88159,-91.52511,Charenton,Louisiana,Saint Mary Parish,US
29.43855,-90.59537,Chauvin,Louisiana,Terrebonne Parish,US
30.40298,-92.21513,Church Point,Louisiana,Acadia Parish,US
32.51598,-92.1918,Claiborne,Louisiana,Ouachita Parish,US
32.02655,-92.13903,Clarks,Louisiana,Caldwell Parish,US
30.86574,-91.01566,Clinton,Louisiana,East Feliciana Parish,US
31.51906,-92.70682,Colfax,Louisiana,Grant Parish,US
32.10516,-92.07791,Columbia,Louisiana,Caldwell Parish,US
30.02076,-90.82982,Convent,Louisiana,Saint James Parish,US
32.81931,-93.41767,Cotton Valley,Louisiana,Webster Parish,US
30.98408,-92.05346,Cottonport,Louisiana,Avoyelles Parish,US
30.47547,-90.10091,Covington,Louisiana,Saint Tammany Parish,US
32.01488,-93.34212,Coushatta,Louisiana,Red River Parish,US
30.21409,-92.37458,Crowley,Louisiana,Acadia Parish,US
32.96903,-93.45073,Cullen,Louisiana,Webster Parish,US
29.54272,-90.33814,Cut Off,Louisiana,Lafourche Parish,US
30.45048,-93.43322,DeQuincy,Louisiana,Calcasieu Parish,US
30.84631,-93.28905,DeRidder,Louisiana,Beauregard Parish,US
29.94826,-91.98873,Delcambre,Louisiana,Iberia Parish,US
32.45764,-91.49317,Delhi,Louisiana,Richland Parish,US
30.4874,-90.95753,Denham Springs,Louisiana,Livingston Parish,US
29.82382,-90.47508,Des Allemands,Louisiana,Saint Charles Parish,US
29.94298,-90.35175,Destrehan,Louisiana,Saint Charles Parish,US
31.3574,-92.16541,Deville,Louisiana,Rapides Parish,US
30.10103,-90.99288,Donaldsonville,Louisiana,Ascension Parish,US
29.38883,-90.71398,Dulac,Louisiana,Terrebonne Parish,US
30.23576,-92.1854,Duson,Louisiana,Lafayette Parish,US
32.55626,-93.56712,Eastwood,Louisiana,Bossier Parish,US
30.22853,-89.79867,Eden Isle,Louisiana,Saint Tammany Parish,US
30.04326,-90.56009,Edgard,Louisiana,Saint John the Baptist Parish,US
29.95659,-90.1898,Elmwood,Louisiana,Jefferson Parish,US
30.48131,-92.6957,Elton,Louisiana,Jefferson Davis Parish,US
29.95826,-92.03596,Erath,Louisiana,Vermilion Parish,US
30.53102,-91.40789,Erwinville,Louisiana,West Baton Rouge Parish,US
29.84576,-90.10674,Estelle,Louisiana,Jefferson Parish,US
30.49437,-92.41763,Eunice,Louisiana,Saint Landry Parish,US
32.77347,-92.4057,Farmerville,Louisiana,Union Parish,US
31.63017,-91.55456,Ferriday,Louisiana,Concordia Parish,US
29.79604,-91.5015,Franklin,Louisiana,Saint Mary Parish,US
30.84731,-90.15527,Franklinton,Louisiana,Washington Parish,US
30.29519,-90.7951,French Settlement,Louisiana,Livingston Parish,US
29.44216,-90.29925,Galliano,Louisiana,Lafourche Parish,US
30.34575,-91.14011,Gardere,Louisiana,East Baton Rouge Parish,US
30.05604,-90.61926,Garyville,Louisiana,Saint John the Baptist Parish,US
30.97658,-92.58514,Glenmora,Louisiana,Rapides Parish,US
29.37911,-90.26008,Golden Meadow,Louisiana,Lafourche Parish,US
30.23853,-90.9201,Gonzales,Louisiana,Ascension Parish,US
32.52765,-92.71404,Grambling,Louisiana,Lincoln Parish,US
30.04742,-90.68981,Gramercy,Louisiana,Saint James Parish,US
29.23662,-89.98729,Grand Isle,Louisiana,Jefferson Parish,US
30.06131,-90.75343,Grand Point,Louisiana,Saint James Parish,US
29.69771,-90.78648,Gray,Louisiana,Terrebonne Parish,US
30.83074,-90.67176,Greensburg,Louisiana,Saint Helena Parish,US
32.44293,-93.97296,Greenwood,Louisiana,Caddo Parish,US
30.54491,-91.10677,Greenwood,Louisiana,East Baton Rouge Parish,US
29.91465,-90.05396,Gretna,Louisiana,Jefferson Parish,US
30.02604,-92.50847,Gueydan,Louisiana,Vermilion Parish,US
29.99605,-93.3421,Hackberry,Louisiana,Cameron Parish,US
29.97659,-90.40897,Hahnville,Louisiana,Saint Charles Parish,US
30.50436,-90.4612,Hammond,Louisiana,Tangipahoa Parish,US
29.94048,-90.20313,Harahan,Louisiana,Jefferson Parish,US
31.77211,-91.82152,Harrisonburg,Louisiana,Catahoula Parish,US
29.90354,-90.07729,Harvey,Louisiana,Jefferson Parish,US
32.53265,-93.50406,Haughton,Louisiana,Bossier Parish,US
32.96208,-93.14016,Haynesville,Louisiana,Claiborne Parish,US
30.31325,-91.79039,Henderson,Louisiana,Saint Martin Parish,US
32.79181,-93.05572,Homer,Louisiana,Claiborne Parish,US
29.59577,-90.71953,Houma,Louisiana,Terrebonne Parish,US
30.63547,-90.50092,Independence,Louisiana,Tangipahoa Parish,US
30.40491,-91.08344,Inniswold,Louisiana,East Baton Rouge Parish,US
30.33131,-92.49569,Iota,Louisiana,Acadia Parish,US
30.23687,-93.01376,Iowa,Louisiana,Calcasieu Parish,US
30.8374,-91.21761,Jackson,Louisiana,East Feliciana Parish,US
29.73604,-90.12674,Jean Lafitte,Louisiana,Jefferson Parish,US
29.91104,-91.66345,Jeanerette,Louisiana,Iberia Parish,US
29.96604,-90.15313,Jefferson,Louisiana,Jefferson Parish,US
31.68323,-92.13374,Jena,Louisiana,La Salle Parish,US
30.22243,-92.65708,Jennings,Louisiana,Jefferson Davis Parish,US
32.24127,-92.71599,Jonesboro,Louisiana,Jackson Parish,US
31.62656,-91.81818,Jonesville,Louisiana,Catahoula Parish,US
29.99798,-92.28485,Kaplan,Louisiana,Vermilion Parish,US
29.99409,-90.24174,Kenner,Louisiana,Jefferson Parish,US
30.93824,-90.50898,Kentwood,Louisiana,Tangipahoa Parish,US
30.35881,-90.5862,Killian,Louisiana,Livingston Parish,US
30.48548,-92.8507,Kinder,Louisiana,Allen Parish,US
30.53686,-91.75289,Krotz Springs,Louisiana,Saint Landry Parish,US
29.83743,-90.95621,Labadieville,Louisiana,Assumption Parish,US
30.31353,-89.94313,Lacombe,Louisiana,Saint Tammany Parish,US
30.22409,-92.01984,Lafayette,Louisiana,Lafayette Parish,US
30.08076,-92.67153,Lake Arthur,Louisiana,Jefferson Davis Parish,US
30.21309,-93.2044,Lake Charles,Louisiana,Calcasieu Parish,US
32.8043,-91.17011,Lake Providence,Louisiana,East Carroll Parish,US
32.53514,-92.02958,Lakeshore,Louisiana,Ouachita Parish,US
30.06659,-90.48008,Laplace,Louisiana,Saint John the Baptist Parish,US
29.57244,-90.38175,Larose,Louisiana,Lafourche Parish,US
30.51853,-92.18485,Lawtell,Louisiana,Saint Landry Parish,US
31.09463,-92.40041,Lecompte,Louisiana,Rapides Parish,US
31.14352,-93.261,Leesville,Louisiana,Vernon Parish,US
30.47047,-91.97845,Leonville,Louisiana,Saint Landry Parish,US
30.50213,-90.74787,Livingston,Louisiana,Livingston Parish,US
30.55908,-91.55594,Livonia,Louisiana,Pointe Coupee Parish,US
29.64605,-90.53925,Lockport,Louisiana,Lafourche Parish,US
29.65049,-90.54647,Lockport Heights,Louisiana,Lafourche Parish,US
31.97545,-93.99797,Logansport,Louisiana,De Soto Parish,US
29.93215,-90.36647,Luling,Louisiana,Saint Charles Parish,US
30.04048,-90.69898,Lutcher,Louisiana,Saint James Parish,US
30.63381,-92.4193,Mamou,Louisiana,Evangeline Parish,US
30.35825,-90.06563,Mandeville,Louisiana,Saint Tammany Parish,US
32.03766,-93.70018,Mansfield,Louisiana,De Soto Parish,US
31.05797,-92.04901,Mansura,Louisiana,Avoyelles Parish,US
31.56878,-93.48406,Many,Louisiana,Sabine Parish,US
30.4913,-91.51955,Maringouin,Louisiana,Iberville Parish,US
31.12797,-92.06624,Marksville,Louisiana,Avoyelles Parish,US
29.89937,-90.10035,Marrero,Louisiana,Jefferson Parish,US
29.68632,-90.54675,Mathews,Louisiana,Lafourche Parish,US
30.69297,-91.744,Melville,Louisiana,Saint Landry Parish,US
29.93298,-89.94979,Meraux,Louisiana,Saint Bernard Parish,US
30.5013,-91.10844,Merrydale,Louisiana,East Baton Rouge Parish,US
30.75437,-93.54045,Merryville,Louisiana,Beauregard Parish,US
29.98409,-90.15285,Metairie,Louisiana,Jefferson Parish,US
29.97854,-90.16396,Metairie Terrace,Louisiana,Jefferson Parish,US
31.69212,-92.15236,Midway,Louisiana,La Salle Parish,US
30.10381,-92.07651,Milton,Louisiana,Lafayette Parish,US
32.61543,-93.28684,Minden,Louisiana,Webster Parish,US
31.57933,-91.48179,Minorca,Louisiana,Concordia Parish,US
32.50931,-92.1193,Monroe,Louisiana,Ouachita Parish,US
30.07076,-90.50203,Montegut,Louisiana,Saint John the Baptist Parish,US
29.47439,-90.55703,Montegut,Louisiana,Terrebonne Parish,US
30.48908,-91.04872,Monticello,Louisiana,East Baton Rouge Parish,US
30.00687,-90.46869,Montz,Louisiana,Saint Charles Parish,US
29.69937,-91.20677,Morgan City,Louisiana,Saint Mary Parish,US
30.3027,-93.19071,Moss Bluff,Louisiana,Calcasieu Parish,US
29.94048,-91.02482,Napoleonville,Louisiana,Assumption Parish,US
30.5463,-90.48481,Natalbany,Louisiana,Tangipahoa Parish,US
31.76072,-93.08627,Natchitoches,Louisiana,Natchitoches Parish,US
30.00354,-91.81873,New Iberia,Louisiana,Iberia Parish,US
31.11491,-93.27155,New Llano,Louisiana,Vernon Parish,US
29.95465,-90.07507,New Orleans,Louisiana,Orleans Parish,US
30.70157,-91.43622,New Roads,Louisiana,Pointe Coupee Parish,US
29.97798,-90.38786,New Sarpy,Louisiana,Saint Charles Parish,US
32.07265,-91.24095,Newellton,Louisiana,Tensas Parish,US
29.99909,-90.4123,Norco,Louisiana,Saint Charles Parish,US
29.99687,-90.70565,North Vacherie,Louisiana,Saint James Parish,US
32.86096,-91.38845,Oak Grove,Louisiana,West Carroll Parish,US
30.35992,-91.0876,Oak Hills Place,Louisiana,East Baton Rouge Parish,US
30.81603,-92.66042,Oakdale,Louisiana,Allen Parish,US
30.80547,-92.62153,Oakdale,Louisiana,Allen Parish,US
30.6202,-92.76265,Oberlin,Louisiana,Allen Parish,US
32.74403,-93.97157,Oil City,Louisiana,Caddo Parish,US
30.38269,-91.01705,Old Jefferson,Louisiana,East Baton Rouge Parish,US
31.90294,-92.24319,Olla,Louisiana,La Salle Parish,US
30.53353,-92.08151,Opelousas,Louisiana,Saint Landry Parish,US
30.27603,-92.11235,Ossun,Louisiana,Lafayette Parish,US
29.87965,-90.43397,Paradis,Louisiana,Saint Charles Parish,US
29.69326,-91.30205,Patterson,Louisiana,Saint Mary Parish,US
30.02631,-90.71315,Paulina,Louisiana,Saint James Parish,US
30.37603,-89.7484,Pearl River,Louisiana,Saint Tammany Parish,US
29.9652,-91.20316,Pierre Part,Louisiana,Assumption Parish,US
30.78381,-92.42541,Pine Prairie,Louisiana,Evangeline Parish,US
31.3224,-92.4343,Pineville,Louisiana,Rapides Parish,US
32.90514,-93.69684,Plain Dealing,Louisiana,Bossier Parish,US
30.28908,-91.23427,Plaquemine,Louisiana,Iberville Parish,US
30.4388,-90.44148,Ponchatoula,Louisiana,Tangipahoa Parish,US
30.45214,-91.21011,Port Allen,Louisiana,West Baton Rouge Parish,US
30.5602,-91.95401,Port Barre,Louisiana,Saint Landry Parish,US
29.48049,-89.69395,Port Sulphur,Louisiana,Plaquemines Parish,US
29.86937,-89.88895,Poydras,Louisiana,Saint Bernard Parish,US
30.30297,-90.97205,Prairieville,Louisiana,Ascension Parish,US
29.56383,-90.6462,Presquille,Louisiana,Terrebonne Parish,US
30.18187,-93.27377,Prien,Louisiana,Calcasieu Parish,US
29.72743,-90.59898,Raceland,Louisiana,Lafourche Parish,US
30.23493,-92.26846,Rayne,Louisiana,Acadia Parish,US
32.47736,-91.75485,Rayville,Louisiana,Richland Parish,US
30.05381,-90.55175,Reserve,Louisiana,Saint John the Baptist Parish,US
32.44876,-92.08486,Richwood,Louisiana,Ouachita Parish,US
32.32849,-93.27989,Ringgold,Louisiana,Bienville Parish,US
29.9602,-90.21563,River Ridge,Louisiana,Jefferson Parish,US
30.76491,-90.51176,Roseland,Louisiana,Tangipahoa Parish,US
30.91991,-93.28239,Rosepine,Louisiana,Vernon Parish,US
32.52321,-92.63793,Ruston,Louisiana,Lincoln Parish,US
30.7799,-91.3765,Saint Francisville,Louisiana,West Feliciana Parish,US
30.2577,-91.09927,Saint Gabriel,Louisiana,Iberville Parish,US
31.91849,-91.23345,Saint Joseph,Louisiana,Tensas Parish,US
30.1252,-91.83345,Saint Martinville,Louisiana,Saint Martin Parish,US
29.94687,-90.32313,Saint Rose,Louisiana,Saint Charles Parish,US
29.74215,-90.81037,Schriever,Louisiana,Terrebonne Parish,US
30.23576,-92.09457,Scott,Louisiana,Lafayette Parish,US
30.4013,-91.00094,Shenandoah,Louisiana,East Baton Rouge Parish,US
32.52515,-93.75018,Shreveport,Louisiana,Caddo Parish,US
32.53932,-93.29628,Sibley,Louisiana,Webster Parish,US
30.98352,-91.80012,Simmesport,Louisiana,Avoyelles Parish,US
30.27519,-89.78117,Slidell,Louisiana,Saint Tammany Parish,US
30.18436,-90.85926,Sorrento,Louisiana,Ascension Parish,US
29.92743,-90.69981,South Vacherie,Louisiana,Saint James Parish,US
33.00597,-93.46684,Springhill,Louisiana,Webster Parish,US
32.69625,-92.08597,Sterlington,Louisiana,Ouachita Parish,US
32.28183,-93.82407,Stonewall,Louisiana,De Soto Parish,US
30.23659,-93.37738,Sulphur,Louisiana,Calcasieu Parish,US
30.41131,-92.06845,Sunset,Louisiana,Saint Landry Parish,US
29.85937,-90.98121,Supreme,Louisiana,Assumption Parish,US
32.56875,-91.98513,Swartz,Louisiana,Ouachita Parish,US
32.40848,-91.18678,Tallulah,Louisiana,Madison Parish,US
29.91021,-90.03257,Terrytown,Louisiana,Jefferson Parish,US
29.79576,-90.82287,Thibodaux,Louisiana,Lafourche Parish,US
29.87743,-90.03202,Timberlane,Louisiana,Jefferson Parish,US
31.86378,-92.29597,Urania,Louisiana,La Salle Parish,US
30.8938,-89.82952,Varnado,Louisiana,Washington Parish,US
31.56544,-91.42595,Vidalia,Louisiana,Concordia Parish,US
31.73239,-93.041,Vienna Bend,Louisiana,Natchitoches Parish,US
30.36214,-91.06733,Village Saint George,Louisiana,East Baton Rouge Parish,US
30.68797,-92.27152,Ville Platte,Louisiana,Evangeline Parish,US
30.19076,-93.58127,Vinton,Louisiana,Calcasieu Parish,US
29.89576,-89.89784,Violet,Louisiana,Saint Bernard Parish,US
32.87153,-93.9874,Vivian,Louisiana,Caddo Parish,US
29.91854,-90.21091,Waggaman,Louisiana,Jefferson Parish,US
30.48797,-90.86149,Walker,Louisiana,Livingston Parish,US
30.57574,-90.95316,Watson,Louisiana,Livingston Parish,US
30.23604,-92.82265,Welsh,Louisiana,Jefferson Davis Parish,US
31.64044,-91.57318,West Ferriday,Louisiana,Concordia Parish,US
32.51848,-92.14764,West Monroe,Louisiana,Ouachita Parish,US
30.24215,-93.25071,Westlake,Louisiana,Calcasieu Parish,US
29.90604,-90.1423,Westwego,Louisiana,Jefferson Parish,US
30.4138,-91.0876,Westminster,Louisiana,East Baton Rouge Parish,US
30.16992,-91.14705,White Castle,Louisiana,Iberville Parish,US
31.92558,-92.64131,Winnfield,Louisiana,Winn Parish,US
32.16321,-91.72068,Winnsboro,Louisiana,Franklin Parish,US
29.85798,-90.08035,Woodmere,Louisiana,Jefferson Parish,US
31.14658,-92.49736,Woodworth,Louisiana,Rapides Parish,US
30.64852,-91.1565,Zachary,Louisiana,East Baton Rouge Parish,US
30.09965,-91.99012,Youngsville,Louisiana,Lafayette Parish,US
31.63156,-93.64407,Zwolle,Louisiana,Sabine Parish,US
39.50956,-76.16412,Aberdeen,Maryland,Harford County,US
38.66762,-77.02831,Accokeek,Maryland,Prince George's County,US
39.31094,-77.47471,Adamstown,Maryland,Frederick County,US
39.00317,-76.97192,Adelphi,Maryland,Prince George's County,US
38.5829,-76.10577,Algonquin,Maryland,Dorchester County,US
38.97845,-76.49218,Annapolis,Maryland,Anne Arundel County,US
39.25455,-76.69997,Arbutus,Maryland,Baltimore County,US
39.06594,-76.57885,Arden on the Severn,Maryland,Anne Arundel County,US
39.03206,-76.50274,Arnold,Maryland,Anne Arundel County,US
39.07955,-77.07303,Aspen Hill,Maryland,Montgomery County,US
38.65928,-76.77775,Baden,Maryland,Prince George's County,US
39.29038,-76.61219,Baltimore,Maryland,City of Baltimore,US
39.23316,-76.63663,Baltimore Highlands,Maryland,Baltimore County,US
39.3726,-77.43526,Ballenger Creek,Maryland,Frederick County,US
39.3926,-77.35804,Bartonsville,Maryland,Frederick County,US
39.53594,-76.34829,Bel Air,Maryland,Harford County,US
39.57314,-78.84974,Bel Air,Maryland,Allegany County,US
39.03483,-76.90747,Beltsville,Maryland,Prince George's County,US
38.60929,-77.0122,Bennsville,Maryland,Charles County,US
38.32262,-75.21769,Berlin,Maryland,Worcester County,US
38.994,-76.91053,Berwyn Heights,Maryland,Prince George's County,US
38.98067,-77.10026,Bethesda,Maryland,Montgomery County,US
38.93928,-76.93386,Bladensburg,Maryland,Prince George's County,US
39.50621,-77.65249,Boonsboro,Maryland,Washington County,US
38.94278,-76.73028,Bowie,Maryland,Prince George's County,US
39.33539,-76.39024,Bowleys Quarters,Maryland,Baltimore County,US
39.6237,-78.80446,Bowling Green,Maryland,Allegany County,US
39.41871,-77.5036,Braddock Heights,Maryland,Frederick County,US
38.69678,-76.84775,Brandywine,Maryland,Prince George's County,US
38.94317,-76.95664,Brentwood,Maryland,Prince George's County,US
38.85011,-76.76108,Brock Hall,Maryland,Prince George's County,US
39.22844,-76.61636,Brooklyn Park,Maryland,Anne Arundel County,US
38.94206,-77.12026,Brookmont,Maryland,Montgomery County,US
39.31427,-77.62777,Brunswick,Maryland,Frederick County,US
38.62706,-77.07303,Bryans Road,Maryland,Charles County,US
39.33482,-77.43165,Buckeystown,Maryland,Frederick County,US
39.11122,-76.93248,Burtonsville,Maryland,Montgomery County,US
38.97539,-77.15803,Cabin John,Maryland,Montgomery County,US
38.3004,-76.50745,California,Maryland,Saint Mary's County,US
39.05761,-76.93581,Calverton,Maryland,Prince George's County,US
38.56317,-76.07883,Cambridge,Maryland,Dorchester County,US
38.804,-76.90664,Camp Springs,Maryland,Prince George's County,US
39.04317,-76.44496,Cape Saint Claire,Maryland,Anne Arundel County,US
38.88511,-76.91581,Capitol Heights,Maryland,Prince George's County,US
39.39427,-76.52358,Carney,Maryland,Baltimore County,US
39.27205,-76.73192,Catonsville,Maryland,Baltimore County,US
39.64426,-77.58582,Cavetown,Maryland,Washington County,US
39.04178,-76.06633,Centreville,Maryland,Queen Anne's County,US
39.26816,-76.70525,Charlestown,Maryland,Baltimore County,US
39.57373,-75.97495,Charlestown,Maryland,Cecil County,US
38.48096,-76.77802,Charlotte Hall,Maryland,Saint Mary's County,US
38.68623,-76.53468,Chesapeake Beach,Maryland,Calvert County,US
38.34624,-76.41773,Chesapeake Ranch Estates,Maryland,Calvert County,US
38.97539,-76.2894,Chester,Maryland,Queen Anne's County,US
39.209,-76.06661,Chestertown,Maryland,Kent County,US
38.92817,-76.91581,Cheverly,Maryland,Prince George's County,US
38.97122,-77.07637,Chevy Chase,Maryland,Montgomery County,US
38.96928,-77.07887,Chevy Chase Village,Maryland,Montgomery County,US
38.96372,-76.99081,Chillum,Maryland,Prince George's County,US
39.23872,-77.27943,Clarksburg,Maryland,Montgomery County,US
39.45621,-77.42887,Clover Hill,Maryland,Frederick County,US
39.10816,-76.99775,Cloverly,Maryland,Montgomery County,US
38.76511,-76.89831,Clinton,Maryland,Prince George's County,US
39.48122,-76.64386,Cockeysville,Maryland,Baltimore County,US
39.07566,-77.00192,Colesville,Maryland,Montgomery County,US
38.98067,-76.93692,College Park,Maryland,Prince George's County,US
38.93317,-76.94581,Colmar Manor,Maryland,Prince George's County,US
39.24038,-76.83942,Columbia,Maryland,Howard County,US
38.87039,-76.92108,Coral Hills,Maryland,Prince George's County,US
38.93817,-76.94831,Cottage City,Maryland,Prince George's County,US
39.59287,-78.83335,Cresaptown,Maryland,Allegany County,US
39.00178,-76.68747,Crofton,Maryland,Anne Arundel County,US
37.98346,-75.85382,Crisfield,Maryland,Somerset County,US
38.75262,-76.76386,Croom,Maryland,Prince George's County,US
39.02844,-76.60135,Crownsville,Maryland,Anne Arundel County,US
39.65287,-78.76252,Cumberland,Maryland,Allegany County,US
39.28844,-77.20387,Damascus,Maryland,Montgomery County,US
39.10344,-77.29082,Darnestown,Maryland,Montgomery County,US
38.92289,-76.6283,Davidsonville,Maryland,Anne Arundel County,US
38.77651,-76.55524,Deale,Maryland,Anne Arundel County,US
38.45595,-75.57742,Delmar,Maryland,Wicomico County,US
38.88456,-75.82716,Denton,Maryland,Caroline County,US
39.11733,-77.16109,Derwood,Maryland,Montgomery County,US
38.85761,-76.88942,District Heights,Maryland,Prince George's County,US
38.32679,-76.42606,Drum Point,Maryland,Calvert County,US
39.25066,-76.52052,Dundalk,Maryland,Baltimore County,US
38.72178,-76.66052,Dunkirk,Maryland,Calvert County,US
38.72039,-76.65857,Dunkirk Town Center,Maryland,Calvert County,US
38.96206,-76.92192,East Riverdale,Maryland,Prince George's County,US
38.77428,-76.07633,Easton,Maryland,Talbot County,US
39.24205,-76.44802,Edgemere,Maryland,Baltimore County,US
38.95706,-76.54996,Edgewater,Maryland,Anne Arundel County,US
39.41872,-76.2944,Edgewood,Maryland,Harford County,US
38.94678,-76.93109,Edmonston,Maryland,Prince George's County,US
39.40371,-76.95026,Eldersburg,Maryland,Carroll County,US
39.60678,-75.83327,Elkton,Maryland,Cecil County,US
39.21261,-76.71358,Elkridge,Maryland,Howard County,US
39.26733,-76.79831,Ellicott City,Maryland,Howard County,US
39.70454,-77.32693,Emmitsburg,Maryland,Frederick County,US
39.30927,-76.47496,Essex,Maryland,Baltimore County,US
39.07622,-76.95775,Fairland,Maryland,Montgomery County,US
38.90095,-76.91553,Fairmount Heights,Maryland,Prince George's County,US
39.51455,-76.41107,Fallston,Maryland,Harford County,US
38.69428,-75.77216,Federalsburg,Maryland,Caroline County,US
39.18316,-76.64024,Ferndale,Maryland,Anne Arundel County,US
39.01455,-77.0547,Forest Glen,Maryland,Montgomery County,US
38.80956,-76.99803,Forest Heights,Maryland,Prince George's County,US
38.84511,-76.87497,Forestville,Maryland,Prince George's County,US
39.12594,-76.78914,Fort George G Mead Junction,Maryland,Howard County,US
38.70734,-77.02303,Fort Washington,Maryland,Prince George's County,US
39.02039,-77.01275,Four Corners,Maryland,Montgomery County,US
39.41427,-77.41054,Frederick,Maryland,Frederick County,US
38.75178,-76.97859,Friendly,Maryland,Prince George's County,US
38.96289,-77.08887,Friendship Village,Maryland,Montgomery County,US
39.65814,-78.92836,Frostburg,Maryland,Allegany County,US
38.32206,-75.6202,Fruitland,Maryland,Wicomico County,US
39.15094,-76.92303,Fulton,Maryland,Howard County,US
39.14344,-77.20137,Gaithersburg,Maryland,Montgomery County,US
39.06705,-76.66524,Gambrills,Maryland,Anne Arundel County,US
39.40594,-76.76053,Garrison,Maryland,Baltimore County,US
39.17316,-77.27165,Germantown,Maryland,Montgomery County,US
38.819,-76.99859,Glassmanor,Maryland,Prince George's County,US
39.16261,-76.62469,Glen Burnie,Maryland,Anne Arundel County,US
38.92928,-76.86164,Glenarden,Maryland,Prince George's County,US
39.05789,-77.0497,Glenmont,Maryland,Montgomery County,US
38.98761,-76.82053,Glenn Dale,Maryland,Prince George's County,US
38.98955,-76.85331,Goddard,Maryland,Prince George's County,US
38.48985,-76.68218,Golden Beach,Maryland,Saint Mary's County,US
38.95817,-76.21023,Grasonville,Maryland,Queen Anne's County,US
39.13955,-76.54774,Green Haven,Maryland,Anne Arundel County,US
39.30927,-77.29721,Green Valley,Maryland,Frederick County,US
39.00455,-76.87553,Greenbelt,Maryland,Prince George's County,US
38.97372,-75.80493,Greensboro,Maryland,Caroline County,US
39.64176,-77.71999,Hagerstown,Maryland,Washington County,US
39.62065,-77.75888,Halfway,Maryland,Washington County,US
39.60483,-76.84998,Hampstead,Maryland,Carroll County,US
39.42288,-76.58469,Hampton,Maryland,Baltimore County,US
39.69898,-78.17973,Hancock,Maryland,Washington County,US
39.19289,-76.72414,Hanover,Maryland,Howard County,US
39.54928,-76.09162,Havre de Grace,Maryland,Harford County,US
38.42012,-75.68771,Hebron,Maryland,Wicomico County,US
39.05372,-76.56913,Herald Harbor,Maryland,Anne Arundel County,US
39.71616,-77.48282,Highfield-Cascade,Maryland,Washington County,US
39.179,-76.95748,Highland,Maryland,Howard County,US
39.0265,-76.97414,Hillandale,Maryland,Montgomery County,US
38.83289,-76.95942,Hillcrest Heights,Maryland,Prince George's County,US
38.94011,-76.49496,Hillsmere Shores,Maryland,Anne Arundel County,US
38.53262,-76.78386,Hughesville,Maryland,Charles County,US
39.49983,-76.64108,Hunt Valley,Maryland,Baltimore County,US
38.61595,-76.61302,Huntingtown,Maryland,Calvert County,US
38.62095,-76.61607,Huntingtown Town Center,Maryland,Calvert County,US
38.62428,-75.85438,Hurlock,Maryland,Dorchester County,US
38.95594,-76.94553,Hyattsville,Maryland,Prince George's County,US
39.25094,-76.76469,Ilchester,Maryland,Howard County,US
38.60012,-77.1622,Indian Head,Maryland,Charles County,US
39.60455,-76.47774,Jarrettsville,Maryland,Harford County,US
39.36205,-77.53165,Jefferson,Maryland,Frederick County,US
39.45789,-76.35524,Joppatowne,Maryland,Harford County,US
39.48621,-77.69971,Keedysville,Maryland,Washington County,US
39.039,-77.01914,Kemp Mill,Maryland,Montgomery County,US
39.02567,-77.07637,Kensington,Maryland,Montgomery County,US
38.88456,-76.81469,Kettering,Maryland,Prince George's County,US
39.20483,-76.05133,Kingstown,Maryland,Queen Anne's County,US
39.44872,-76.41774,Kingsville,Maryland,Baltimore County,US
38.52929,-76.97525,La Plata,Maryland,Charles County,US
39.65564,-78.81058,La Vale,Maryland,Allegany County,US
38.90789,-76.82969,Lake Arbor,Maryland,Prince George's County,US
39.10705,-76.48496,Lake Shore,Maryland,Anne Arundel County,US
38.934,-76.89664,Landover,Maryland,Prince George's County,US
38.94317,-76.8922,Landover Hills,Maryland,Prince George's County,US
38.98872,-76.98136,Langley Park,Maryland,Prince George's County,US
38.96706,-76.86192,Lanham,Maryland,Prince George's County,US
39.24511,-76.66052,Lansdowne,Maryland,Baltimore County,US
38.89761,-76.83025,Largo,Maryland,Prince George's County,US
39.09928,-76.84831,Laurel,Maryland,Prince George's County,US
39.09233,-77.04442,Layhill,Maryland,Montgomery County,US
38.29124,-76.63579,Leonardtown,Maryland,Saint Mary's County,US
38.26679,-76.45384,Lexington Park,Maryland,Saint Mary's County,US
39.44038,-77.20804,Linganore,Maryland,Frederick County,US
39.20511,-76.65275,Linthicum,Maryland,Anne Arundel County,US
39.34066,-76.72219,Lochearn,Maryland,Baltimore County,US
39.56592,-78.9803,Lonaconing,Maryland,Allegany County,US
38.93345,-76.54941,Londontowne,Maryland,Anne Arundel County,US
38.46096,-76.46884,Long Beach,Maryland,Calvert County,US
38.41068,-76.45523,Lusby,Maryland,Calvert County,US
39.42122,-76.62608,Lutherville,Maryland,Baltimore County,US
39.66121,-76.88498,Manchester,Maryland,Carroll County,US
38.83622,-76.71497,Marlboro Meadows,Maryland,Prince George's County,US
38.83345,-76.95164,Marlow Heights,Maryland,Prince George's County,US
38.77373,-76.78997,Marlton,Maryland,Prince George's County,US
39.09205,-76.81775,Maryland City,Maryland,Anne Arundel County,US
39.69287,-77.74472,Maugansville,Maryland,Washington County,US
38.88761,-76.5119,Mayo,Maryland,Anne Arundel County,US
39.43316,-76.64941,Mays Chapel,Maryland,Baltimore County,US
38.4429,-76.74385,Mechanicsville,Maryland,Saint Mary's County,US
38.81039,-76.82414,Mellwood,Maryland,Prince George's County,US
39.33427,-76.43941,Middle River,Maryland,Baltimore County,US
39.44371,-77.54471,Middletown,Maryland,Frederick County,US
39.34788,-76.76997,Milford Mill,Maryland,Baltimore County,US
38.92511,-76.74275,Mitchellville,Maryland,Prince George's County,US
39.17677,-77.19526,Montgomery Village,Maryland,Montgomery County,US
38.83011,-76.89136,Morningside,Maryland,Prince George's County,US
39.37621,-77.1547,Mount Airy,Maryland,Carroll County,US
38.9415,-76.96498,Mount Rainier,Maryland,Prince George's County,US
39.39843,-79.38171,Mountain Lake Park,Maryland,Garrett County,US
39.5051,-77.56638,Myersville,Maryland,Frederick County,US
38.96983,-76.87997,New Carrollton,Maryland,Prince George's County,US
39.54205,-77.10804,New Windsor,Maryland,Carroll County,US
38.70734,-76.53107,North Beach,Maryland,Calvert County,US
39.53983,-76.35496,North Bel Air,Maryland,Harford County,US
39.04455,-77.11887,North Bethesda,Maryland,Montgomery County,US
39.60011,-75.94133,North East,Maryland,Cecil County,US
39.03039,-77.07248,North Kensington,Maryland,Montgomery County,US
39.139,-76.87053,North Laurel,Maryland,Howard County,US
39.08289,-77.26498,North Potomac,Maryland,Montgomery County,US
39.40787,-79.40671,Oakland,Maryland,Garrett County,US
38.3365,-75.08491,Ocean City,Maryland,Worcester County,US
38.39539,-75.15574,Ocean Pines,Maryland,Worcester County,US
39.084,-76.70025,Odenton,Maryland,Anne Arundel County,US
39.15316,-77.06692,Olney,Maryland,Montgomery County,US
39.36344,-76.52052,Overlea,Maryland,Baltimore County,US
38.71762,-76.60135,Owings,Maryland,Calvert County,US
39.41955,-76.78025,Owings Mills,Maryland,Baltimore County,US
38.80345,-76.9897,Oxon Hill,Maryland,Prince George's County,US
39.37733,-76.53969,Parkville,Maryland,Baltimore County,US
38.97956,-76.53052,Parole,Maryland,Anne Arundel County,US
39.10733,-76.57108,Pasadena,Maryland,Anne Arundel County,US
39.41261,-76.46357,Perry Hall,Maryland,Baltimore County,US
39.46955,-76.2044,Perryman,Maryland,Harford County,US
39.56011,-76.07134,Perryville,Maryland,Cecil County,US
39.37427,-76.72247,Pikesville,Maryland,Baltimore County,US
38.39539,-75.41297,Pittsville,Maryland,Wicomico County,US
39.47955,-76.39413,Pleasant Hills,Maryland,Harford County,US
38.07568,-75.56798,Pocomoke City,Maryland,Worcester County,US
39.27594,-77.53915,Point of Rocks,Maryland,Frederick County,US
39.14594,-77.41693,Poolesville,Maryland,Montgomery County,US
39.01817,-77.20859,Potomac,Maryland,Montgomery County,US
38.60873,-77.14053,Potomac Heights,Maryland,Charles County,US
39.61176,-78.80585,Potomac Park,Maryland,Allegany County,US
38.5404,-76.5844,Prince Frederick,Maryland,Calvert County,US
38.2029,-75.69243,Princess Anne,Maryland,Somerset County,US
39.21733,-76.63719,Pumphrey,Maryland,Anne Arundel County,US
39.36733,-76.79525,Randallstown,Maryland,Baltimore County,US
39.14539,-77.14415,Redland,Maryland,Montgomery County,US
39.46955,-76.82942,Reisterstown,Maryland,Baltimore County,US
38.94789,-75.88438,Ridgely,Maryland,Caroline County,US
39.69789,-76.06273,Rising Sun,Maryland,Cecil County,US
38.95206,-76.57802,Riva,Maryland,Anne Arundel County,US
38.96344,-76.93164,Riverdale Park,Maryland,Prince George's County,US
39.47372,-76.24134,Riverside,Maryland,Harford County,US
39.17344,-76.88525,Riverside,Maryland,Howard County,US
39.16678,-76.50802,Riviera Beach,Maryland,Anne Arundel County,US
38.95428,-76.51468,Robinwood,Maryland,Anne Arundel County,US
39.63704,-77.65694,Robinwood,Maryland,Washington County,US
39.625,-77.6625,Robinwood,Maryland,Washington County,US
39.13817,-76.23495,Rock Hall,Maryland,Kent County,US
39.084,-77.15276,Rockville,Maryland,Montgomery County,US
38.75678,-76.80969,Rosaryville,Maryland,Prince George's County,US
39.32011,-76.51552,Rosedale,Maryland,Baltimore County,US
39.10372,-77.07109,Rossmoor,Maryland,Montgomery County,US
39.33844,-76.47968,Rossville,Maryland,Baltimore County,US
38.60317,-76.93858,Saint Charles,Maryland,Charles County,US
39.5626,-77.75805,Saint James,Maryland,Washington County,US
38.78512,-76.22439,Saint Michaels,Maryland,Talbot County,US
38.36067,-75.59937,Salisbury,Maryland,Wicomico County,US
39.13789,-76.82386,Savage,Maryland,Howard County,US
38.96789,-76.84497,Seabrook,Maryland,Prince George's County,US
38.89622,-76.90664,Seat Pleasant,Maryland,Prince George's County,US
38.91622,-76.52246,Selby-on-the-Bay,Maryland,Anne Arundel County,US
39.13705,-76.6983,Severn,Maryland,Anne Arundel County,US
39.07039,-76.54524,Severna Park,Maryland,Anne Arundel County,US
38.84178,-76.51218,Shady Side,Maryland,Anne Arundel County,US
38.84178,-76.94581,Silver Hill,Maryland,Prince George's County,US
38.99067,-77.02609,Silver Spring,Maryland,Montgomery County,US
39.65482,-77.57277,Smithsburg,Maryland,Washington County,US
38.17706,-75.3927,Snow Hill,Maryland,Worcester County,US
38.31846,-76.45412,Solomons,Maryland,Calvert County,US
38.96594,-77.09609,Somerset,Maryland,Montgomery County,US
39.53316,-76.33746,South Bel Air,Maryland,Harford County,US
39.129,-76.6258,South Gate,Maryland,Anne Arundel County,US
39.019,-77.07998,South Kensington,Maryland,Montgomery County,US
39.06983,-76.85025,South Laurel,Maryland,Prince George's County,US
39.11427,-76.97831,Spencerville,Maryland,Montgomery County,US
39.40149,-77.35248,Spring Ridge,Maryland,Frederick County,US
38.93761,-76.83886,Springdale,Maryland,Prince George's County,US
38.98067,-76.3144,Stevensville,Maryland,Queen Anne's County,US
38.84872,-76.92386,Suitland,Maryland,Prince George's County,US
39.37371,-76.96776,Sykesville,Maryland,Carroll County,US
38.97789,-77.00748,Takoma Park,Maryland,Montgomery County,US
39.65788,-77.17443,Taneytown,Maryland,Carroll County,US
38.814,-76.94553,Temple Hills,Maryland,Prince George's County,US
39.62371,-77.41082,Thurmont,Maryland,Frederick County,US
39.43705,-76.61969,Timonium,Maryland,Baltimore County,US
39.4015,-76.60191,Towson,Maryland,Baltimore County,US
38.65845,-76.058,Trappe,Maryland,Talbot County,US
39.069,-77.26304,Travilah,Maryland,Montgomery County,US
38.97039,-76.94192,University Park,Maryland,Prince George's County,US
38.81595,-76.74969,Upper Marlboro,Maryland,Prince George's County,US
39.32594,-77.35137,Urbana,Maryland,Frederick County,US
38.62456,-76.93914,Waldorf,Maryland,Charles County,US
38.87539,-76.88831,Walker Mill,Maryland,Prince George's County,US
39.48621,-77.35193,Walkersville,Maryland,Frederick County,US
39.20705,-76.72692,West Elkridge,Maryland,Howard County,US
39.10122,-76.8997,West Laurel,Maryland,Prince George's County,US
38.3315,-75.10685,West Ocean City,Maryland,Worcester County,US
39.48537,-79.04475,Westernport,Maryland,Allegany County,US
39.57538,-76.99581,Westminster,Maryland,Carroll County,US
38.84539,-76.81108,Westphalia,Maryland,Prince George's County,US
39.03983,-77.05526,Wheaton,Maryland,Montgomery County,US
39.38372,-76.43218,White Marsh,Maryland,Baltimore County,US
39.03983,-76.99303,White Oak,Maryland,Montgomery County,US
39.60065,-77.82055,Williamsport,Maryland,Washington County,US
39.32288,-76.72803,Woodlawn,Maryland,Baltimore County,US
38.94956,-76.89136,Woodlawn,Maryland,Prince George's County,US
38.92122,-76.80303,Woodmore,Maryland,Prince George's County,US
39.53316,-77.31471,Woodsboro,Maryland,Frederick County,US
38.39752,-94.35162,Adrian,Missouri,Bates County,US
37.10455,-89.90953,Advance,Missouri,Stoddard County,US
38.55061,-90.33317,Affton,Missouri,Saint Louis County,US
39.22334,-94.11328,Albany,Missouri,Ray County,US
36.69423,-91.3993,Alton,Missouri,Oregon County,US
36.65063,-94.44355,Anderson,Missouri,McDonald County,US
38.19058,-94.02939,Appleton City,Missouri,Saint Clair County,US
38.48168,-94.35439,Archie,Missouri,Cass County,US
38.43283,-90.37762,Arnold,Missouri,Jefferson County,US
37.31533,-93.5852,Ash Grove,Missouri,Greene County,US
38.77448,-92.25713,Ashland,Missouri,Boone County,US
36.97089,-93.71798,Aurora,Missouri,Lawrence County,US
36.952,-92.66045,Ava,Missouri,Douglas County,US
38.59505,-90.54623,Ballwin,Missouri,Saint Louis County,US
38.34422,-90.39345,Barnhart,Missouri,Jefferson County,US
37.11561,-93.37019,Battlefield,Missouri,Greene County,US
38.702,-90.31678,Bel-Nor,Missouri,Saint Louis County,US
38.7095,-90.32539,Bel-Ridge,Missouri,Saint Louis County,US
38.28588,-91.72044,Belle,Missouri,Maries County,US
38.74033,-90.2265,Bellefontaine Neighbors,Missouri,Saint Louis County,US
38.81195,-94.5319,Belton,Missouri,Cass County,US
37.09783,-89.56258,Benton,Missouri,Scott County,US
38.7545,-90.33123,Berkeley,Missouri,Saint Louis County,US
36.66894,-89.9687,Bernie,Missouri,Stoddard County,US
37.06755,-93.55214,Billings,Missouri,Christian County,US
37.76922,-90.62485,Bismarck,Missouri,Saint Francois County,US
38.79338,-90.26733,Black Jack,Missouri,Saint Louis County,US
36.88589,-89.92926,Bloomfield,Missouri,Stoddard County,US
39.01695,-94.28161,Blue Springs,Missouri,Jackson County,US
37.61448,-93.41047,Bolivar,Missouri,Polk County,US
37.92311,-90.5554,Bonne Terre,Missouri,Saint Francois County,US
38.97364,-92.74324,Boonville,Missouri,Cooper County,US
38.15477,-91.24403,Bourbon,Missouri,Crawford County,US
39.34199,-91.19514,Bowling Green,Missouri,Pike County,US
36.64367,-93.21851,Branson,Missouri,Taney County,US
38.7145,-90.36734,Breckenridge Hills,Missouri,Saint Louis County,US
38.61755,-90.34928,Brentwood,Missouri,Saint Louis County,US
38.767,-90.41151,Bridgeton,Missouri,Saint Louis County,US
39.78447,-93.07353,Brookfield,Missouri,Linn County,US
39.13251,-94.19856,Buckner,Missouri,Jackson County,US
37.64393,-93.09241,Buffalo,Missouri,Dallas County,US
38.25863,-94.33051,Butler,Missouri,Bates County,US
38.43783,-90.58179,Byrnes Mill,Missouri,Jefferson County,US
37.12394,-92.10127,Cabool,Missouri,Texas County,US
38.62753,-92.56658,California,Missouri,Moniteau County,US
38.76477,-90.31373,Calverton Park,Missouri,Saint Louis County,US
38.00809,-92.74463,Camdenton,Missouri,Camden County,US
39.74028,-94.24106,Cameron,Missouri,Clinton County,US
36.49339,-90.07509,Campbell,Missouri,Dunklin County,US
37.30588,-89.51815,Cape Girardeau,Missouri,Cape Girardeau County,US
37.17672,-94.56551,Carl Junction,Missouri,Jasper County,US
39.35835,-93.49577,Carrollton,Missouri,Carroll County,US
37.14923,-94.443,Carterville,Missouri,Jasper County,US
37.17645,-94.31022,Carthage,Missouri,Jasper County,US
36.19312,-89.65564,Caruthersville,Missouri,Pemiscot County,US
36.67701,-93.86881,Cassville,Missouri,Barry County,US
38.75811,-90.24817,Castle Point,Missouri,Saint Louis County,US
38.35339,-90.64124,Cedar Hill,Missouri,Jefferson County,US
37.43505,-90.95846,Centerville,Missouri,Reynolds County,US
39.21032,-92.13795,Centralia,Missouri,Boone County,US
37.18005,-89.65509,Chaffee,Missouri,Scott County,US
38.70255,-90.34345,Charlack,Missouri,Saint Louis County,US
36.92089,-89.35063,Charleston,Missouri,Mississippi County,US
38.66311,-90.57707,Chesterfield,Missouri,Saint Louis County,US
39.79529,-93.55244,Chillicothe,Missouri,Livingston County,US
38.61839,-90.58929,Clarkson Valley,Missouri,Saint Louis County,US
36.45173,-89.96704,Clarkton,Missouri,Dunklin County,US
39.2025,-94.49245,Claycomo,Missouri,Clay County,US
38.64255,-90.32373,Clayton,Missouri,Saint Louis County,US
37.03033,-93.47297,Clever,Missouri,Christian County,US
38.36863,-93.77827,Clinton,Missouri,Henry County,US
38.46002,-93.2027,Cole Camp,Missouri,Benton County,US
38.95171,-92.33407,Columbia,Missouri,Boone County,US
38.5245,-90.35734,Concord,Missouri,Saint Louis County,US
38.98335,-93.56855,Concordia,Missouri,Lafayette County,US
38.72783,-90.31011,Cool Valley,Missouri,Saint Louis County,US
38.74616,-90.65401,Cottleville,Missouri,Saint Charles County,US
38.72088,-90.27484,Country Club Hills,Missouri,Saint Louis County,US
39.83222,-94.82163,Country Club Village,Missouri,Andrew County,US
36.90534,-93.57158,Crane,Missouri,Stone County,US
38.557,-90.38178,Crestwood,Missouri,Saint Louis County,US
38.66089,-90.42262,Creve Coeur,Missouri,Saint Louis County,US
37.94893,-92.26378,Crocker,Missouri,Pulaski County,US
38.22117,-90.37901,Crystal City,Missouri,Jefferson County,US
38.06282,-91.40348,Cuba,Missouri,Crawford County,US
38.7695,-90.72902,Dardenne Prairie,Missouri,Saint Charles County,US
38.1395,-90.55513,De Soto,Missouri,Jefferson County,US
38.7495,-90.28567,Dellwood,Missouri,Saint Louis County,US
38.60089,-90.4329,Des Peres,Missouri,Saint Louis County,US
37.87088,-90.52735,Desloge,Missouri,Saint Francois County,US
36.79589,-89.95787,Dexter,Missouri,Stoddard County,US
37.99171,-92.09378,Dixon,Missouri,Pulaski County,US
36.62089,-90.82346,Doniphan,Missouri,Ripley County,US
37.08367,-94.41356,Duenweg,Missouri,Jasper County,US
37.07673,-94.45939,Duquesne,Missouri,Jasper County,US
39.09556,-94.35523,East Independence,Missouri,Jackson County,US
36.77978,-89.38563,East Prairie,Missouri,Mississippi County,US
37.87698,-94.02133,El Dorado Springs,Missouri,Cedar County,US
38.34836,-92.58158,Eldon,Missouri,Miller County,US
38.59255,-90.58707,Ellisville,Missouri,Saint Louis County,US
39.16672,-90.78096,Elsberry,Missouri,Lincoln County,US
37.83672,-90.5329,Elvins,Missouri,Saint Francois County,US
37.1506,-91.35764,Eminence,Missouri,Shannon County,US
37.85033,-90.49874,Esther,Missouri,Saint Francois County,US
38.50255,-90.6279,Eureka,Missouri,Saint Louis County,US
39.33917,-94.22606,Excelsior Springs,Missouri,Clay County,US
37.38393,-93.1513,Fair Grove,Missouri,Greene County,US
37.78088,-90.42179,Farmington,Missouri,Saint Francois County,US
39.14587,-92.68379,Fayette,Missouri,Howard County,US
38.51311,-90.43595,Fenton,Missouri,Saint Louis County,US
38.74422,-90.30539,Ferguson,Missouri,Saint Louis County,US
38.22061,-90.39595,Festus,Missouri,Jefferson County,US
37.85005,-90.51679,Flat River,Missouri,Saint Francois County,US
38.78922,-90.32261,Florissant,Missouri,Saint Louis County,US
36.68506,-93.1199,Forsyth,Missouri,Taney County,US
38.19809,-92.71102,Four Seasons,Missouri,Camden County,US
37.55978,-90.29401,Fredericktown,Missouri,Madison County,US
38.63561,-90.41512,Frontenac,Missouri,Saint Louis County,US
38.84671,-91.94796,Fulton,Missouri,Callaway County,US
36.60312,-92.42822,Gainesville,Missouri,Ozark County,US
36.80534,-93.46658,Galena,Missouri,Stone County,US
39.91445,-93.96217,Gallatin,Missouri,Daviess County,US
38.56112,-94.19133,Garden City,Missouri,Cass County,US
38.39977,-91.33071,Gerald,Missouri,Franklin County,US
36.45201,-89.91926,Gideon,Missouri,New Madrid County,US
39.20389,-94.55468,Gladstone,Missouri,Clay County,US
38.75366,-90.19844,Glasgow Village,Missouri,Saint Louis County,US
39.22725,-92.84658,Glasgow,Missouri,Howard County,US
38.59589,-90.37706,Glendale,Missouri,Saint Louis County,US
36.74174,-94.39911,Goodman,Missouri,McDonald County,US
39.61083,-94.5994,Gower,Missouri,Clinton County,US
39.01501,-94.19856,Grain Valley,Missouri,Jackson County,US
36.91923,-94.25522,Granby,Missouri,Newton County,US
38.88584,-94.53301,Grandview,Missouri,Jackson County,US
38.48978,-90.8168,Gray Summit,Missouri,Franklin County,US
38.52366,-90.33845,Green Park,Missouri,Saint Louis County,US
37.41532,-93.84104,Greenfield,Missouri,Dade County,US
37.12727,-90.45011,Greenville,Missouri,Wayne County,US
38.85168,-94.34384,Greenwood,Missouri,Jackson County,US
39.11699,-92.22074,Hallsville,Missouri,Boone County,US
39.74362,-93.99827,Hamilton,Missouri,Caldwell County,US
38.68588,-90.32373,Hanley Hills,Missouri,Saint Louis County,US
39.70838,-91.35848,Hannibal,Missouri,Marion County,US
38.65334,-94.34884,Harrisonville,Missouri,Cass County,US
37.25088,-92.51044,Hartville,Missouri,Wright County,US
36.23368,-89.74953,Hayti,Missouri,Pemiscot County,US
38.77144,-90.37095,Hazelwood,Missouri,Saint Louis County,US
38.26839,-90.38012,Herculaneum,Missouri,Jefferson County,US
38.70421,-91.43738,Hermann,Missouri,Gasconade County,US
37.94142,-93.31631,Hermitage,Missouri,Hickory County,US
39.07251,-93.71716,Higginsville,Missouri,Lafayette County,US
38.45894,-90.53651,High Ridge,Missouri,Jefferson County,US
38.23228,-90.5629,Hillsboro,Missouri,Jefferson County,US
38.68338,-90.284,Hillsdale,Missouri,Saint Louis County,US
38.71418,-93.99133,Holden,Missouri,Johnson County,US
36.62117,-93.21546,Hollister,Missouri,Taney County,US
38.64032,-92.12241,Holts Summit,Missouri,Callaway County,US
37.32616,-91.95599,Houston,Missouri,Texas County,US
37.79448,-93.57798,Humansville,Missouri,Polk County,US
39.44059,-92.54518,Huntsville,Missouri,Randolph County,US
38.36978,-90.37845,Imperial,Missouri,Jefferson County,US
39.09112,-94.41551,Independence,Missouri,Jackson County,US
37.59727,-90.62734,Ironton,Missouri,Iron County,US
37.38227,-89.66621,Jackson,Missouri,Cape Girardeau County,US
38.5767,-92.17352,Jefferson City,Missouri,Cole County,US
38.71922,-90.26039,Jennings,Missouri,Saint Louis County,US
37.08423,-94.51328,Joplin,Missouri,Jasper County,US
39.09973,-94.57857,Kansas City,Missouri,Jackson County,US
39.36778,-94.36217,Kearney,Missouri,Clay County,US
36.23618,-90.05565,Kennett,Missouri,Dunklin County,US
39.43447,-92.93825,Keytesville,Missouri,Chariton County,US
36.6334,-93.41685,Kimberling City,Missouri,Stone County,US
39.64417,-94.03855,Kingston,Missouri,Caldwell County,US
38.58339,-90.40678,Kirkwood,Missouri,Saint Louis County,US
36.68367,-93.0499,Kissee Mills,Missouri,Taney County,US
38.76668,-93.55855,Knob Noster,Missouri,Johnson County,US
38.77418,-93.42521,La Monte,Missouri,Pettis County,US
38.64977,-90.38067,Ladue,Missouri,Saint Louis County,US
38.92306,-94.24411,Lake Lotawana,Missouri,Jackson County,US
38.19864,-92.6388,Lake Ozark,Missouri,Miller County,US
38.79755,-90.78568,Lake Saint Louis,Missouri,Saint Charles County,US
38.8314,-94.35856,Lake Winnebago,Missouri,Cass County,US
38.53866,-90.33512,Lakeshire,Missouri,Saint Louis County,US
37.49505,-94.27661,Lamar,Missouri,Barton County,US
39.54834,-94.32995,Lathrop,Missouri,Clinton County,US
39.43834,-94.20411,Lawson,Missouri,Ray County,US
37.86727,-90.59318,Leadwood,Missouri,Saint Francois County,US
37.6806,-92.66379,Lebanon,Missouri,Laclede County,US
38.91084,-94.38217,Lees Summit,Missouri,Jackson County,US
38.53339,-90.27928,Lemay,Missouri,Saint Louis County,US
39.18473,-93.87994,Lexington,Missouri,Lafayette County,US
39.24611,-94.41912,Liberty,Missouri,Clay County,US
37.49949,-91.8571,Licking,Missouri,Texas County,US
36.59228,-89.61536,Lilbourn,Missouri,New Madrid County,US
38.39086,-93.33465,Lincoln,Missouri,Benton County,US
39.87863,-93.18882,Linneus,Missouri,Linn County,US
38.87084,-94.17383,Lone Jack,Missouri,Jackson County,US
39.44894,-91.05153,Louisiana,Missouri,Pike County,US
39.74226,-92.47269,Macon,Missouri,Macon County,US
36.557,-89.96648,Malden,Missouri,Dunklin County,US
38.597,-90.50929,Manchester,Missouri,Saint Louis County,US
37.10672,-92.58072,Mansfield,Missouri,Wright County,US
38.61255,-90.32456,Maplewood,Missouri,Saint Louis County,US
37.30589,-89.97038,Marble Hill,Missouri,Bollinger County,US
39.71197,-92.94825,Marceline,Missouri,Linn County,US
37.00311,-93.63742,Marionville,Missouri,Lawrence County,US
38.57033,-90.33706,Marlborough,Missouri,Saint Louis County,US
39.12308,-93.19687,Marshall,Missouri,Saline County,US
37.33866,-92.90712,Marshfield,Missouri,Webster County,US
38.62838,-91.05764,Marthasville,Missouri,Warren County,US
38.71311,-90.42984,Maryland Heights,Missouri,Saint Louis County,US
39.88917,-94.3619,Maysville,Missouri,DeKalb County,US
38.50839,-90.32289,Mehlville,Missouri,Saint Louis County,US
36.71395,-93.16185,Merriam Woods,Missouri,Taney County,US
39.16976,-91.88295,Mexico,Missouri,Audrain County,US
39.41837,-92.43824,Moberly,Missouri,Randolph County,US
38.74699,-90.24011,Moline Acres,Missouri,Saint Louis County,US
36.92895,-93.92771,Monett,Missouri,Barry County,US
39.65365,-91.73461,Monroe City,Missouri,Marion County,US
38.97754,-91.50488,Montgomery City,Missouri,Montgomery County,US
38.94783,-90.91819,Moscow Mills,Missouri,Lincoln County,US
37.10367,-93.81854,Mount Vernon,Missouri,Lawrence County,US
37.13061,-92.26349,Mountain Grove,Missouri,Wright County,US
36.99533,-91.70376,Mountain View,Missouri,Howell County,US
38.49033,-90.48707,Murphy,Missouri,Jefferson County,US
36.86896,-94.368,Neosho,Missouri,Newton County,US
37.83921,-94.35467,Nevada,Missouri,Vernon County,US
39.01725,-92.73741,New Franklin,Missouri,Howard County,US
38.60838,-91.21904,New Haven,Missouri,Franklin County,US
39.58532,-91.40098,New London,Missouri,Ralls County,US
36.58645,-89.52785,New Madrid,Missouri,New Madrid County,US
37.04339,-93.29435,Nixa,Missouri,Christian County,US
36.54563,-94.48522,Noel,Missouri,McDonald County,US
38.72088,-90.29734,Normandy,Missouri,Saint Louis County,US
39.13,-94.56218,North Kansas City,Missouri,Clay County,US
38.70422,-90.28345,Northwoods,Missouri,Saint Louis County,US
38.81061,-90.69985,O'Fallon,Missouri,Saint Charles County,US
39.00501,-94.12939,Oak Grove,Missouri,Jackson County,US
38.57644,-90.38567,Oakland,Missouri,Saint Louis County,US
38.47005,-90.30456,Oakville,Missouri,Saint Louis County,US
38.99917,-93.95356,Odessa,Missouri,Lafayette County,US
38.66533,-90.37595,Olivette,Missouri,Saint Louis County,US
37.08505,-89.65536,Oran,Missouri,Scott County,US
39.98694,-95.14498,Oregon,Missouri,Holt County,US
37.18839,-94.47023,Oronogo,Missouri,Jasper County,US
38.12956,-92.65277,Osage Beach,Missouri,Camden County,US
38.0467,-93.70438,Osceola,Missouri,Saint Clair County,US
38.70116,-90.36234,Overland,Missouri,Saint Louis County,US
38.3456,-91.50155,Owensville,Missouri,Gasconade County,US
37.02089,-93.20602,Ozark,Missouri,Christian County,US
38.482,-90.74152,Pacific,Missouri,Franklin County,US
38.68338,-90.30761,Pagedale,Missouri,Saint Louis County,US
39.79421,-91.52321,Palmyra,Missouri,Marion County,US
39.48087,-92.00128,Paris,Missouri,Monroe County,US
37.85422,-90.51818,Park Hills,Missouri,Saint Francois County,US
39.195,-94.68218,Parkville,Missouri,Platte County,US
38.71918,-94.45856,Peculiar,Missouri,Cass County,US
37.72422,-89.86122,Perryville,Missouri,Perry County,US
38.28339,-90.39512,Pevely,Missouri,Jefferson County,US
37.15449,-90.69567,Piedmont,Missouri,Wayne County,US
36.9459,-94.00021,Pierce City,Missouri,Lawrence County,US
38.69588,-90.27511,Pine Lawn,Missouri,Saint Louis County,US
36.59452,-94.3841,Pineville,Missouri,McDonald County,US
39.37028,-94.78246,Platte City,Missouri,Platte County,US
39.56555,-94.44801,Plattsburg,Missouri,Clinton County,US
38.78751,-94.26939,Pleasant Hill,Missouri,Cass County,US
39.21639,-94.48412,Pleasant Valley,Missouri,Clay County,US
36.757,-90.39289,Poplar Bluff,Missouri,Butler County,US
36.42534,-89.69953,Portageville,Missouri,New Madrid County,US
37.93644,-90.78791,Potosi,Missouri,Washington County,US
36.81729,-93.92076,Purdy,Missouri,Barry County,US
38.80195,-94.45273,Raymore,Missouri,Cass County,US
39.00862,-94.46356,Raytown,Missouri,Jackson County,US
37.12005,-93.48019,Republic,Missouri,Greene County,US
38.09642,-94.36106,Rich Hill,Missouri,Bates County,US
37.85698,-92.40434,Richland,Missouri,Pulaski County,US
39.27862,-93.97689,Richmond,Missouri,Ray County,US
38.62866,-90.31956,Richmond Heights,Missouri,Saint Louis County,US
38.28672,-90.38012,Riverside,Missouri,Jefferson County,US
39.1775,-94.61301,Riverside,Missouri,Platte County,US
38.27586,-93.06964,Riverview,Missouri,Morgan County,US
38.74783,-90.2115,Riverview,Missouri,Saint Louis County,US
38.60755,-90.37845,Rock Hill,Missouri,Saint Louis County,US
37.117,-93.05573,Rogersville,Missouri,Webster County,US
37.95143,-91.77127,Rolla,Missouri,Phelps County,US
38.72727,-90.38317,Saint Ann,Missouri,Saint Louis County,US
38.78394,-90.48123,Saint Charles,Missouri,Saint Charles County,US
38.34533,-90.98097,Saint Clair,Missouri,Franklin County,US
38.53672,-90.31484,Saint George,Missouri,Saint Louis County,US
37.99726,-91.61432,Saint James,Missouri,Phelps County,US
37.88921,-92.37962,Saint John,Missouri,Pulaski County,US
38.71338,-90.34317,Saint Johns,Missouri,Saint Louis County,US
39.76861,-94.84663,Saint Joseph,Missouri,Buchanan County,US
38.62727,-90.19789,St. Louis,Missouri,City of Saint Louis,US
38.5942,-92.33713,Saint Martins,Missouri,Cole County,US
38.86144,-90.74179,Saint Paul,Missouri,Saint Charles County,US
38.80033,-90.62651,Saint Peters,Missouri,Saint Charles County,US
37.8281,-92.17767,Saint Robert,Missouri,Pulaski County,US
37.98144,-90.04178,Sainte Genevieve,Missouri,Sainte Genevieve County,US
37.6456,-91.53598,Salem,Missouri,Dent County,US
39.42392,-92.80158,Salisbury,Missouri,Chariton County,US
38.537,-90.37984,Sappington,Missouri,Saint Louis County,US
37.06923,-94.1166,Sarcoxie,Missouri,Jasper County,US
39.94166,-94.83025,Savannah,Missouri,Andrew County,US
37.21672,-89.52453,Scott City,Missouri,Scott County,US
38.70446,-93.22826,Sedalia,Missouri,Pettis County,US
36.13423,-90.15982,Senath,Missouri,Dunklin County,US
36.84146,-94.61106,Seneca,Missouri,Newton County,US
37.14644,-92.76878,Seymour,Missouri,Webster County,US
39.69393,-92.04295,Shelbina,Missouri,Shelby County,US
39.80587,-92.04156,Shelbyville,Missouri,Shelby County,US
36.63229,-93.63436,Shell Knob,Missouri,Barry County,US
38.59033,-90.33678,Shrewsbury,Missouri,Saint Louis County,US
36.87672,-89.58786,Sikeston,Missouri,Scott County,US
39.21808,-93.06909,Slater,Missouri,Saline County,US
39.38694,-94.58107,Smithville,Missouri,Clay County,US
38.78783,-90.21594,Spanish Lake,Missouri,Saint Louis County,US
37.00116,-93.08157,Sparta,Missouri,Christian County,US
37.21533,-93.29824,Springfield,Missouri,Greene County,US
36.08396,-89.82925,Steele,Missouri,Pemiscot County,US
37.9681,-91.35487,Steelville,Missouri,Crawford County,US
37.69893,-93.79604,Stockton,Missouri,Cedar County,US
38.44086,-92.99187,Stover,Missouri,Morgan County,US
37.26838,-93.11713,Strafford,Missouri,Greene County,US
39.10973,-94.44467,Sugar Creek,Missouri,Jackson County,US
38.2081,-91.16042,Sullivan,Missouri,Franklin County,US
38.53894,-90.40734,Sunset Hills,Missouri,Saint Louis County,US
38.96363,-93.41493,Sweet Springs,Missouri,Saline County,US
36.52451,-91.5382,Thayer,Missouri,Oregon County,US
38.65558,-92.77992,Tipton,Missouri,Moniteau County,US
38.61228,-90.46345,Town and Country,Missouri,Saint Louis County,US
38.97949,-90.9807,Troy,Missouri,Lincoln County,US
38.23309,-92.45852,Tuscumbia,Missouri,Miller County,US
38.45005,-91.00848,Union,Missouri,Franklin County,US
38.65588,-90.30928,University City,Missouri,Saint Louis County,US
38.54922,-90.49262,Valley Park,Missouri,Saint Louis County,US
36.99561,-91.01457,Van Buren,Missouri,Carter County,US
39.31087,-91.48849,Vandalia,Missouri,Audrain County,US
38.69005,-90.29428,Velda Village,Missouri,Saint Louis County,US
38.69061,-90.28734,Velda Village Hills,Missouri,Saint Louis County,US
38.43141,-92.84103,Versailles,Missouri,Morgan County,US
38.18671,-91.94711,Vienna,Missouri,Maries County,US
38.69005,-90.34262,Vinita Park,Missouri,Saint Louis County,US
38.48892,-92.17435,Wardsville,Missouri,Cole County,US
38.76279,-93.73605,Warrensburg,Missouri,Johnson County,US
38.81144,-91.14154,Warrenton,Missouri,Warren County,US
38.24308,-93.38187,Warsaw,Missouri,Benton County,US
38.60727,-90.38345,Warson Woods,Missouri,Saint Louis County,US
38.55811,-91.01209,Washington,Missouri,Franklin County,US
37.82865,-92.20072,Waynesville,Missouri,Pulaski County,US
39.23778,-94.69607,Weatherby Lake,Missouri,Platte County,US
37.14645,-94.463,Webb City,Missouri,Jasper County,US
38.59255,-90.35734,Webster Groves,Missouri,Saint Louis County,US
38.71339,-90.68929,Weldon Spring,Missouri,Saint Charles County,US
38.67283,-90.29928,Wellston,Missouri,Saint Louis County,US
39.07198,-91.57016,Wellsville,Missouri,Montgomery County,US
38.81144,-90.85291,Wentzville,Missouri,Saint Charles County,US
36.72812,-91.85237,West Plains,Missouri,Howell County,US
39.41111,-94.90163,Weston,Missouri,Platte County,US
38.58283,-90.6629,Wildwood,Missouri,Saint Louis County,US
37.30505,-93.42853,Willard,Missouri,Greene County,US
36.99228,-91.96987,Willow Springs,Missouri,Howell County,US
38.59033,-90.5279,Winchester,Missouri,Saint Louis County,US
38.53224,-93.52215,Windsor,Missouri,Henry County,US
38.99727,-90.73846,Winfield,Missouri,Lincoln County,US
37.00977,-91.32347,Winona,Missouri,Shannon County,US
38.72505,-90.35845,Woodson Terrace,Missouri,Saint Louis County,US
38.82755,-91.02014,Wright City,Missouri,Warren County,US
33.82511,-88.54366,Aberdeen,Mississippi,Monroe County,US
33.31012,-89.17284,Ackerman,Mississippi,Choctaw County,US
33.98428,-88.4881,Amory,Mississippi,Monroe County,US
31.33517,-89.3734,Arnold Line,Mississippi,Lamar County,US
34.83287,-89.1759,Ashland,Mississippi,Benton County,US
34.50954,-88.63533,Baldwyn,Mississippi,Lee County,US
34.3115,-89.94426,Batesville,Mississippi,Panola County,US
30.30881,-89.33005,Bay Saint Louis,Mississippi,Hancock County,US
31.97904,-89.28728,Bay Springs,Mississippi,Jasper County,US
32.32765,-90.82677,Beechwood,Mississippi,Warren County,US
31.56877,-88.48391,Belmont,Mississippi,Wayne County,US
34.50982,-88.20921,Belmont,Mississippi,Tishomingo County,US
33.18429,-90.48926,Belzoni,Mississippi,Humphreys County,US
30.39603,-88.88531,Biloxi,Mississippi,Harrison County,US
34.65815,-88.56672,Booneville,Mississippi,Prentiss County,US
32.2732,-89.98592,Brandon,Mississippi,Rankin County,US
31.57906,-90.44065,Brookhaven,Mississippi,Lincoln County,US
33.23457,-88.58227,Brooksville,Mississippi,Noxubee County,US
33.99206,-89.34896,Bruce,Mississippi,Calhoun County,US
31.46295,-90.8501,Bude,Mississippi,Franklin County,US
34.87232,-89.69064,Byhalia,Mississippi,Marshall County,US
32.17932,-90.24537,Byram,Mississippi,Hinds County,US
33.68289,-88.32448,Caledonia,Mississippi,Lowndes County,US
33.85539,-89.31146,Calhoun City,Mississippi,Calhoun County,US
32.61264,-90.03675,Canton,Mississippi,Madison County,US
30.61686,-89.65256,Carriere,Mississippi,Pearl River County,US
33.50818,-89.92036,Carrollton,Mississippi,Carroll County,US
32.73264,-89.53618,Carthage,Mississippi,Leake County,US
31.08962,-91.06844,Centreville,Mississippi,Wilkinson County,US
34.00678,-90.05676,Charleston,Mississippi,Tallahatchie County,US
34.20011,-90.57093,Clarksdale,Mississippi,Coahoma County,US
32.16543,-90.18064,Cleary,Mississippi,Rankin County,US
33.744,-90.72482,Cleveland,Mississippi,Bolivar County,US
32.34153,-90.32176,Clinton,Mississippi,Hinds County,US
32.71486,-89.21423,Coldwater,Mississippi,Neshoba County,US
34.69177,-89.97731,Coldwater,Mississippi,Tate County,US
31.64544,-89.55535,Collins,Mississippi,Covington County,US
32.49792,-88.84588,Collinsville,Mississippi,Lauderdale County,US
33.49567,-88.42726,Columbus,Mississippi,Lowndes County,US
31.25184,-89.83758,Columbia,Mississippi,Marion County,US
34.51066,-89.93981,Como,Mississippi,Panola County,US
32.45125,-89.28534,Conehatta,Mississippi,Newton County,US
34.93425,-88.52227,Corinth,Mississippi,Alcorn County,US
31.98738,-90.35704,Crystal Springs,Mississippi,Copiah County,US
30.42631,-88.89086,D'Iberville,Mississippi,Harrison County,US
32.76763,-88.65088,De Kalb,Mississippi,Kemper County,US
30.37936,-89.26449,De Lisle,Mississippi,Harrison County,US
32.43903,-89.10839,Decatur,Mississippi,Newton County,US
33.85567,-89.28452,Derma,Mississippi,Calhoun County,US
30.39464,-89.36394,Diamondhead,Mississippi,Hancock County,US
33.80956,-90.52648,Drew,Mississippi,Sunflower County,US
33.07513,-89.85453,Durant,Mississippi,Holmes County,US
32.33015,-90.60565,Edwards,Mississippi,Hinds County,US
31.60405,-89.19561,Ellisville,Mississippi,Jones County,US
30.44048,-88.54363,Escatawpa,Mississippi,Jackson County,US
33.54068,-89.26701,Eupora,Mississippi,Webster County,US
34.93009,-88.45227,Farmington,Mississippi,Alcorn County,US
31.71155,-91.06066,Fayette,Mississippi,Jefferson County,US
32.5432,-90.30926,Flora,Mississippi,Madison County,US
32.15348,-90.1312,Florence,Mississippi,Rankin County,US
32.30959,-90.13898,Flowood,Mississippi,Rankin County,US
32.36459,-89.47423,Forest,Mississippi,Scott County,US
34.36677,-90.6376,Friars Point,Mississippi,Coahoma County,US
34.27399,-88.40921,Fulton,Mississippi,Itawamba County,US
30.38575,-88.61169,Gautier,Mississippi,Jackson County,US
31.36462,-89.30617,Glendale,Mississippi,Forrest County,US
32.97013,-89.91231,Goodman,Mississippi,Holmes County,US
33.41012,-91.06177,Greenville,Mississippi,Washington County,US
33.51623,-90.17953,Greenwood,Mississippi,Leflore County,US
33.769,-89.80842,Grenada,Mississippi,Grenada County,US
30.43048,-88.84225,Gulf Hills,Mississippi,Jackson County,US
30.39187,-88.76114,Gulf Park Estates,Mississippi,Jackson County,US
30.36742,-89.09282,Gulfport,Mississippi,Harrison County,US
34.44316,-88.65978,Guntown,Mississippi,Lee County,US
31.32712,-89.29034,Hattiesburg,Mississippi,Forrest County,US
31.86044,-90.39593,Hazlehurst,Mississippi,Copiah County,US
30.49464,-88.49585,Helena,Mississippi,Jackson County,US
34.82399,-89.9937,Hernando,Mississippi,De Soto County,US
30.45687,-88.63919,Hickory Hills,Mississippi,Jackson County,US
32.45931,-89.51146,Hillsboro,Mississippi,Scott County,US
33.16901,-90.85399,Hollandale,Mississippi,Washington County,US
31.31573,-89.97786,Holly Springs,Mississippi,Marion County,US
34.7676,-89.44869,Holly Springs,Mississippi,Marshall County,US
34.95537,-90.03481,Horn Lake,Mississippi,De Soto County,US
33.89845,-88.99923,Houston,Mississippi,Chickasaw County,US
30.66103,-88.49418,Hurley,Mississippi,Jackson County,US
33.45095,-90.65509,Indianola,Mississippi,Sunflower County,US
33.35373,-90.59259,Inverness,Mississippi,Sunflower County,US
33.49512,-90.31981,Itta Bena,Mississippi,Leflore County,US
34.81176,-88.19004,Iuka,Mississippi,Tishomingo County,US
32.29876,-90.18481,Jackson,Mississippi,Hinds County,US
34.31955,-90.45565,Jonestown,Mississippi,Coahoma County,US
32.58903,-90.31537,Kearney Park,Mississippi,Madison County,US
30.40908,-89.43505,Kiln,Mississippi,Hancock County,US
33.058,-89.58956,Kosciusko,Mississippi,Attala County,US
34.20178,-90.28343,Lambert,Mississippi,Quitman County,US
30.53464,-88.8667,Latimer,Mississippi,Jackson County,US
31.69405,-89.13061,Laurel,Mississippi,Jones County,US
31.15574,-88.5578,Leakesville,Mississippi,Greene County,US
33.40539,-90.8976,Leland,Mississippi,Washington County,US
33.11318,-90.05314,Lexington,Mississippi,Holmes County,US
31.15823,-90.81232,Liberty,Mississippi,Amite County,US
30.35048,-89.15282,Long Beach,Mississippi,Harrison County,US
33.12374,-89.05506,Louisville,Mississippi,Winston County,US
30.92519,-88.59002,Lucedale,Mississippi,George County,US
31.00129,-89.45229,Lumberton,Mississippi,Lamar County,US
30.49474,-89.12561,Lyman,Mississippi,Harrison County,US
34.96232,-90.09593,Lynchburg,Mississippi,De Soto County,US
32.44014,-90.54899,Lynchburg,Mississippi,Hinds County,US
33.1054,-88.56088,Macon,Mississippi,Noxubee County,US
32.46181,-90.11536,Madison,Mississippi,Madison County,US
31.87377,-89.73369,Magee,Mississippi,Simpson County,US
31.14323,-90.45871,Magnolia,Mississippi,Pike County,US
34.32427,-88.49116,Mantachie,Mississippi,Itawamba County,US
32.41736,-88.64782,Marion,Mississippi,Lauderdale County,US
34.25683,-90.27298,Marks,Mississippi,Quitman County,US
32.90207,-91.05122,Mayersville,Mississippi,Issaquena County,US
31.24379,-90.45315,McComb,Mississippi,Pike County,US
31.47239,-90.89677,Meadville,Mississippi,Franklin County,US
31.96182,-89.87008,Mendenhall,Mississippi,Simpson County,US
32.36431,-88.70366,Meridian,Mississippi,Lauderdale County,US
33.454,-91.00733,Metcalfe,Mississippi,Washington County,US
33.95039,-90.28398,Mikoma,Mississippi,Tallahatchie County,US
31.55378,-90.10731,Monticello,Mississippi,Lawrence County,US
33.45012,-90.50564,Moorhead,Mississippi,Sunflower County,US
31.57267,-91.34761,Morgantown,Mississippi,Adams County,US
32.35376,-89.65452,Morton,Mississippi,Scott County,US
30.41159,-88.53446,Moss Point,Mississippi,Jackson County,US
33.87817,-90.72732,Mound Bayou,Mississippi,Bolivar County,US
31.56044,-91.40317,Natchez,Mississippi,Adams County,US
32.40681,-88.77727,Nellieburg,Mississippi,Lauderdale County,US
34.089,-88.62227,Nettleton,Mississippi,Lee County,US
34.49427,-89.00784,New Albany,Mississippi,Union County,US
31.20263,-89.03668,New Augusta,Mississippi,Perry County,US
33.46817,-88.3267,New Hope,Mississippi,Lowndes County,US
32.32126,-89.16339,Newton,Mississippi,Newton County,US
30.47714,-89.69367,Nicholson,Mississippi,Pearl River County,US
34.70093,-90.37815,North Tunica,Mississippi,Tunica County,US
30.41131,-88.82781,Ocean Springs,Mississippi,Jackson County,US
34.00178,-88.75533,Okolona,Mississippi,Chickasaw County,US
34.96176,-89.82953,Olive Branch,Mississippi,De Soto County,US
34.3665,-89.51925,Oxford,Mississippi,Lafayette County,US
30.36576,-88.55613,Pascagoula,Mississippi,Jackson County,US
30.31575,-89.24754,Pass Christian,Mississippi,Harrison County,US
32.27459,-90.13203,Pearl,Mississippi,Rankin County,US
32.78347,-89.22784,Pearl River,Mississippi,Neshoba County,US
30.24658,-89.61117,Pearlington,Mississippi,Hancock County,US
32.31292,-89.79841,Pelahatchie,Mississippi,Rankin County,US
31.34656,-89.26006,Petal,Mississippi,Forrest County,US
32.77152,-89.11673,Philadelphia,Mississippi,Neshoba County,US
30.52556,-89.67788,Picayune,Mississippi,Pearl River County,US
32.88374,-89.97147,Pickens,Mississippi,Holmes County,US
33.94039,-89.33757,Pittsboro,Mississippi,Calhoun County,US
34.21344,-88.6645,Plantersville,Mississippi,Lee County,US
34.24788,-88.99867,Pontotoc,Mississippi,Pontotoc County,US
30.84019,-89.53423,Poplarville,Mississippi,Pearl River County,US
31.96099,-90.98399,Port Gibson,Mississippi,Claiborne County,US
31.5985,-89.86702,Prentiss,Mississippi,Jefferson Davis County,US
31.14324,-89.40979,Purvis,Mississippi,Lamar County,US
32.04015,-88.7281,Quitman,Mississippi,Clarke County,US
32.03349,-89.52229,Raleigh,Mississippi,Smith County,US
31.38073,-89.37145,Rawls Springs,Mississippi,Forrest County,US
32.25931,-90.4226,Raymond,Mississippi,Hinds County,US
32.23904,-90.15842,Richland,Mississippi,Rankin County,US
31.34934,-88.94005,Richton,Mississippi,Perry County,US
32.42848,-90.13231,Ridgeland,Mississippi,Madison County,US
34.72982,-88.95062,Ripley,Mississippi,Tippah County,US
32.90652,-90.87816,Rolling Fork,Mississippi,Sharkey County,US
33.72595,-90.55148,Ruleville,Mississippi,Sunflower County,US
34.37649,-88.68172,Saltillo,Mississippi,Lee County,US
34.43705,-89.91592,Sardis,Mississippi,Panola County,US
30.63575,-89.13504,Saucier,Mississippi,Harrison County,US
34.6176,-89.9687,Senatobia,Mississippi,Tate County,US
34.11622,-88.71172,Shannon,Mississippi,Lee County,US
31.7896,-89.09867,Sharon,Mississippi,Jones County,US
33.95094,-90.76788,Shelby,Mississippi,Bolivar County,US
34.98898,-90.01259,Southaven,Mississippi,De Soto County,US
30.43798,-88.86809,Saint Martin,Mississippi,Jackson County,US
33.45049,-88.81961,Starkville,Mississippi,Oktibbeha County,US
32.13181,-88.79338,Stonewall,Mississippi,Clarke County,US
31.28379,-90.46843,Summit,Mississippi,Pike County,US
31.41739,-89.54229,Sumrall,Mississippi,Lamar County,US
33.5429,-90.53703,Sunflower,Mississippi,Sunflower County,US
31.8296,-89.42812,Taylorsville,Mississippi,Smith County,US
33.1829,-90.22286,Tchula,Mississippi,Holmes County,US
32.09626,-90.29426,Terry,Mississippi,Hinds County,US
34.68455,-90.38288,Tunica,Mississippi,Tunica County,US
34.25807,-88.70464,Tupelo,Mississippi,Lee County,US
34.01483,-90.43176,Tutwiler,Mississippi,Tallahatchie County,US
31.11601,-90.14203,Tylertown,Mississippi,Walthall County,US
32.57153,-89.12145,Union,Mississippi,Newton County,US
34.36594,-89.52536,University,Mississippi,Lafayette County,US
30.54047,-88.68752,Vancleave,Mississippi,Jackson County,US
33.87567,-89.17729,Vardaman,Mississippi,Calhoun County,US
34.19427,-88.71977,Verona,Mississippi,Lee County,US
32.35265,-90.87788,Vicksburg,Mississippi,Warren County,US
30.64242,-88.56974,Wade,Mississippi,Jackson County,US
34.95824,-90.15256,Walls,Mississippi,De Soto County,US
32.59042,-89.4584,Walnut Grove,Mississippi,Leake County,US
33.60734,-89.27729,Walthall,Mississippi,Webster County,US
34.1515,-89.63147,Water Valley,Mississippi,Yalobusha County,US
30.28686,-89.37616,Waveland,Mississippi,Hancock County,US
31.67488,-88.64615,Waynesboro,Mississippi,Wayne County,US
31.70128,-90.39759,Wesson,Mississippi,Copiah County,US
30.40409,-89.0942,West Gulfport,Mississippi,Harrison County,US
31.31906,-89.37506,West Hattiesburg,Mississippi,Lamar County,US
33.60762,-88.65033,West Point,Mississippi,Clay County,US
30.85824,-89.13533,Wiggins,Mississippi,Stone County,US
33.48207,-89.72814,Winona,Mississippi,Montgomery County,US
31.10462,-91.29956,Woodville,Mississippi,Wilkinson County,US
32.85513,-90.40565,Yazoo City,Mississippi,Yazoo County,US
35.13155,-79.42948,Aberdeen,North Carolina,Moore County,US
35.94125,-80.40922,Advance,North Carolina,Davie County,US
36.28682,-76.98468,Ahoskie,North Carolina,Hertford County,US
35.35014,-80.20006,Albemarle,North Carolina,Stanly County,US
35.20175,-83.82407,Andrews,North Carolina,Cherokee County,US
35.5071,-78.73918,Angier,North Carolina,Harnett County,US
35.73265,-78.85029,Apex,North Carolina,Wake County,US
35.91458,-79.97198,Archdale,North Carolina,Randolph County,US
35.69404,-78.37556,Archer Lodge,North Carolina,Johnston County,US
35.70791,-79.81364,Asheboro,North Carolina,Randolph County,US
35.60095,-82.55402,Asheville,North Carolina,Buncombe County,US
34.69905,-76.74021,Atlantic Beach,North Carolina,Carteret County,US
35.46345,-82.58262,Avery Creek,North Carolina,Buncombe County,US
35.47266,-77.41552,Ayden,North Carolina,Pitt County,US
35.40597,-80.11672,Badin,North Carolina,Stanly County,US
36.01567,-82.15874,Bakersville,North Carolina,Mitchell County,US
35.34651,-82.47206,Balfour,North Carolina,Henderson County,US
36.16318,-81.8715,Banner Elk,North Carolina,Avery County,US
35.31123,-82.44401,Barker Heights,North Carolina,Henderson County,US
35.14294,-76.77021,Bayboro,North Carolina,Pamlico County,US
34.28961,-77.78748,Bayshore,North Carolina,New Hanover County,US
34.71822,-76.66382,Beaufort,North Carolina,Carteret County,US
35.54017,-76.62299,Belhaven,North Carolina,Beaufort County,US
35.24292,-81.0373,Belmont,North Carolina,Gaston County,US
34.23073,-77.96582,Belville,North Carolina,Brunswick County,US
35.38211,-78.54862,Benson,North Carolina,Johnston County,US
35.509,-82.6079,Bent Creek,North Carolina,Buncombe County,US
36.00375,-80.422,Bermuda Run,North Carolina,Davie County,US
36.00375,-80.422,Bermuda Run,North Carolina,Davie County,US
35.28486,-81.28397,Bessemer City,North Carolina,Gaston County,US
35.8071,-77.37886,Bethel,North Carolina,Pitt County,US
35.82569,-81.30703,Bethlehem,North Carolina,Alexander County,US
34.92378,-77.77387,Beulaville,North Carolina,Duplin County,US
35.53372,-82.52846,Biltmore Forest,North Carolina,Buncombe County,US
35.35986,-79.77976,Biscoe,North Carolina,Montgomery County,US
35.6179,-82.32123,Black Mountain,North Carolina,Buncombe County,US
34.53878,-78.78752,Bladenboro,North Carolina,Bladen County,US
36.13513,-81.67761,Blowing Rock,North Carolina,Watauga County,US
34.03045,-78.06721,Boiling Spring Lakes,North Carolina,Brunswick County,US
35.25429,-81.66704,Boiling Springs,North Carolina,Cleveland County,US
34.06767,-78.14833,Bolivia,North Carolina,Brunswick County,US
36.21679,-81.67455,Boone,North Carolina,Watauga County,US
36.23264,-80.70812,Boonville,North Carolina,Yadkin County,US
35.23345,-82.73429,Brevard,North Carolina,Transylvania County,US
35.05599,-77.08773,Brices Creek,North Carolina,Craven County,US
34.72072,-76.93633,Broad Creek,North Carolina,Carteret County,US
35.45793,-79.05308,Broadway,North Carolina,Lee County,US
35.29266,-78.03443,Brogden,North Carolina,Wayne County,US
34.28684,-78.70113,Brunswick,North Carolina,Columbus County,US
35.43127,-83.44944,Bryson City,North Carolina,Swain County,US
35.41322,-78.73557,Buies Creek,North Carolina,Harnett County,US
34.55211,-77.9261,Burgaw,North Carolina,Pender County,US
36.09569,-79.4378,Burlington,North Carolina,Alamance County,US
35.11237,-80.24451,Burnsville,North Carolina,Anson County,US
35.91734,-82.30096,Burnsville,North Carolina,Yancey County,US
36.13209,-78.75667,Butner,North Carolina,Granville County,US
35.26768,-75.54237,Buxton,North Carolina,Dare County,US
35.83485,-81.54148,Cajahs Mountain,North Carolina,Caldwell County,US
33.89073,-78.56834,Calabash,North Carolina,Brunswick County,US
36.32849,-76.17188,Camden,North Carolina,Camden County,US
35.53288,-82.83736,Canton,North Carolina,Haywood County,US
34.69155,-77.063,Cape Carteret,North Carolina,Carteret County,US
34.03517,-77.8936,Carolina Beach,North Carolina,New Hanover County,US
33.90101,-78.58057,Carolina Shores,North Carolina,Brunswick County,US
35.91014,-79.07529,Carrboro,North Carolina,Orange County,US
35.34599,-79.41697,Carthage,North Carolina,Moore County,US
35.79154,-78.78112,Cary,North Carolina,Wake County,US
34.35572,-77.89999,Castle Hayne,North Carolina,New Hanover County,US
34.68766,-77.07245,Cedar Point,North Carolina,Carteret County,US
34.32211,-78.82697,Chadbourn,North Carolina,Columbus County,US
35.9132,-79.05584,Chapel Hill,North Carolina,Orange County,US
35.22709,-80.84313,Charlotte,North Carolina,Mecklenburg County,US
35.47427,-83.31487,Cherokee,North Carolina,Swain County,US
35.37874,-81.37897,Cherryville,North Carolina,Gaston County,US
35.56931,-80.58173,China Grove,North Carolina,Rowan County,US
35.71458,-81.14619,Claremont,North Carolina,Catawba County,US
35.65071,-78.45639,Clayton,North Carolina,Johnston County,US
36.02153,-80.382,Clemmons,North Carolina,Forsyth County,US
34.99795,-78.32333,Clinton,North Carolina,Sampson County,US
35.53344,-82.91069,Clyde,North Carolina,Haywood County,US
35.40794,-78.67196,Coats,North Carolina,Harnett County,US
35.91766,-76.25215,Columbia,North Carolina,Tyrrell County,US
35.25317,-82.19706,Columbus,North Carolina,Polk County,US
35.40888,-80.58158,Concord,North Carolina,Cabarrus County,US
35.74291,-81.51343,Connelly Springs,North Carolina,Burke County,US
35.70652,-81.21869,Conover,North Carolina,Catawba County,US
34.91293,-79.822,Cordova,North Carolina,Richmond County,US
35.4868,-80.86007,Cornelius,North Carolina,Mecklenburg County,US
35.60649,-83.01125,Cove Creek,North Carolina,Haywood County,US
35.23875,-81.07508,Cramerton,North Carolina,Gaston County,US
36.12237,-78.68611,Creedmoor,North Carolina,Granville County,US
36.17152,-81.19398,Cricket,North Carolina,Wilkes County,US
35.31371,-83.17653,Cullowhee,North Carolina,Jackson County,US
36.44988,-76.01548,Currituck,North Carolina,Currituck County,US
35.31653,-81.17619,Dallas,North Carolina,Gaston County,US
35.32928,-82.3754,Dana,North Carolina,Henderson County,US
36.4093,-80.20588,Danbury,North Carolina,Stokes County,US
35.50233,-80.83912,Davidson,North Carolina,Gaston County,US
35.63347,-80.11588,Denton,North Carolina,Davidson County,US
35.53125,-81.0298,Denver,North Carolina,Lincoln County,US
36.39569,-80.72257,Dobson,North Carolina,Surry County,US
35.75791,-81.60426,Drexel,North Carolina,Burke County,US
35.30627,-78.6089,Dunn,North Carolina,Harnett County,US
35.99403,-78.89862,Durham,North Carolina,Durham County,US
35.28012,-82.42206,East Flat Rock,North Carolina,Henderson County,US
34.91821,-79.76256,East Rockingham,North Carolina,Richmond County,US
35.68181,-80.43228,East Spencer,North Carolina,Rowan County,US
35.1,-78.8,Eastover,North Carolina,Cumberland County,US
36.48847,-79.7667,Eden,North Carolina,Rockingham County,US
36.05794,-76.60772,Edenton,North Carolina,Chowan County,US
35.39401,-82.34095,Edneyville,North Carolina,Henderson County,US
36.2946,-76.25105,Elizabeth City,North Carolina,Pasquotank County,US
34.62934,-78.60529,Elizabethtown,North Carolina,Bladen County,US
36.2443,-80.8484,Elkin,North Carolina,Surry County,US
35.07126,-79.76144,Ellerbe,North Carolina,Richmond County,US
35.80655,-77.86332,Elm City,North Carolina,Wilson County,US
36.10291,-79.50669,Elon,North Carolina,Alamance County,US
35.34266,-77.90859,Elroy,North Carolina,Wayne County,US
34.67794,-76.95078,Emerald Isle,North Carolina,Carteret County,US
36.18099,-77.66664,Enfield,North Carolina,Halifax County,US
35.52986,-80.66812,Enochville,North Carolina,Rowan County,US
35.32683,-78.67613,Erwin,North Carolina,Harnett County,US
35.31762,-82.59429,Etowah,North Carolina,Henderson County,US
35.07655,-76.96356,Fairfield Harbour,North Carolina,Craven County,US
34.49683,-79.1142,Fairmont,North Carolina,Robeson County,US
36.19847,-81.15286,Fairplains,North Carolina,Wilkes County,US
35.51401,-82.39595,Fairview,North Carolina,Buncombe County,US
35.13848,-80.53757,Fairview,North Carolina,Union County,US
35.57071,-79.22002,Farmville,North Carolina,Chatham County,US
35.59544,-77.58525,Farmville,North Carolina,Pitt County,US
35.80376,-79.09029,Fearrington Village,North Carolina,Chatham County,US
35.05266,-78.87836,Fayetteville,North Carolina,Cumberland County,US
35.27123,-82.44151,Flat Rock,North Carolina,Henderson County,US
36.51236,-80.56978,Flat Rock,North Carolina,Surry County,US
35.43067,-82.50123,Fletcher,North Carolina,Henderson County,US
35.33401,-81.8651,Forest City,North Carolina,Rutherford County,US
35.98819,-79.70614,Forest Oaks,North Carolina,Guilford County,US
36.16179,-81.76566,Foscoe,North Carolina,Watauga County,US
35.44488,-78.42695,Four Oaks,North Carolina,Johnston County,US
35.18232,-83.38154,Franklin,North Carolina,Macon County,US
35.72125,-80.49895,Franklin,North Carolina,Rowan County,US
36.10182,-78.45805,Franklinton,North Carolina,Franklin County,US
35.74375,-79.69225,Franklinville,North Carolina,Randolph County,US
35.54544,-77.97471,Fremont,North Carolina,Wayne County,US
35.39651,-82.39317,Fruitland,North Carolina,Henderson County,US
35.58432,-78.80001,Fuquay-Varina,North Carolina,Wake County,US
35.8693,-81.59621,Gamewell,North Carolina,Caldwell County,US
35.71126,-78.61417,Garner,North Carolina,Wake County,US
36.45099,-77.55887,Garysburg,North Carolina,Northampton County,US
35.26208,-81.1873,Gastonia,North Carolina,Gaston County,US
36.40349,-76.75301,Gatesville,North Carolina,Gates County,US
36.50043,-77.64498,Gaston,North Carolina,Northampton County,US
36.10569,-79.54225,Gibsonville,North Carolina,Guilford County,US
35.72902,-81.77927,Glen Alpine,North Carolina,Burke County,US
36.11319,-79.47641,Glen Raven,North Carolina,Alamance County,US
35.38488,-77.99277,Goldsboro,North Carolina,Wayne County,US
36.03653,-78.82334,Gorman,North Carolina,Durham County,US
36.06903,-79.40058,Graham,North Carolina,Alamance County,US
35.79652,-81.43065,Granite Falls,North Carolina,Caldwell County,US
35.61236,-80.44673,Granite Quarry,North Carolina,Rowan County,US
36.12097,-79.34419,Green Level,North Carolina,Alamance County,US
35.78209,-78.9039,Green Level,North Carolina,Wake County,US
36.07264,-79.79198,Greensboro,North Carolina,Guilford County,US
35.61266,-77.36635,Greenville,North Carolina,Pitt County,US
35.37266,-77.43746,Grifton,North Carolina,Pitt County,US
34.826,-77.45941,Half Moon,North Carolina,Onslow County,US
36.32849,-77.58942,Halifax,North Carolina,Halifax County,US
34.88488,-79.69422,Hamlet,North Carolina,Richmond County,US
34.36767,-77.71053,Hampstead,North Carolina,Pender County,US
34.69516,-76.55937,Harkers Island,North Carolina,Carteret County,US
35.32395,-80.65784,Harrisburg,North Carolina,Cabarrus County,US
34.87905,-76.90133,Havelock,North Carolina,Craven County,US
36.09153,-79.36419,Haw River,North Carolina,Alamance County,US
35.0462,-83.81795,Hayesville,North Carolina,Clay County,US
36.24985,-81.11564,Hays,North Carolina,Wilkes County,US
35.46871,-83.00403,Hazelwood,North Carolina,Haywood County,US
35.11876,-80.63035,Hemby Bridge,North Carolina,Union County,US
36.32959,-78.39916,Henderson,North Carolina,Vance County,US
35.31873,-82.46095,Hendersonville,North Carolina,Henderson County,US
36.19016,-76.46605,Hertford,North Carolina,Perquimans County,US
35.73319,-81.3412,Hickory,North Carolina,Catawba County,US
35.95569,-80.00532,High Point,North Carolina,Guilford County,US
35.71402,-81.42203,Hildebran,North Carolina,Burke County,US
36.07542,-79.09973,Hillsborough,North Carolina,Orange County,US
34.49544,-77.55497,Holly Ridge,North Carolina,Onslow County,US
35.65127,-78.83362,Holly Springs,North Carolina,Wake County,US
35.439,-82.46679,Hoopers Creek,North Carolina,Henderson County,US
34.97044,-78.94531,Hope Mills,North Carolina,Cumberland County,US
35.34317,-82.55651,Horse Shoe,North Carolina,Henderson County,US
35.84846,-81.49593,Hudson,North Carolina,Caldwell County,US
35.41069,-80.84285,Huntersville,North Carolina,Mecklenburg County,US
35.72735,-81.47065,Icard,North Carolina,Burke County,US
35.07681,-80.66924,Indian Trail,North Carolina,Union County,US
36.3896,-77.42136,Jackson,North Carolina,Northampton County,US
34.75405,-77.43024,Jacksonville,North Carolina,Onslow County,US
35.08877,-77.03495,James City,North Carolina,Craven County,US
35.9943,-79.93531,Jamestown,North Carolina,Guilford County,US
36.4204,-81.47344,Jefferson,North Carolina,Ashe County,US
36.2393,-80.84452,Jonesville,North Carolina,Yadkin County,US
35.48736,-80.62173,Kannapolis,North Carolina,Cabarrus County,US
34.96239,-77.96221,Kenansville,North Carolina,Duplin County,US
35.59627,-78.12416,Kenly,North Carolina,Johnston County,US
36.11986,-80.07365,Kernersville,North Carolina,Forsyth County,US
36.03072,-75.67601,Kill Devil Hills,North Carolina,Dare County,US
36.28069,-80.35922,King,North Carolina,Stokes County,US
34.26295,-77.8636,Kings Grant,North Carolina,New Hanover County,US
35.24513,-81.34119,Kings Mountain,North Carolina,Cleveland County,US
35.26266,-77.58164,Kinston,North Carolina,Lenoir County,US
36.06461,-75.70573,Kitty Hawk,North Carolina,Dare County,US
35.78765,-78.48056,Knightdale,North Carolina,Wake County,US
33.99684,-77.90721,Kure Beach,North Carolina,New Hanover County,US
35.30683,-77.78803,La Grange,North Carolina,Lenoir County,US
35.52788,-82.95958,Lake Junaluska,North Carolina,Haywood County,US
35.4279,-82.20483,Lake Lure,North Carolina,Rutherford County,US
35.5868,-80.95952,Lake Norman of Catawba,North Carolina,Catawba County,US
35.08626,-80.63507,Lake Park,North Carolina,Union County,US
34.31906,-78.50001,Lake Waccamaw,North Carolina,Columbus County,US
35.54569,-80.6109,Landis,North Carolina,Rowan County,US
34.80905,-79.54783,Laurel Hill,North Carolina,Scotland County,US
35.31373,-82.49345,Laurel Park,North Carolina,Henderson County,US
34.77405,-79.46282,Laurinburg,North Carolina,Scotland County,US
34.25628,-78.04471,Leland,North Carolina,Brunswick County,US
35.91402,-81.53898,Lenoir,North Carolina,Caldwell County,US
36.09708,-80.41922,Lewisville,North Carolina,Forsyth County,US
35.82403,-80.25338,Lexington,North Carolina,Davidson County,US
35.85347,-79.57169,Liberty,North Carolina,Randolph County,US
35.39933,-78.81585,Lillington,North Carolina,Harnett County,US
35.47375,-81.25453,Lincolnton,North Carolina,Lincoln County,US
35.25987,-80.42534,Locust,North Carolina,Stanly County,US
33.91045,-78.11777,Long Beach,North Carolina,Brunswick County,US
35.7293,-81.38342,Longview,North Carolina,Catawba County,US
36.09904,-78.30111,Louisburg,North Carolina,Franklin County,US
35.26792,-81.10285,Lowell,North Carolina,Gaston County,US
35.41708,-81.01119,Lowesville,North Carolina,Lincoln County,US
35.64544,-78.00971,Lucama,North Carolina,Wilson County,US
34.61834,-79.01045,Lumberton,North Carolina,Robeson County,US
36.38542,-79.95949,Madison,North Carolina,Rockingham County,US
35.51816,-83.09764,Maggie Valley,North Carolina,Haywood County,US
35.57569,-81.21175,Maiden,North Carolina,Catawba County,US
35.90823,-75.67573,Manteo,North Carolina,Dare County,US
35.33488,-78.05582,Mar-Mac,North Carolina,Wayne County,US
35.68401,-82.00927,Marion,North Carolina,McDowell County,US
35.8265,-82.5493,Mars Hill,North Carolina,Madison County,US
35.79733,-82.68403,Marshall,North Carolina,Madison County,US
34.98849,-80.36701,Marshville,North Carolina,Union County,US
34.99182,-80.81479,Marvin,North Carolina,Union County,US
34.17934,-77.84748,Masonboro,North Carolina,New Hanover County,US
35.11681,-80.72368,Matthews,North Carolina,Mecklenburg County,US
35.48211,-77.58608,Maury,North Carolina,Greene County,US
34.73516,-79.34893,Maxton,North Carolina,Robeson County,US
36.41236,-79.96699,Mayodan,North Carolina,Rockingham County,US
34.90488,-77.23134,Maysville,North Carolina,Jones County,US
36.10736,-79.65864,McLeansville,North Carolina,Guilford County,US
36.09597,-79.26696,Mebane,North Carolina,Alamance County,US
35.22737,-80.50062,Midland,North Carolina,Cabarrus County,US
35.95347,-80.2181,Midway,North Carolina,Davidson County,US
36.1893,-81.23759,Millers Creek,North Carolina,Wilkes County,US
35.38845,-82.56679,Mills River,North Carolina,Henderson County,US
34.93793,-80.66868,Mineral Springs,North Carolina,Union County,US
35.17959,-80.64729,Mint Hill,North Carolina,Mecklenburg County,US
35.89403,-80.56145,Mocksville,North Carolina,Davie County,US
34.98543,-80.54951,Monroe,North Carolina,Union County,US
35.58486,-80.81007,Mooresville,North Carolina,Iredell County,US
36.0968,-81.18231,Moravian Falls,North Carolina,Wilkes County,US
34.72294,-76.72604,Morehead City,North Carolina,Carteret County,US
35.74541,-81.68482,Morganton,North Carolina,Burke County,US
35.82348,-78.82556,Morrisville,North Carolina,Wake County,US
36.4993,-80.60729,Mount Airy,North Carolina,Surry County,US
35.21487,-80.00228,Mount Gilead,North Carolina,Montgomery County,US
35.29819,-81.01591,Mount Holly,North Carolina,Gaston County,US
35.19655,-78.06638,Mount Olive,North Carolina,Wayne County,US
35.39931,-80.4359,Mount Pleasant,North Carolina,Cabarrus County,US
35.36956,-82.4929,Mountain Home,North Carolina,Henderson County,US
35.68319,-81.36898,Mountain View,North Carolina,Catawba County,US
36.5246,-76.17827,Moyock,North Carolina,Currituck County,US
36.23958,-81.18064,Mulberry,North Carolina,Wilkes County,US
36.44238,-77.09858,Murfreesboro,North Carolina,Hertford County,US
35.08758,-84.03463,Murphy,North Carolina,Cherokee County,US
34.29572,-77.84748,Murraysville,North Carolina,New Hanover County,US
34.13462,-77.88165,Myrtle Grove,North Carolina,New Hanover County,US
35.95739,-75.62406,Nags Head,North Carolina,Dare County,US
35.9746,-77.96554,Nashville,North Carolina,Nash County,US
34.25545,-78.00749,Navassa,North Carolina,Brunswick County,US
34.96377,-76.94467,Neuse Forest,North Carolina,Craven County,US
35.10849,-77.04411,New Bern,North Carolina,Craven County,US
36.08735,-81.92734,Newland,North Carolina,Avery County,US
34.78655,-76.85911,Newport,North Carolina,Carteret County,US
35.66986,-81.22147,Newton,North Carolina,Catawba County,US
36.4457,-78.19833,Norlina,North Carolina,Warren County,US
36.15847,-81.14758,North Wilkesboro,North Carolina,Wilkes County,US
35.7818,-81.37509,Northlakes,North Carolina,Caldwell County,US
35.21959,-80.11895,Norwood,North Carolina,Stanly County,US
33.91656,-78.16111,Oak Island,North Carolina,Brunswick County,US
36.17347,-79.98893,Oak Ridge,North Carolina,Guilford County,US
35.2257,-80.32895,Oakboro,North Carolina,Stanly County,US
34.27239,-77.81859,Ogden,North Carolina,New Hanover County,US
36.3107,-78.59083,Oxford,North Carolina,Granville County,US
34.68016,-79.19504,Pembroke,North Carolina,Robeson County,US
36.38653,-80.4695,Pilot Mountain,North Carolina,Surry County,US
34.69738,-76.81327,Pine Knoll Shores,North Carolina,Carteret County,US
35.51322,-78.24444,Pine Level,North Carolina,Johnston County,US
35.10988,-79.47226,Pinebluff,North Carolina,Moore County,US
35.19543,-79.46948,Pinehurst,North Carolina,Moore County,US
35.78849,-77.63775,Pinetops,North Carolina,Edgecombe County,US
35.0832,-80.8923,Pineville,North Carolina,Mecklenburg County,US
34.716,-77.32024,Piney Green,North Carolina,Onslow County,US
35.72015,-79.17724,Pittsboro,North Carolina,Chatham County,US
35.2485,-78.55529,Plain View,North Carolina,Sampson County,US
35.96208,-79.76225,Pleasant Garden,North Carolina,Guilford County,US
35.87347,-79.48169,Pleasant Hill,North Carolina,Alamance County,US
35.86683,-76.74856,Plymouth,North Carolina,Washington County,US
35.00765,-80.20089,Polkton,North Carolina,Anson County,US
35.46599,-78.16055,Princeton,North Carolina,Johnston County,US
35.8896,-77.53219,Princeville,North Carolina,Edgecombe County,US
35.5193,-81.14119,Pumpkin Center,North Carolina,Lincoln County,US
34.79155,-77.37246,Pumpkin Center,North Carolina,Onslow County,US
34.981,-79.2242,Raeford,North Carolina,Hoke County,US
35.7721,-78.63861,Raleigh,North Carolina,Wake County,US
35.73347,-79.65253,Ramseur,North Carolina,Randolph County,US
35.81791,-79.80309,Randleman,North Carolina,Randolph County,US
35.28625,-81.13035,Ranlo,North Carolina,Gaston County,US
36.03849,-77.90637,Red Oak,North Carolina,Nash County,US
34.81516,-79.18309,Red Springs,North Carolina,Robeson County,US
36.35486,-79.66447,Reidsville,North Carolina,Rockingham County,US
35.77402,-81.4312,Rhodhiss,North Carolina,Caldwell County,US
34.89933,-77.54663,Richlands,North Carolina,Onslow County,US
35.06905,-77.1469,River Bend,North Carolina,Craven County,US
35.50683,-76.99078,River Road,North Carolina,Beaufort County,US
36.46154,-77.65415,Roanoke Rapids,North Carolina,Halifax County,US
35.43403,-79.58697,Robbins,North Carolina,Moore County,US
35.32287,-83.8074,Robbinsville,North Carolina,Graham County,US
35.82516,-77.24913,Robersonville,North Carolina,Martin County,US
34.99266,-79.06614,Rockfish,North Carolina,Hoke County,US
34.93932,-79.77395,Rockingham,North Carolina,Richmond County,US
35.55125,-80.40645,Rockwell,North Carolina,Rowan County,US
34.43517,-77.88776,Rocky Point,North Carolina,Pender County,US
35.93821,-77.79053,Rocky Mount,North Carolina,Nash County,US
35.92321,-78.4575,Rolesville,North Carolina,Wake County,US
34.82822,-78.02304,Rose Hill,North Carolina,Duplin County,US
34.95295,-78.50862,Roseboro,North Carolina,Sampson County,US
34.53655,-79.29143,Rowland,North Carolina,Robeson County,US
36.39375,-78.98279,Roxboro,North Carolina,Person County,US
35.47511,-82.51595,Royal Pines,North Carolina,Buncombe County,US
36.24042,-80.29338,Rural Hall,North Carolina,Forsyth County,US
35.74846,-81.52259,Rutherford College,North Carolina,Burke County,US
35.36929,-81.95677,Rutherfordton,North Carolina,Rutherford County,US
33.92934,-78.11638,Saint James,North Carolina,Brunswick County,US
34.80655,-78.97114,Saint Pauls,North Carolina,Robeson County,US
35.69874,-81.69704,Salem,North Carolina,Burke County,US
35.67097,-80.47423,Salisbury,North Carolina,Rowan County,US
35.47988,-79.1803,Sanford,North Carolina,Lee County,US
35.82485,-81.47454,Sawmills,North Carolina,Caldwell County,US
35.94736,-79.32196,Saxapahaw,North Carolina,Alamance County,US
36.1296,-77.42025,Scotland Neck,North Carolina,Halifax County,US
34.06323,-77.89137,Sea Breeze,North Carolina,New Hanover County,US
34.20934,-77.84359,Seagate,North Carolina,New Hanover County,US
35.53655,-78.28444,Selma,North Carolina,Johnston County,US
35.27849,-79.56448,Seven Lakes,North Carolina,Moore County,US
33.97323,-78.38584,Shallotte,North Carolina,Brunswick County,US
35.8671,-77.82915,Sharpsburg,North Carolina,Nash County,US
35.29235,-81.53565,Shelby,North Carolina,Cleveland County,US
35.62041,-80.98647,Sherrills Ford,North Carolina,Catawba County,US
35.72347,-79.46224,Siler City,North Carolina,Chatham County,US
34.14878,-77.9136,Silver Lake,North Carolina,New Hanover County,US
34.346,-77.90249,Skippers Corner,North Carolina,New Hanover County,US
35.50849,-78.33945,Smithfield,North Carolina,Johnston County,US
34.55267,-77.39718,Sneads Ferry,North Carolina,Onslow County,US
35.45155,-77.68109,Snow Hill,North Carolina,Greene County,US
35.2193,-81.20563,South Gastonia,North Carolina,Gaston County,US
36.3082,-78.40666,South Henderson,North Carolina,Vance County,US
36.45154,-77.6972,South Rosemary,North Carolina,Halifax County,US
35.17405,-79.39225,Southern Pines,North Carolina,Moore County,US
36.13905,-75.73157,Southern Shores,North Carolina,Dare County,US
35.66792,-80.267,Southmont,North Carolina,Davidson County,US
33.92156,-78.02027,Southport,North Carolina,Brunswick County,US
36.50541,-81.12092,Sparta,North Carolina,Alleghany County,US
35.69236,-80.43478,Spencer,North Carolina,Rowan County,US
35.36012,-81.92927,Spindale,North Carolina,Rutherford County,US
35.94515,-78.11193,Spring Hope,North Carolina,Nash County,US
35.16794,-78.97281,Spring Lake,North Carolina,Cumberland County,US
35.9154,-82.06456,Spruce Pine,North Carolina,Mitchell County,US
35.76458,-81.27314,Saint Stephens,North Carolina,Catawba County,US
35.0907,-80.68618,Stallings,North Carolina,Union County,US
35.23348,-80.42701,Stanfield,North Carolina,Stanly County,US
35.35903,-81.09702,Stanley,North Carolina,Gaston County,US
35.78264,-80.8873,Statesville,North Carolina,Iredell County,US
35.0135,-78.69391,Stedman,North Carolina,Cumberland County,US
36.23708,-79.97948,Stokesdale,North Carolina,Guilford County,US
36.46653,-79.90698,Stoneville,North Carolina,Rockingham County,US
35.86347,-81.0473,Stony Point,North Carolina,Alexander County,US
36.20875,-79.90476,Summerfield,North Carolina,Guilford County,US
35.56822,-77.40274,Summerfield,North Carolina,Pitt County,US
33.88073,-78.51223,Sunset Beach,North Carolina,Brunswick County,US
34.42711,-77.54608,Surf City,North Carolina,Pender County,US
35.59789,-82.39984,Swannanoa,North Carolina,Buncombe County,US
35.40628,-76.32909,Swanquarter,North Carolina,Hyde County,US
34.68766,-77.11912,Swansboro,North Carolina,Onslow County,US
36.02125,-79.36141,Swepsonville,North Carolina,Alamance County,US
35.37371,-83.22598,Sylva,North Carolina,Jackson County,US
34.14878,-78.87669,Tabor City,North Carolina,Columbus County,US
35.89682,-77.5358,Tarboro,North Carolina,Edgecombe County,US
35.9218,-81.17647,Taylorsville,North Carolina,Alexander County,US
35.88264,-80.08199,Thomasville,North Carolina,Davidson County,US
36.36652,-80.92841,Thurmond,North Carolina,Surry County,US
36.50041,-80.62645,Toast,North Carolina,Surry County,US
36.23819,-80.37144,Tobaccoville,North Carolina,Forsyth County,US
35.0821,-77.08634,Trent Woods,North Carolina,Craven County,US
35.0671,-77.35274,Trenton,North Carolina,Jones County,US
35.89458,-79.99087,Trinity,North Carolina,Randolph County,US
35.70069,-80.88813,Troutman,North Carolina,Iredell County,US
35.35847,-79.89449,Troy,North Carolina,Montgomery County,US
35.20817,-82.23845,Tryon,North Carolina,Polk County,US
35.33986,-81.32203,Tryon,North Carolina,Gaston County,US
35.80903,-80.37283,Tyro,North Carolina,Davidson County,US
35.08737,-80.50896,Unionville,North Carolina,Union County,US
35.74069,-81.56315,Valdese,North Carolina,Burke County,US
35.29845,-82.48318,Valley Hill,North Carolina,Henderson County,US
35.3085,-77.15412,Vanceboro,North Carolina,Craven County,US
35.03211,-78.79474,Vander,North Carolina,Cumberland County,US
34.96821,-80.07673,Wadesboro,North Carolina,Anson County,US
35.97987,-78.50972,Wake Forest,North Carolina,Wake County,US
36.17541,-80.1531,Walkertown,North Carolina,Forsyth County,US
35.28572,-78.81363,Walkertown,North Carolina,Harnett County,US
34.73572,-77.99526,Wallace,North Carolina,Duplin County,US
36.01014,-80.13921,Wallburg,North Carolina,Davidson County,US
36.29541,-80.14171,Walnut Cove,North Carolina,Stokes County,US
35.84267,-75.63851,Wanchese,North Carolina,Dare County,US
36.39848,-78.15527,Warrenton,North Carolina,Warren County,US
34.99933,-78.0911,Warsaw,North Carolina,Duplin County,US
35.54655,-77.05217,Washington,North Carolina,Beaufort County,US
34.92459,-80.7434,Waxhaw,North Carolina,Union County,US
35.48871,-82.98875,Waynesville,North Carolina,Haywood County,US
35.69705,-82.56069,Weaverville,North Carolina,Buncombe County,US
35.02237,-80.7609,Weddington,North Carolina,Union County,US
35.90292,-80.25699,Welcome,North Carolina,Davidson County,US
36.4271,-77.59553,Weldon,North Carolina,Halifax County,US
36.40014,-79.77448,Wentworth,North Carolina,Rockingham County,US
35.00709,-80.67451,Wesley Chapel,North Carolina,Union County,US
35.78099,-78.36972,Wendell,North Carolina,Wake County,US
35.53788,-82.85819,West Canton,North Carolina,Haywood County,US
36.40374,-81.49288,West Jefferson,North Carolina,Ashe County,US
35.6579,-82.02539,West Marion,North Carolina,McDowell County,US
35.78682,-78.66389,West Raleigh,North Carolina,Wake County,US
35.50125,-80.97869,Westport,North Carolina,Lincoln County,US
35.25571,-79.37225,Whispering Pines,North Carolina,Moore County,US
35.23402,-81.39814,White Plains,North Carolina,Cleveland County,US
36.44569,-80.6334,White Plains,North Carolina,Surry County,US
34.33878,-78.70307,Whiteville,North Carolina,Columbus County,US
36.14596,-81.16064,Wilkesboro,North Carolina,Wilkes County,US
35.8546,-77.05551,Williamston,North Carolina,Martin County,US
34.22573,-77.94471,Wilmington,North Carolina,New Hanover County,US
35.72127,-77.91554,Wilson,North Carolina,Wilson County,US
35.58405,-78.35583,Wilsons Mills,North Carolina,Johnston County,US
35.99849,-76.94606,Windsor,North Carolina,Bertie County,US
35.55294,-77.36108,Windsor,North Carolina,Pitt County,US
34.98432,-80.44923,Wingate,North Carolina,Union County,US
36.09986,-80.24422,Winston-Salem,North Carolina,Forsyth County,US
35.52905,-77.40108,Winterville,North Carolina,Pitt County,US
36.39571,-76.9319,Winton,North Carolina,Hertford County,US
35.63344,-82.58207,Woodfin,North Carolina,Buncombe County,US
34.2885,-77.9211,Wrightsboro,North Carolina,New Hanover County,US
34.2085,-77.79637,Wrightsville Beach,North Carolina,New Hanover County,US
36.13458,-80.65951,Yadkinville,North Carolina,Yadkin County,US
36.40403,-79.33613,Yanceyville,North Carolina,Caswell County,US
36.02487,-78.47444,Youngsville,North Carolina,Franklin County,US
35.82432,-78.31472,Zebulon,North Carolina,Wake County,US
39.42845,-74.49571,Absecon,New Jersey,Atlantic County,US
39.56095,-75.36242,Alloway,New Jersey,Salem County,US
39.86317,-75.006,Ashland,New Jersey,Camden County,US
39.36428,-74.42293,Atlantic City,New Jersey,Atlantic County,US
39.89095,-75.07295,Audubon,New Jersey,Camden County,US
39.8965,-75.08767,Audubon Park,New Jersey,Camden County,US
39.10122,-74.71766,Avalon,New Jersey,Cape May County,US
39.75318,-74.22292,Barnegat,New Jersey,Ocean County,US
39.86484,-75.05517,Barrington,New Jersey,Camden County,US
39.55928,-74.2432,Beach Haven,New Jersey,Ocean County,US
39.66984,-74.23181,Beach Haven West,New Jersey,Ocean County,US
39.93901,-74.19292,Beachwood,New Jersey,Ocean County,US
39.754,-75.35741,Beckett,New Jersey,Gloucester County,US
39.86761,-75.09462,Bellmawr,New Jersey,Camden County,US
39.79123,-74.92905,Berlin,New Jersey,Camden County,US
39.80234,-75.06406,Blackwood,New Jersey,Camden County,US
39.41012,-74.36459,Brigantine,New Jersey,Atlantic County,US
39.42734,-75.23408,Bridgeton,New Jersey,Cumberland County,US
39.87817,-75.12073,Brooklawn,New Jersey,Camden County,US
39.87428,-75.11962,Brooklawn,New Jersey,Camden County,US
39.97261,-74.58293,Browns Mills,New Jersey,Burlington County,US
39.51373,-74.92462,Buena,New Jersey,Atlantic County,US
39.92595,-75.11962,Camden,New Jersey,Camden County,US
39.08261,-74.82378,Cape May Court House,New Jersey,Cape May County,US
38.93511,-74.90601,Cape May,New Jersey,Cape May County,US
39.71122,-75.4702,Carneys Point,New Jersey,Salem County,US
39.95234,-74.39987,Cedar Glen Lakes,New Jersey,Ocean County,US
39.93484,-75.03073,Cherry Hill,New Jersey,Camden County,US
39.93595,-75.00906,Cherry Hill Mall,New Jersey,Camden County,US
39.73234,-74.881,Chesilhurst,New Jersey,Camden County,US
39.99678,-74.99267,Cinnaminson,New Jersey,Burlington County,US
39.66011,-75.09212,Clayton,New Jersey,Gloucester County,US
39.8115,-74.98294,Clementon,New Jersey,Camden County,US
39.59567,-74.88156,Collings Lakes,New Jersey,Atlantic County,US
39.91817,-75.07128,Collingswood,New Jersey,Camden County,US
39.94262,-74.54404,Country Lake Estates,New Jersey,Burlington County,US
39.94817,-74.3607,Crestwood Village,New Jersey,Ocean County,US
39.99123,-74.06375,Dover Beaches North,New Jersey,Ocean County,US
39.95567,-74.0743,Dover Beaches South,New Jersey,Ocean County,US
39.84845,-74.99572,Echelon,New Jersey,Camden County,US
39.52873,-74.64794,Egg Harbor City,New Jersey,Atlantic County,US
39.91372,-75.01045,Ellisburg,New Jersey,Camden County,US
39.59511,-75.17018,Elmer,New Jersey,Salem County,US
39.57651,-74.71683,Elwood,New Jersey,Atlantic County,US
38.98067,-74.90795,Erma,New Jersey,Cape May County,US
39.41206,-74.74239,Estell Manor,New Jersey,Atlantic County,US
39.38178,-75.21991,Fairton,New Jersey,Cumberland County,US
39.60206,-74.84267,Folsom,New Jersey,Atlantic County,US
39.83984,-74.19014,Forked River,New Jersey,Ocean County,US
39.83817,-74.96489,Gibbsboro,New Jersey,Camden County,US
39.82511,-75.28352,Gibbstown,New Jersey,Gloucester County,US
39.70289,-75.11184,Glassboro,New Jersey,Gloucester County,US
39.83956,-75.07351,Glendora,New Jersey,Camden County,US
39.89178,-75.11629,Gloucester City,New Jersey,Camden County,US
39.92789,-75.03878,Golden Triangle,New Jersey,Camden County,US
39.89706,-74.95572,Greentree,New Jersey,Camden County,US
39.87734,-75.06462,Haddon Heights,New Jersey,Camden County,US
39.8915,-75.03767,Haddonfield,New Jersey,Camden County,US
39.63651,-74.80239,Hammonton,New Jersey,Atlantic County,US
39.94595,-74.25403,Holiday Heights,New Jersey,Ocean County,US
39.94206,-74.14986,Island Heights,New Jersey,Ocean County,US
39.7765,-74.86238,Jackson,New Jersey,Camden County,US
39.92372,-74.98795,Kingston Estates,New Jersey,Camden County,US
39.33956,-75.0299,Laurel Lake,New Jersey,Cumberland County,US
39.9704,-74.06875,Lavallette,New Jersey,Ocean County,US
39.8665,-75.02823,Lawnside,New Jersey,Camden County,US
39.82011,-75.00628,Laurel Springs,New Jersey,Camden County,US
39.89234,-74.7021,Leisuretowne,New Jersey,Burlington County,US
39.82428,-74.99767,Lindenwold,New Jersey,Camden County,US
39.33984,-74.57516,Linwood,New Jersey,Atlantic County,US
39.94984,-74.66071,Magnolia,New Jersey,Burlington County,US
39.85456,-75.03906,Magnolia,New Jersey,Camden County,US
39.6954,-74.25875,Manahawkin,New Jersey,Ocean County,US
39.95261,-74.99239,Maple Shade,New Jersey,Burlington County,US
39.32789,-74.50349,Margate City,New Jersey,Atlantic County,US
39.89122,-74.92183,Marlton,New Jersey,Burlington County,US
39.45234,-74.72766,Mays Landing,New Jersey,Atlantic County,US
39.85845,-74.80294,Medford Lakes,New Jersey,Burlington County,US
39.40206,-75.03934,Millville,New Jersey,Cumberland County,US
39.87845,-75.09267,Mount Ephraim,New Jersey,Camden County,US
39.99289,-74.78766,Mount Holly,New Jersey,Burlington County,US
39.934,-74.891,Mount Laurel,New Jersey,Burlington County,US
39.73928,-75.22407,Mullica Hill,New Jersey,Gloucester County,US
39.54428,-74.38237,Mystic Island,New Jersey,Ocean County,US
39.86595,-75.17879,National Park,New Jersey,Gloucester County,US
39.54688,-75.02636,Newfield,New Jersey,Gloucester County,US
39.57317,-74.23153,North Beach Haven,New Jersey,Ocean County,US
38.98206,-74.95795,North Cape May,New Jersey,Cape May County,US
39.00067,-74.79933,North Wildwood,New Jersey,Cape May County,US
39.37039,-74.55015,Northfield,New Jersey,Atlantic County,US
39.90095,-75.08462,Oaklyn,New Jersey,Camden County,US
39.74345,-74.28098,Ocean Acres,New Jersey,Ocean County,US
39.27762,-74.5746,Ocean City,New Jersey,Cape May County,US
39.92679,-74.13375,Ocean Gate,New Jersey,Ocean County,US
39.54817,-75.15463,Olivet,New Jersey,Salem County,US
39.83039,-75.24046,Paulsboro,New Jersey,Gloucester County,US
39.97206,-74.68294,Pemberton,New Jersey,Burlington County,US
39.96261,-74.67877,Pemberton Heights,New Jersey,Burlington County,US
39.72956,-75.46797,Penns Grove,New Jersey,Salem County,US
39.95622,-75.05795,Pennsauken,New Jersey,Camden County,US
39.65345,-75.51659,Pennsville,New Jersey,Salem County,US
39.93595,-74.17097,Pine Beach,New Jersey,Ocean County,US
39.78428,-74.99211,Pine Hill,New Jersey,Camden County,US
39.95456,-74.31515,Pine Ridge at Crestwood,New Jersey,Ocean County,US
39.73289,-75.13157,Pitman,New Jersey,Gloucester County,US
39.38984,-74.52404,Pleasantville,New Jersey,Atlantic County,US
39.47845,-74.57516,Pomona,New Jersey,Atlantic County,US
39.24595,-75.03518,Port Norris,New Jersey,Cumberland County,US
39.52067,-74.48571,Port Republic,New Jersey,Atlantic County,US
39.91373,-74.5646,Presidential Lakes Estates,New Jersey,Burlington County,US
39.92872,-74.94378,Ramblewood,New Jersey,Burlington County,US
39.72261,-75.16546,Richwood,New Jersey,Gloucester County,US
39.01456,-74.88156,Rio Grande,New Jersey,Cape May County,US
39.47817,-75.13129,Rosenhayn,New Jersey,Cumberland County,US
39.57178,-75.46714,Salem,New Jersey,Salem County,US
39.85234,-75.06795,Runnemede,New Jersey,Camden County,US
39.15345,-74.69294,Sea Isle City,New Jersey,Cape May County,US
39.50095,-75.21796,Seabrook Farms,New Jersey,Cumberland County,US
39.94429,-74.07291,Seaside Heights,New Jersey,Ocean County,US
39.92679,-74.07708,Seaside Park,New Jersey,Ocean County,US
39.6429,-74.18042,Ship Bottom,New Jersey,Ocean County,US
39.71734,-74.96933,Sicklerville,New Jersey,Camden County,US
39.95928,-74.21848,Silver Ridge,New Jersey,Ocean County,US
39.49401,-74.45709,Smithville,New Jersey,Atlantic County,US
39.844,-75.02267,Somerdale,New Jersey,Camden County,US
39.31762,-74.5946,Somers Point,New Jersey,Atlantic County,US
39.94206,-74.20431,South Toms River,New Jersey,Ocean County,US
39.44595,-75.02879,South Vineland,New Jersey,Cumberland County,US
39.90261,-74.96628,Springdale,New Jersey,Camden County,US
39.82678,-75.01545,Stratford,New Jersey,Camden County,US
39.66206,-74.16514,Surf City,New Jersey,Ocean County,US
39.74761,-75.31047,Swedesboro,New Jersey,Gloucester County,US
39.95373,-74.19792,Toms River,New Jersey,Ocean County,US
39.60317,-74.34015,Tuckerton,New Jersey,Ocean County,US
39.77317,-75.05128,Turnersville,New Jersey,Gloucester County,US
39.34039,-74.47737,Ventnor City,New Jersey,Atlantic County,US
39.63317,-74.966,Victory Lakes,New Jersey,Gloucester County,US
39.02872,-74.93851,Villas,New Jersey,Cape May County,US
39.48623,-75.02573,Vineland,New Jersey,Cumberland County,US
39.79151,-74.19514,Waretown,New Jersey,Ocean County,US
39.79456,-75.14879,Wenonah,New Jersey,Gloucester County,US
38.93872,-74.94184,West Cape May,New Jersey,Cape May County,US
39.86789,-75.13156,Westville,New Jersey,Gloucester County,US
38.99178,-74.81489,Wildwood,New Jersey,Cape May County,US
38.97484,-74.8335,Wildwood Crest,New Jersey,Cape May County,US
39.68623,-74.99517,Williamstown,New Jersey,Gloucester County,US
39.91734,-75.09629,Wood-Lynne,New Jersey,Camden County,US
39.24178,-74.81517,Woodbine,New Jersey,Cape May County,US
39.83817,-75.15268,Woodbury,New Jersey,Gloucester County,US
39.81706,-75.15518,Woodbury Heights,New Jersey,Gloucester County,US
39.6515,-75.32825,Woodstown,New Jersey,Salem County,US
38.65563,-83.76103,Aberdeen,Ohio,Brown County,US
39.20478,-84.428,Amberley,Ohio,Hamilton County,US
39.0284,-84.21771,Amelia,Ohio,Clermont County,US
39.99005,-84.55329,Arcanum,Ohio,Darke County,US
39.71562,-82.95296,Ashville,Ohio,Pickaway County,US
39.32924,-82.10126,Athens,Ohio,Athens County,US
39.84534,-82.60072,Baltimore,Ohio,Fairfield County,US
39.98813,-81.1765,Barnesville,Ohio,Belmont County,US
39.07701,-84.17688,Batavia,Ohio,Clermont County,US
39.70923,-84.06327,Beavercreek,Ohio,Greene County,US
39.347,-84.43522,Beckett Ridge,Ohio,Butler County,US
39.63562,-84.07077,Bellbrook,Ohio,Greene County,US
39.27396,-81.5729,Belpre,Ohio,Washington County,US
38.96368,-84.08077,Bethel,Ohio,Clermont County,US
39.73034,-83.39353,Bethel,Ohio,Madison County,US
39.54785,-81.63957,Beverly,Ohio,Washington County,US
39.96895,-82.93768,Bexley,Ohio,Franklin County,US
39.90506,-82.86434,Blacklick Estates,Ohio,Franklin County,US
39.29312,-83.98882,Blanchester,Ohio,Clinton County,US
39.232,-84.37827,Blue Ash,Ohio,Hamilton County,US
39.15311,-84.63717,Bridgetown,Ohio,Hamilton County,US
39.83672,-84.41134,Brookville,Ohio,Montgomery County,US
39.93368,-82.47238,Buckeye Lake,Ohio,Licking County,US
38.4073,-82.53571,Burlington,Ohio,Lawrence County,US
39.96979,-81.53651,Byesville,Ohio,Guernsey County,US
39.74785,-81.51651,Caldwell,Ohio,Noble County,US
39.62894,-84.64856,Camden,Ohio,Preble County,US
39.84284,-82.80462,Canal Winchester,Ohio,Fairfield County,US
39.582,-84.32022,Carlisle,Ohio,Warren County,US
39.74423,-83.80854,Cedarville,Ohio,Greene County,US
39.62839,-84.15938,Centerville,Ohio,Montgomery County,US
39.39785,-82.12931,Chauncey,Ohio,Athens County,US
39.07256,-84.32188,Cherry Grove,Ohio,Hamilton County,US
39.157,-84.61328,Cheviot,Ohio,Hamilton County,US
39.96006,-83.48492,Choctaw Lake,Ohio,Madison County,US
39.162,-84.45689,Cincinnati,Ohio,Hamilton County,US
39.60062,-82.94601,Circleville,Ohio,Pickaway County,US
39.86311,-84.3605,Clayton,Ohio,Montgomery County,US
39.16172,-84.74912,Cleves,Ohio,Hamilton County,US
38.50341,-82.64711,Coal Grove,Ohio,Lawrence County,US
39.96118,-82.99879,Columbus,Ohio,Franklin County,US
39.7684,-83.05713,Commercial Point,Ohio,Pickaway County,US
39.12117,-84.60633,Covedale,Ohio,Hamilton County,US
39.76896,-82.09209,Crooksville,Ohio,Perry County,US
39.88923,-84.0266,Crystal Lakes,Ohio,Clark County,US
39.17395,-84.22633,Day Heights,Ohio,Clermont County,US
39.75895,-84.19161,Dayton,Ohio,Montgomery County,US
39.20534,-84.39466,Deer Park,Ohio,Hamilton County,US
39.18589,-84.65134,Dent,Ohio,Hamilton County,US
39.47369,-81.47901,Devola,Ohio,Washington County,US
39.21811,-84.40216,Dillonvale,Ohio,Hamilton County,US
39.74645,-84.28661,Drexel,Ohio,Montgomery County,US
39.25922,-84.61911,Dry Ridge,Ohio,Hamilton County,US
39.10423,-84.33049,Dry Run,Ohio,Hamilton County,US
39.29228,-84.618,Dunlap,Ohio,Hamilton County,US
39.74394,-84.63662,Eaton,Ohio,Preble County,US
39.18728,-84.488,Elmwood Place,Ohio,Hamilton County,US
39.87756,-84.30217,Englewood,Ohio,Montgomery County,US
39.87812,-83.93688,Enon,Ohio,Clark County,US
39.95729,-82.68183,Etna,Ohio,Licking County,US
39.25617,-84.418,Evendale,Ohio,Hamilton County,US
39.82089,-84.01938,Fairborn,Ohio,Greene County,US
39.14534,-84.39327,Fairfax,Ohio,Hamilton County,US
39.34589,-84.5605,Fairfield,Ohio,Butler County,US
39.9159,-82.47516,Fairfield Beach,Ohio,Fairfield County,US
39.6795,-84.42911,Farmersville,Ohio,Montgomery County,US
39.20034,-84.5205,Finneytown,Ohio,Hamilton County,US
39.56867,-84.19299,Five Points,Ohio,Warren County,US
39.29034,-84.50411,Forest Park,Ohio,Hamilton County,US
39.07506,-84.34494,Forestville,Ohio,Hamilton County,US
39.79756,-84.25355,Fort McKinley,Ohio,Montgomery County,US
39.40145,-83.18074,Frankfort,Ohio,Ross County,US
39.55895,-84.30411,Franklin,Ohio,Warren County,US
38.64508,-82.84878,Franklin Furnace,Ohio,Scioto County,US
39.07562,-84.36438,Fruit Hill,Ohio,Hamilton County,US
38.8098,-82.20237,Gallipolis,Ohio,Gallia County,US
39.66201,-82.43349,Geneva,Ohio,Fairfield County,US
38.86451,-83.90409,Georgetown,Ohio,Brown County,US
39.62617,-84.36939,Germantown,Ohio,Montgomery County,US
39.27061,-84.45939,Glendale,Ohio,Hamilton County,US
39.50313,-82.08459,Glouster,Ohio,Athens County,US
39.18728,-84.44633,Golf Manor,Ohio,Hamilton County,US
39.19422,-84.72439,Grandview,Ohio,Hamilton County,US
39.97979,-83.04074,Grandview Heights,Ohio,Franklin County,US
39.86895,-83.94438,Green Meadows,Ohio,Clark County,US
39.35201,-83.38269,Greenfield,Ohio,Highland County,US
39.26811,-84.523,Greenhills,Ohio,Hamilton County,US
39.22311,-84.58689,Groesbeck,Ohio,Hamilton County,US
39.88145,-83.09296,Grove City,Ohio,Franklin County,US
39.8784,-82.88379,Groveport,Ohio,Franklin County,US
39.3995,-84.56134,Hamilton,Ohio,Butler County,US
39.93673,-82.43515,Harbor Hills,Ohio,Licking County,US
39.262,-84.81995,Harrison,Ohio,Hamilton County,US
39.96173,-82.49127,Hebron,Ohio,Licking County,US
39.28839,-84.35022,Highpoint,Ohio,Hamilton County,US
39.20229,-83.61159,Hillsboro,Ohio,Highland County,US
39.85617,-83.96854,Holiday Valley,Ohio,Clark County,US
39.84395,-84.12466,Huber Heights,Ohio,Montgomery County,US
39.49284,-84.28966,Hunter,Ohio,Warren County,US
38.53675,-82.68294,Ironton,Ohio,Lawrence County,US
39.05202,-82.63655,Jackson,Ohio,Jackson County,US
39.65812,-83.73492,Jamestown,Ohio,Greene County,US
39.65367,-83.56381,Jeffersonville,Ohio,Fayette County,US
39.21061,-84.36716,Kenwood,Ohio,Hamilton County,US
39.6895,-84.16883,Kettering,Ohio,Montgomery County,US
39.35561,-84.24855,Kings Mills,Ohio,Warren County,US
39.47395,-82.91073,Kingston,Ohio,Ross County,US
39.95728,-83.2288,Lake Darby,Ohio,Franklin County,US
39.71368,-82.59933,Lancaster,Ohio,Fairfield County,US
39.312,-84.28299,Landen,Ohio,Warren County,US
39.43534,-84.20299,Lebanon,Ohio,Warren County,US
39.34506,-83.55297,Leesburg,Ohio,Highland County,US
39.84616,-84.53967,Lewisburg,Ohio,Preble County,US
39.23895,-84.4555,Lincoln Heights,Ohio,Hamilton County,US
39.95479,-83.13074,Lincoln Village,Ohio,Franklin County,US
39.86089,-83.6352,Lisbon,Ohio,Clark County,US
39.80284,-82.80628,Lithopolis,Ohio,Fairfield County,US
39.22922,-84.45772,Lockland,Ohio,Hamilton County,US
39.54007,-82.4071,Logan,Ohio,Hocking County,US
39.56978,-82.95185,Logan Elm Village,Ohio,Pickaway County,US
39.88645,-83.44825,London,Ohio,Madison County,US
39.26895,-84.26383,Loveland,Ohio,Hamilton County,US
39.29978,-84.26327,Loveland Park,Ohio,Warren County,US
38.87952,-82.99684,Lucasville,Ohio,Scioto County,US
39.24173,-83.79131,Lynchburg,Ohio,Highland County,US
39.15811,-84.64967,Mack,Ohio,Hamilton County,US
39.19089,-84.36355,Madeira,Ohio,Hamilton County,US
38.68813,-83.60936,Manchester,Ohio,Adams County,US
39.14506,-84.37438,Mariemont,Ohio,Hamilton County,US
39.41535,-81.45484,Marietta,Ohio,Washington County,US
39.36006,-84.30994,Mason,Ohio,Warren County,US
39.49478,-84.37272,Mayfield,Ohio,Butler County,US
39.24646,-82.47849,McArthur,Ohio,Vinton County,US
39.64868,-81.85319,McConnelsville,Ohio,Morgan County,US
39.16506,-84.7205,Miami Heights,Ohio,Hamilton County,US
39.64284,-84.28661,Miamisburg,Ohio,Montgomery County,US
39.21589,-84.70411,Miamitown,Ohio,Hamilton County,US
39.00175,-82.04875,Middleport,Ohio,Meigs County,US
39.51506,-84.39828,Middletown,Ohio,Butler County,US
39.17534,-84.29438,Milford,Ohio,Clermont County,US
39.90006,-82.53405,Millersport,Ohio,Fairfield County,US
39.44034,-84.36216,Monroe,Ohio,Butler County,US
39.18839,-84.59522,Monfort Heights,Ohio,Hamilton County,US
39.22811,-84.35411,Montgomery,Ohio,Hamilton County,US
39.70617,-84.21938,Moraine,Ohio,Montgomery County,US
39.3545,-84.12716,Morrow,Ohio,Warren County,US
39.10589,-84.3041,Mount Carmel,Ohio,Clermont County,US
39.23367,-84.54578,Mount Healthy,Ohio,Hamilton County,US
39.27033,-84.568,Mount Healthy Heights,Ohio,Hamilton County,US
39.02757,-83.91965,Mount Orab,Ohio,Brown County,US
39.20062,-84.22438,Mount Repose,Ohio,Clermont County,US
39.71951,-83.26519,Mount Sterling,Ohio,Madison County,US
39.19339,-84.24216,Mulberry,Ohio,Clermont County,US
39.45868,-82.23182,Nelsonville,Ohio,Athens County,US
38.7523,-82.93684,New Boston,Ohio,Scioto County,US
39.2595,-84.55717,New Burlington,Ohio,Hamilton County,US
39.93617,-84.02549,New Carlisle,Ohio,Clark County,US
39.99368,-81.73402,New Concord,Ohio,Muskingum County,US
39.74533,-84.38495,New Lebanon,Ohio,Montgomery County,US
39.71396,-82.20848,New Lexington,Ohio,Perry County,US
39.52452,-81.06705,New Matamoras,Ohio,Washington County,US
39.43478,-84.53689,New Miami,Ohio,Butler County,US
39.85699,-84.79329,New Paris,Ohio,Preble County,US
38.94868,-84.27994,New Richmond,Ohio,Clermont County,US
39.32367,-83.69103,New Vienna,Ohio,Clinton County,US
39.39091,-81.22678,Newport,Ohio,Washington County,US
39.1245,-84.36161,Newtown,Ohio,Hamilton County,US
39.21839,-84.55078,North College Hill,Ohio,Hamilton County,US
39.3359,-83.02907,North Fork Village,Ohio,Ross County,US
39.97868,-82.00347,North Zanesville,Ohio,Muskingum County,US
39.24645,-84.58356,Northbrook,Ohio,Hamilton County,US
39.25283,-84.59245,Northgate,Ohio,Hamilton County,US
39.99173,-83.77854,Northridge,Ohio,Clark County,US
39.80756,-84.19689,Northridge,Ohio,Montgomery County,US
39.15561,-84.45966,Norwood,Ohio,Hamilton County,US
38.89396,-82.57349,Oak Hill,Ohio,Jackson County,US
39.72534,-84.17411,Oakwood,Ohio,Montgomery County,US
39.87895,-82.95074,Obetz,Ohio,Franklin County,US
39.507,-84.74523,Oxford,Ohio,Butler County,US
39.88645,-84.03966,Park Layne,Ohio,Clark County,US
39.99562,-82.67433,Pataskala,Ohio,Licking County,US
38.94896,-83.40575,Peebles,Ohio,Adams County,US
39.88423,-82.7535,Pickerington,Ohio,Fairfield County,US
39.06813,-83.01434,Piketon,Ohio,Pike County,US
39.95201,-81.95902,Pleasant Grove,Ohio,Muskingum County,US
39.29978,-84.56356,Pleasant Run,Ohio,Hamilton County,US
39.30311,-84.548,Pleasant Run Farm,Ohio,Hamilton County,US
39.02758,-82.03375,Pomeroy,Ohio,Meigs County,US
38.73174,-82.99767,Portsmouth,Ohio,Scioto County,US
39.86008,-80.81537,Powhatan Point,Ohio,Belmont County,US
39.22367,-84.44216,Reading,Ohio,Hamilton County,US
39.37285,-81.39567,Reno,Ohio,Washington County,US
39.95479,-82.81212,Reynoldsburg,Ohio,Franklin County,US
38.74563,-83.84492,Ripley,Ohio,Brown County,US
39.77978,-84.1241,Riverside,Ohio,Montgomery County,US
38.78619,-82.97906,Rosemount,Ohio,Scioto County,US
39.31228,-84.6505,Ross,Ohio,Butler County,US
39.80729,-82.07125,Roseville,Ohio,Muskingum County,US
39.21367,-84.38688,Rossmoyne,Ohio,Hamilton County,US
39.48867,-83.63687,Sabina,Ohio,Clinton County,US
39.167,-84.49855,Saint Bernard,Ohio,Hamilton County,US
39.07173,-84.37827,Salem Heights,Ohio,Hamilton County,US
38.7548,-82.86878,Sciotodale,Ohio,Scioto County,US
39.97091,-80.75064,Shadyside,Ohio,Belmont County,US
39.26811,-84.41327,Sharonville,Ohio,Hamilton County,US
39.65284,-83.78687,Shawnee Hills,Ohio,Greene County,US
39.08478,-84.36077,Sherwood,Ohio,Hamilton County,US
39.81867,-84.22855,Shiloh,Ohio,Montgomery County,US
39.19284,-84.4005,Silverton,Ohio,Hamilton County,US
39.27284,-84.32744,Sixteen Mile Stand,Ohio,Hamilton County,US
39.22867,-84.56689,Skyline Acres,Ohio,Hamilton County,US
39.80701,-82.29709,Somerset,Ohio,Perry County,US
39.7184,-82.98685,South Bloomfield,Ohio,Pickaway County,US
39.82534,-83.63437,South Charleston,Ohio,Clark County,US
39.37089,-84.21327,South Lebanon,Ohio,Warren County,US
38.41786,-82.58627,South Point,Ohio,Lawrence County,US
39.89923,-82.00625,South Zanesville,Ohio,Muskingum County,US
39.55228,-84.23327,Springboro,Ohio,Warren County,US
39.287,-84.48522,Springdale,Ohio,Hamilton County,US
39.92423,-83.80882,Springfield,Ohio,Clark County,US
39.10478,-84.28827,Summerside,Ohio,Clermont County,US
39.15923,-84.30716,Terrace Park,Ohio,Hamilton County,US
39.36896,-82.13237,The Plains,Ohio,Athens County,US
39.24978,-84.29577,The Village of Indian Hill,Ohio,Hamilton County,US
39.91312,-82.41099,Thornport,Ohio,Perry County,US
39.95839,-84.17216,Tipp City,Ohio,Miami County,US
39.48089,-84.45772,Trenton,Ohio,Butler County,US
39.79728,-84.31133,Trotwood,Ohio,Montgomery County,US
39.89783,-84.30633,Union,Ohio,Montgomery County,US
39.99451,-83.06241,Upper Arlington,Ohio,Franklin County,US
39.89061,-84.19883,Vandalia,Ohio,Montgomery County,US
39.53645,-83.43908,Washington Court House,Ohio,Fayette County,US
39.12673,-82.98546,Waverly,Ohio,Pike County,US
39.52978,-84.0866,Waynesville,Ohio,Warren County,US
39.12341,-82.53294,Wellston,Ohio,Jackson County,US
39.7445,-84.53217,West Alexandria,Ohio,Preble County,US
39.67228,-84.25216,West Carrollton City,Ohio,Montgomery County,US
39.94478,-83.2688,West Jefferson,Ohio,Madison County,US
39.96255,-84.328,West Milton,Ohio,Miami County,US
38.75841,-83.02906,West Portsmouth,Ohio,Scioto County,US
38.79452,-83.54519,West Union,Ohio,Adams County,US
39.36367,-84.37744,Wetherington,Ohio,Butler County,US
38.73035,-82.85545,Wheelersburg,Ohio,Scioto County,US
39.21311,-84.59939,White Oak,Ohio,Hamilton County,US
39.96673,-82.88546,Whitehall,Ohio,Franklin County,US
39.71617,-83.87771,Wilberforce,Ohio,Greene County,US
39.05423,-84.05299,Williamsburg,Ohio,Clermont County,US
39.5859,-83.12046,Williamsport,Ohio,Pickaway County,US
39.44534,-83.82854,Wilmington,Ohio,Clinton County,US
38.94174,-83.65075,Winchester,Ohio,Adams County,US
39.06228,-84.28827,Withamsville,Ohio,Clermont County,US
39.252,-84.47022,Woodlawn,Ohio,Hamilton County,US
39.76257,-81.11538,Woodsfield,Ohio,Monroe County,US
39.23117,-84.46578,Wyoming,Ohio,Hamilton County,US
39.68478,-83.92965,Xenia,Ohio,Greene County,US
39.80645,-83.88687,Yellow Springs,Ohio,Greene County,US
39.94035,-82.01319,Zanesville,Ohio,Muskingum County,US
34.77453,-96.67834,Ada,Oklahoma,Pontotoc County,US
36.69369,-94.96302,Afton,Oklahoma,Ottawa County,US
34.63813,-99.33398,Altus,Oklahoma,Jackson County,US
36.80503,-98.66647,Alva,Oklahoma,Woods County,US
35.07256,-98.24366,Anadarko,Oklahoma,Caddo County,US
34.23121,-95.62025,Antlers,Oklahoma,Pushmataha County,US
34.89368,-98.36589,Apache,Oklahoma,Caddo County,US
35.57783,-98.96453,Arapaho,Oklahoma,Custer County,US
34.17426,-97.14363,Ardmore,Oklahoma,Carter County,US
35.35454,-94.4341,Arkoma,Oklahoma,Le Flore County,US
36.13504,-99.77484,Arnett,Oklahoma,Ellis County,US
34.38593,-96.12833,Atoka,Oklahoma,Atoka County,US
36.56202,-96.16167,Barnsdall,Oklahoma,Osage County,US
36.74731,-95.98082,Bartlesville,Oklahoma,Washington County,US
35.7426,-96.07027,Beggs,Oklahoma,Okmulgee County,US
35.51867,-97.63226,Bethany,Oklahoma,Oklahoma County,US
35.30868,-97.02558,Bethel Acres,Oklahoma,Pottawatomie County,US
35.94204,-95.88332,Bixby,Oklahoma,Tulsa County,US
36.80448,-97.28282,Blackwell,Oklahoma,Kay County,US
35.13784,-97.65809,Blanchard,Oklahoma,McClain County,US
35.49341,-96.48362,Boley,Oklahoma,Okfuskee County,US
34.63786,-97.81753,Bray,Oklahoma,Stephens County,US
35.83063,-96.39112,Bristow,Oklahoma,Creek County,US
36.0526,-95.79082,Broken Arrow,Oklahoma,Tulsa County,US
34.02928,-94.7391,Broken Bow,Oklahoma,McCurtain County,US
36.83559,-99.6304,Buffalo,Oklahoma,Harper County,US
35.34894,-99.17036,Burns Flat,Oklahoma,Washita County,US
36.46148,-95.49414,Bushyhead,Oklahoma,Rogers County,US
34.8612,-96.66557,Byng,Oklahoma,Pontotoc County,US
34.62952,-98.62867,Cache,Oklahoma,Comanche County,US
33.93454,-96.4286,Calera,Oklahoma,Bryan County,US
35.10367,-98.60367,Carnegie,Oklahoma,Caddo County,US
36.18899,-95.74582,Catoosa,Oklahoma,Rogers County,US
34.62313,-98.08976,Central High,Oklahoma,Stephens County,US
35.70173,-96.88086,Chandler,Oklahoma,Lincoln County,US
35.4701,-95.52304,Checotah,Oklahoma,McIntosh County,US
36.53565,-95.43247,Chelsea,Oklahoma,Rogers County,US
36.75447,-98.35674,Cherokee,Oklahoma,Alfalfa County,US
35.61394,-99.67149,Cheyenne,Oklahoma,Roger Mills County,US
35.05257,-97.93643,Chickasha,Oklahoma,Grady County,US
35.49756,-97.26892,Choctaw,Oklahoma,Oklahoma County,US
36.18593,-95.34302,Chouteau,Oklahoma,Mayes County,US
36.3126,-95.61609,Claremore,Oklahoma,Rogers County,US
36.57897,-94.97107,Cleora,Oklahoma,Delaware County,US
36.31007,-96.46419,Cleveland,Oklahoma,Pawnee County,US
35.51561,-98.96731,Clinton,Oklahoma,Custer County,US
33.85316,-96.50249,Colbert,Oklahoma,Bryan County,US
36.36454,-95.83888,Collinsville,Oklahoma,Tulsa County,US
34.36897,-97.96392,Comanche,Oklahoma,Stephens County,US
36.9334,-94.87301,Commerce,Oklahoma,Ottawa County,US
36.65591,-94.82829,Copeland,Oklahoma,Delaware County,US
35.29061,-98.98841,Cordell,Oklahoma,Washita County,US
35.95177,-95.65081,Coweta,Oklahoma,Wagoner County,US
35.95254,-97.59477,Crescent,Oklahoma,Logan County,US
35.98506,-96.76697,Cushing,Oklahoma,Payne County,US
34.89646,-98.2006,Cyril,Oklahoma,Caddo County,US
34.50453,-97.11946,Davis,Oklahoma,Murray County,US
35.44201,-97.44087,Del City,Oklahoma,Oklahoma County,US
36.79592,-95.93554,Dewey,Oklahoma,Washington County,US
34.18732,-96.98446,Dickson,Oklahoma,Carter County,US
35.9884,-96.60113,Drumright,Oklahoma,Creek County,US
34.5023,-97.95781,Duncan,Oklahoma,Stephens County,US
33.99399,-96.37082,Durant,Oklahoma,Bryan County,US
35.65283,-97.4781,Edmond,Oklahoma,Oklahoma County,US
35.53227,-97.95505,El Reno,Oklahoma,Canadian County,US
34.78035,-98.29227,Elgin,Oklahoma,Comanche County,US
35.41199,-99.40426,Elk City,Oklahoma,Beckham County,US
36.39559,-97.87839,Enid,Oklahoma,Garfield County,US
35.21533,-99.86649,Erick,Oklahoma,Beckham County,US
35.28722,-95.5825,Eufaula,Oklahoma,McIntosh County,US
36.57366,-96.7042,Fairfax,Oklahoma,Osage County,US
36.75118,-94.84746,Fairland,Oklahoma,Ottawa County,US
36.26892,-98.4798,Fairview,Oklahoma,Major County,US
34.82312,-98.24422,Fletcher,Oklahoma,Comanche County,US
35.7976,-95.25052,Fort Gibson,Oklahoma,Muskogee County,US
34.39203,-99.01841,Frederick,Oklahoma,Tillman County,US
35.63116,-98.31729,Geary,Oklahoma,Blaine County,US
34.48119,-98.38311,Geronimo,Oklahoma,Comanche County,US
35.95537,-96.00888,Glenpool,Oklahoma,Tulsa County,US
35.14118,-97.47698,Goldsby,Oklahoma,McClain County,US
34.22842,-98.68451,Grandfield,Oklahoma,Tillman County,US
34.96228,-99.38064,Granite,Oklahoma,Greer County,US
36.59369,-94.76912,Grove,Oklahoma,Delaware County,US
35.87894,-97.42532,Guthrie,Oklahoma,Logan County,US
35.23701,-97.40642,Hall Park,Oklahoma,Cleveland County,US
35.48951,-97.16364,Harrah,Oklahoma,Oklahoma County,US
34.8451,-95.55748,Hartshorne,Oklahoma,Pittsburg County,US
35.82038,-95.67415,Haskell,Oklahoma,Muskogee County,US
34.23315,-97.4878,Healdton,Oklahoma,Carter County,US
34.88927,-94.60078,Heavener,Oklahoma,Le Flore County,US
36.54614,-98.27007,Helena,Oklahoma,Alfalfa County,US
36.1092,-97.89867,Hennessey,Oklahoma,Kingfisher County,US
35.43983,-95.98194,Henryetta,Oklahoma,Okmulgee County,US
35.47144,-98.35562,Hinton,Oklahoma,Caddo County,US
35.0295,-99.09313,Hobart,Oklahoma,Kiowa County,US
35.08036,-96.39918,Holdenville,Oklahoma,Hughes County,US
34.68839,-99.91205,Hollis,Oklahoma,Harmon County,US
36.41424,-96.3953,Hominy,Oklahoma,Osage County,US
34.01066,-95.50968,Hugo,Oklahoma,Choctaw County,US
33.89566,-94.82633,Idabel,Oklahoma,McCurtain County,US
36.15121,-95.50942,Inola,Oklahoma,Rogers County,US
36.42119,-94.7969,Jay,Oklahoma,Delaware County,US
36.02287,-95.96833,Jenks,Oklahoma,Tulsa County,US
35.56589,-97.28698,Jones,Oklahoma,Oklahoma County,US
36.29287,-95.56664,Justice,Oklahoma,Rogers County,US
35.9437,-96.21361,Kellyville,Oklahoma,Creek County,US
36.31453,-94.98579,Kenwood,Oklahoma,Delaware County,US
35.94482,-96.06528,Kiefer,Oklahoma,Creek County,US
35.86143,-97.93172,Kingfisher,Oklahoma,Kingfisher County,US
33.99871,-96.71972,Kingston,Oklahoma,Marshall County,US
34.95953,-96.7528,Konawa,Oklahoma,Seminole County,US
34.92787,-95.71582,Krebs,Oklahoma,Pittsburg County,US
35.94505,-97.25531,Langston,Oklahoma,Logan County,US
36.70975,-99.89346,Laverne,Oklahoma,Harper County,US
34.60869,-98.39033,Lawton,Oklahoma,Comanche County,US
35.01479,-97.33558,Lexington,Oklahoma,Cleveland County,US
34.8348,-97.60253,Lindsay,Oklahoma,Garvin County,US
36.20009,-95.16774,Locust Grove,Oklahoma,Mayes County,US
34.17537,-97.26279,Lone Grove,Oklahoma,Carter County,US
35.24538,-95.51276,Longtown,Oklahoma,Pittsburg County,US
35.66173,-97.19559,Luther,Oklahoma,Oklahoma County,US
34.09038,-96.77167,Madill,Oklahoma,Marshall County,US
34.872,-99.50426,Mangum,Oklahoma,Greer County,US
36.13341,-96.35446,Mannford,Oklahoma,Creek County,US
33.93704,-97.11668,Marietta,Oklahoma,Love County,US
34.64813,-97.95809,Marlow,Oklahoma,Stephens County,US
34.59036,-97.95587,Marlow,Oklahoma,Stephens County,US
35.13036,-96.77585,Maud,Oklahoma,Seminole County,US
34.8173,-97.40586,Maysville,Oklahoma,Garvin County,US
34.93343,-95.76971,McAlester,Oklahoma,Pittsburg County,US
36.67865,-97.03726,McCord,Oklahoma,Osage County,US
35.4359,-97.09142,McLoud,Oklahoma,Pottawatomie County,US
36.80697,-97.73366,Medford,Oklahoma,Grant County,US
35.5034,-96.9028,Meeker,Oklahoma,Lincoln County,US
34.42731,-97.97809,Meridian,Oklahoma,Stephens County,US
36.87451,-94.87746,Miami,Oklahoma,Ottawa County,US
35.44951,-97.3967,Midwest City,Oklahoma,Oklahoma County,US
35.31284,-97.94449,Minco,Oklahoma,Grady County,US
35.33951,-97.4867,Moore,Oklahoma,Cleveland County,US
36.4392,-99.20482,Mooreland,Oklahoma,Woodward County,US
35.6076,-95.86027,Morris,Oklahoma,Okmulgee County,US
35.87648,-96.06111,Mounds,Oklahoma,Creek County,US
35.4062,-94.59883,Muldrow,Oklahoma,Sequoyah County,US
35.74788,-95.36969,Muskogee,Oklahoma,Muskogee County,US
35.38423,-97.72449,Mustang,Oklahoma,Canadian County,US
35.24729,-97.59976,Newcastle,Oklahoma,McClain County,US
36.88225,-97.05337,Newkirk,Oklahoma,Kay County,US
35.55089,-97.54893,Nichols Hills,Oklahoma,Oklahoma County,US
35.49117,-97.32309,Nicoma Park,Oklahoma,Oklahoma County,US
34.94785,-97.92393,Ninnekah,Oklahoma,Grady County,US
35.13924,-97.39475,Noble,Oklahoma,Cleveland County,US
35.22257,-97.43948,Norman,Oklahoma,Cleveland County,US
36.70065,-95.63803,Nowata,Oklahoma,Nowata County,US
36.07537,-96.06444,Oakhurst,Oklahoma,Tulsa County,US
34.1001,-96.79389,Oakland,Oklahoma,Marshall County,US
36.08451,-96.58363,Oilton,Oklahoma,Creek County,US
35.72588,-97.97644,Okarche,Oklahoma,Canadian County,US
36.11615,-98.31702,Okeene,Oklahoma,Blaine County,US
35.43259,-96.30501,Okemah,Oklahoma,Okfuskee County,US
35.46756,-97.51643,Oklahoma City,Oklahoma,Oklahoma County,US
35.62344,-95.96055,Okmulgee,Oklahoma,Okmulgee County,US
36.44704,-95.70832,Oologah,Oklahoma,Rogers County,US
36.26954,-95.85471,Owasso,Oklahoma,Tulsa County,US
35.16732,-94.67245,Panama,Oklahoma,Le Flore County,US
35.8612,-94.95884,Park Hill,Oklahoma,Cherokee County,US
36.66784,-96.33723,Pawhuska,Oklahoma,Osage County,US
36.33783,-96.80392,Pawnee,Oklahoma,Pawnee County,US
34.74008,-97.22225,Pauls Valley,Oklahoma,Garvin County,US
35.97394,-97.03364,Perkins,Oklahoma,Payne County,US
36.28949,-97.2881,Perry,Oklahoma,Noble County,US
35.642,-97.74643,Piedmont,Oklahoma,Canadian County,US
35.26063,-97.11975,Pink,Oklahoma,Pottawatomie County,US
35.23121,-94.478,Pocola,Oklahoma,Le Flore County,US
36.70698,-97.08559,Ponca City,Oklahoma,Kay County,US
35.05371,-94.62356,Poteau,Oklahoma,Le Flore County,US
35.48674,-96.68502,Prague,Oklahoma,Lincoln County,US
36.30843,-95.31691,Pryor,Oklahoma,Mayes County,US
35.01368,-97.36114,Purcell,Oklahoma,McClain County,US
35.12288,-95.37109,Quinton,Oklahoma,Pittsburg County,US
34.17843,-97.59253,Ringling,Oklahoma,Jefferson County,US
35.4212,-94.51466,Roland,Oklahoma,Sequoyah County,US
34.78257,-97.95698,Rush Springs,Oklahoma,Grady County,US
36.29287,-95.1533,Salina,Oklahoma,Mayes County,US
35.46037,-94.78745,Sallisaw,Oklahoma,Sequoyah County,US
36.13981,-96.10889,Sand Springs,Oklahoma,Tulsa County,US
35.9987,-96.11417,Sapulpa,Oklahoma,Creek County,US
35.29116,-99.6401,Sayre,Oklahoma,Beckham County,US
35.22452,-96.67057,Seminole,Oklahoma,Seminole County,US
35.1301,-94.65856,Shady Point,Oklahoma,Le Flore County,US
36.27587,-99.88123,Shattuck,Oklahoma,Ellis County,US
35.32729,-96.9253,Shawnee,Oklahoma,Pottawatomie County,US
36.36842,-96.00138,Skiatook,Oklahoma,Osage County,US
35.08729,-97.33503,Slaughterville,Oklahoma,Cleveland County,US
34.65896,-98.95174,Snyder,Oklahoma,Kiowa County,US
35.52284,-97.37726,Spencer,Oklahoma,Oklahoma County,US
36.29731,-95.99139,Sperry,Oklahoma,Tulsa County,US
35.24121,-94.61994,Spiro,Oklahoma,Le Flore County,US
35.25371,-95.12302,Stigler,Oklahoma,Haskell County,US
36.11561,-97.05837,Stillwater,Oklahoma,Payne County,US
35.81453,-94.62856,Stilwell,Oklahoma,Adair County,US
34.79675,-96.95946,Stratford,Oklahoma,Garvin County,US
35.74868,-96.65807,Stroud,Oklahoma,Lincoln County,US
34.50787,-96.96835,Sulphur,Oklahoma,Murray County,US
35.91537,-94.96996,Tahlequah,Oklahoma,Cherokee County,US
34.75149,-95.04802,Talihina,Oklahoma,Le Flore County,US
36.03865,-98.96371,Taloga,Oklahoma,Dewey County,US
35.25785,-96.93669,Tecumseh,Oklahoma,Pottawatomie County,US
34.27203,-98.23588,Temple,Oklahoma,Cotton County,US
35.34732,-95.43692,Texanna,Oklahoma,McIntosh County,US
35.56089,-97.55143,The Village,Oklahoma,Oklahoma County,US
35.74422,-98.74758,Thomas,Oklahoma,Custer County,US
34.23621,-96.67861,Tishomingo,Oklahoma,Johnston County,US
36.67837,-97.31004,Tonkawa,Oklahoma,Kay County,US
36.15398,-95.99277,Tulsa,Oklahoma,Tulsa County,US
36.24204,-95.97583,Turley,Oklahoma,Tulsa County,US
35.29089,-97.81227,Tuttle,Oklahoma,Grady County,US
35.39172,-97.94144,Union City,Oklahoma,Canadian County,US
36.23482,-95.69109,Verdigris,Oklahoma,Rogers County,US
35.49843,-94.96967,Vian,Oklahoma,Sequoyah County,US
36.63869,-95.15413,Vinita,Oklahoma,Craig County,US
35.95954,-95.36941,Wagoner,Oklahoma,Wagoner County,US
34.35981,-98.30783,Walters,Oklahoma,Cotton County,US
35.52256,-97.61893,Warr Acres,Oklahoma,Oklahoma County,US
35.49426,-95.30552,Warner,Oklahoma,Muskogee County,US
35.84477,-98.41313,Watonga,Oklahoma,Blaine County,US
36.28031,-97.89811,Waukomis,Oklahoma,Garfield County,US
34.16704,-97.99754,Waurika,Oklahoma,Jefferson County,US
35.52616,-98.70757,Weatherford,Oklahoma,Custer County,US
35.99258,-94.568,Westville,Oklahoma,Adair County,US
35.23759,-96.24167,Wetumka,Oklahoma,Hughes County,US
35.15869,-96.49335,Wewoka,Oklahoma,Seminole County,US
34.91871,-95.30914,Wilburton,Oklahoma,Latimer County,US
34.16204,-97.42586,Wilson,Oklahoma,Carter County,US
35.5076,-96.03472,Wilson,Oklahoma,Okmulgee County,US
34.96732,-94.72467,Wister,Oklahoma,Le Flore County,US
36.43365,-99.39039,Woodward,Oklahoma,Woodward County,US
34.64342,-97.16447,Wynnewood,Oklahoma,Garvin County,US
36.11423,-96.69919,Yale,Oklahoma,Payne County,US
35.50672,-97.76254,Yukon,Oklahoma,Canadian County,US
39.88649,-76.9847,Abbottstown,Pennsylvania,Adams County,US
39.9215,-75.28796,Aldan,Pennsylvania,Delaware County,US
39.94927,-75.97356,Atglen,Pennsylvania,Chester County,US
39.82344,-75.78327,Avondale,Pennsylvania,Chester County,US
39.92064,-78.9578,Berlin,Pennsylvania,Somerset County,US
39.93037,-77.24804,Biglerville,Pennsylvania,Adams County,US
39.81204,-77.13721,Bonneauville,Pennsylvania,Adams County,US
39.83011,-75.44158,Boothwyn,Pennsylvania,Delaware County,US
39.86928,-75.38241,Brookhaven,Pennsylvania,Delaware County,US
39.9815,-75.35658,Broomall,Pennsylvania,Delaware County,US
39.99094,-75.78022,Caln,Pennsylvania,Chester County,US
39.74926,-77.38304,Carroll Valley,Pennsylvania,Adams County,US
39.93759,-77.6611,Chambersburg,Pennsylvania,Franklin County,US
39.84967,-75.35707,Chester,Pennsylvania,Delaware County,US
39.89011,-75.47548,Chester Heights,Pennsylvania,Delaware County,US
39.95483,-75.99689,Christiana,Pennsylvania,Lancaster County,US
39.92928,-75.2963,Clifton Heights,Pennsylvania,Delaware County,US
39.98316,-75.82384,Coatesville,Pennsylvania,Chester County,US
39.91178,-75.27713,Collingdale,Pennsylvania,Delaware County,US
39.91234,-75.25379,Colwyn,Pennsylvania,Delaware County,US
39.94066,-76.34635,Conestoga,Pennsylvania,Lancaster County,US
39.89954,-76.64025,Dallastown,Pennsylvania,York County,US
39.91845,-75.25907,Darby,Pennsylvania,Delaware County,US
39.94706,-75.29213,Drexel Hill,Pennsylvania,Delaware County,US
39.97785,-79.61448,Dunbar,Pennsylvania,Fayette County,US
39.9376,-76.97859,East Berlin,Pennsylvania,Adams County,US
39.94567,-75.26129,East Lansdowne,Pennsylvania,Delaware County,US
39.8998,-79.69782,East Uniontown,Pennsylvania,Fayette County,US
39.97371,-76.68636,East York,Pennsylvania,York County,US
39.86011,-75.34436,Eddystone,Pennsylvania,Delaware County,US
39.8248,-79.75449,Fairchance,Pennsylvania,Fayette County,US
39.88702,-79.96811,Fairdale,Pennsylvania,Greene County,US
39.9112,-77.54999,Fayetteville,Pennsylvania,Franklin County,US
39.88983,-75.32519,Folsom,Pennsylvania,Delaware County,US
39.89095,-75.2838,Folcroft,Pennsylvania,Delaware County,US
39.98732,-76.02051,Gap,Pennsylvania,Lancaster County,US
39.9376,-76.08329,Georgetown,Pennsylvania,Lancaster County,US
39.83093,-77.2311,Gettysburg,Pennsylvania,Adams County,US
39.79316,-76.73025,Glen Rock,Pennsylvania,York County,US
39.90011,-75.28907,Glenolden,Pennsylvania,Delaware County,US
39.94038,-76.72913,Grantley,Pennsylvania,York County,US
39.79037,-77.72777,Greencastle,Pennsylvania,Franklin County,US
39.86537,-77.61249,Guilford Siding,Pennsylvania,Franklin County,US
39.80066,-76.98304,Hanover,Pennsylvania,York County,US
39.87702,-79.70199,Hopwood,Pennsylvania,Fayette County,US
39.88316,-76.71052,Jacobus,Pennsylvania,York County,US
39.84678,-75.7116,Kennett Square,Pennsylvania,Chester County,US
39.80954,-77.18387,Lake Heritage,Pennsylvania,Adams County,US
39.9851,-77.0372,Lake Meade,Pennsylvania,Adams County,US
39.9901,-76.23968,Lampeter,Pennsylvania,Lancaster County,US
39.93817,-75.27185,Lansdowne,Pennsylvania,Delaware County,US
39.91733,-75.44047,Lima,Pennsylvania,Delaware County,US
39.8265,-75.42547,Linwood,Pennsylvania,Delaware County,US
39.74454,-77.08804,Littlestown,Pennsylvania,Adams County,US
39.85566,-76.70747,Loganville,Pennsylvania,York County,US
39.99924,-79.96283,Luzerne,Pennsylvania,Fayette County,US
39.81928,-75.41853,Marcus Hook,Pennsylvania,Delaware County,US
39.84674,-79.89978,Masontown,Pennsylvania,Fayette County,US
39.93259,-77.99889,McConnellsburg,Pennsylvania,Fulton County,US
39.80732,-77.01137,McSherrystown,Pennsylvania,Adams County,US
39.91678,-75.38769,Media,Pennsylvania,Delaware County,US
39.82787,-77.90333,Mercersburg,Pennsylvania,Franklin County,US
39.81369,-79.02475,Meyersdale,Pennsylvania,Somerset County,US
39.80843,-77.00276,Midway,Pennsylvania,Adams County,US
39.95313,-79.10419,Milford,Pennsylvania,Somerset County,US
39.96345,-75.25018,Millbourne,Pennsylvania,Delaware County,US
39.99788,-76.35413,Millersville,Pennsylvania,Lancaster County,US
39.84426,-77.55832,Mont Alto,Pennsylvania,Franklin County,US
39.8948,-80.16173,Morrisville,Pennsylvania,Greene County,US
39.90983,-75.32352,Morton,Pennsylvania,Delaware County,US
39.73371,-77.07554,Mount Pleasant,Pennsylvania,Adams County,US
39.73788,-76.70136,New Freedom,Pennsylvania,York County,US
39.86371,-77.05581,New Oxford,Pennsylvania,Adams County,US
39.97815,-76.73302,North York,Pennsylvania,York County,US
39.89178,-75.29963,Norwood,Pennsylvania,Delaware County,US
39.91869,-79.71782,Oliver,Pennsylvania,Fayette County,US
39.78539,-75.97883,Oxford,Pennsylvania,Chester County,US
39.95872,-75.91939,Parkesburg,Pennsylvania,Chester County,US
39.86428,-75.37853,Parkside,Pennsylvania,Delaware County,US
39.78121,-76.96331,Parkville,Pennsylvania,York County,US
39.98622,-75.27546,Penn Wynne,Pennsylvania,Montgomery County,US
39.78954,-76.99804,Pennville,Pennsylvania,York County,US
39.95233,-75.16379,Philadelphia,Pennsylvania,Philadelphia County,US
39.73897,-79.89867,Point Marion,Pennsylvania,Fayette County,US
39.88789,-75.30824,Prospect Park,Pennsylvania,Delaware County,US
39.89705,-76.16357,Quarryville,Pennsylvania,Lancaster County,US
39.90093,-76.6058,Red Lion,Pennsylvania,York County,US
39.96258,-79.87671,Republic,Pennsylvania,Fayette County,US
39.88122,-75.3238,Ridley Park,Pennsylvania,Delaware County,US
39.9687,-77.58721,Scotland,Pennsylvania,Franklin County,US
39.9065,-75.27157,Sharon Hill,Pennsylvania,Delaware County,US
39.97815,-76.79719,Shiloh,Pennsylvania,York County,US
39.76871,-76.67969,Shrewsbury,Pennsylvania,York County,US
39.99674,-79.58587,South Connellsville,Pennsylvania,Fayette County,US
39.97427,-75.81995,South Coatesville,Pennsylvania,Chester County,US
39.89285,-79.74699,South Uniontown,Pennsylvania,Fayette County,US
39.87454,-76.86581,Spring Grove,Pennsylvania,York County,US
39.93067,-75.32019,Springfield,Pennsylvania,Delaware County,US
39.91843,-76.68497,Spry,Pennsylvania,York County,US
39.72482,-77.72444,State Line,Pennsylvania,Franklin County,US
39.75371,-76.59136,Stewartstown,Pennsylvania,York County,US
39.98704,-76.64413,Stonybrook,Pennsylvania,York County,US
39.98316,-76.18412,Strasburg,Pennsylvania,Lancaster County,US
39.75872,-76.36802,Susquehanna Trails,Pennsylvania,York County,US
39.90206,-75.34991,Swarthmore,Pennsylvania,Delaware County,US
39.99288,-75.74522,Thorndale,Pennsylvania,Chester County,US
39.8315,-75.75744,Toughkenamon,Pennsylvania,Chester County,US
39.82761,-75.41436,Trainer,Pennsylvania,Delaware County,US
39.90008,-79.71643,Uniontown,Pennsylvania,Fayette County,US
39.8865,-75.77439,Upland,Pennsylvania,Chester County,US
39.85261,-75.38269,Upland,Pennsylvania,Delaware County,US
39.9501,-76.70108,Valley View,Pennsylvania,York County,US
39.74371,-77.55388,Wayne Heights,Pennsylvania,Franklin County,US
39.75593,-77.57777,Waynesboro,Pennsylvania,Franklin County,US
39.89646,-80.17923,Waynesburg,Pennsylvania,Greene County,US
39.98371,-76.82247,Weigelstown,Pennsylvania,York County,US
39.96097,-75.60804,West Chester,Pennsylvania,Chester County,US
39.82205,-75.82744,West Grove,Pennsylvania,Chester County,US
39.9526,-76.75136,West York,Pennsylvania,York County,US
39.97927,-76.27635,Willow Street,Pennsylvania,Lancaster County,US
39.91621,-76.58441,Windsor,Pennsylvania,York County,US
39.87233,-75.33713,Woodlyn,Pennsylvania,Delaware County,US
39.90899,-76.63691,Yoe,Pennsylvania,York County,US
39.9626,-76.72774,York,Pennsylvania,York County,US
39.939,-75.25546,Yeadon,Pennsylvania,Delaware County,US
39.99232,-76.64635,Yorklyn,Pennsylvania,York County,US
34.17817,-82.37901,Abbeville,South Carolina,Abbeville County,US
33.56042,-81.71955,Aiken,South Carolina,Aiken County,US
33.00793,-81.30844,Allendale,South Carolina,Allendale County,US
34.50344,-82.65013,Anderson,South Carolina,Anderson County,US
33.45128,-79.5609,Andrews,South Carolina,Williamsburg County,US
34.95818,-81.99066,Arcadia,South Carolina,Spartanburg County,US
34.84595,-82.64152,Arial,South Carolina,Pickens County,US
33.03767,-79.61313,Awendaw,South Carolina,Charleston County,US
33.2971,-81.03482,Bamberg,South Carolina,Bamberg County,US
33.24487,-81.35872,Barnwell,South Carolina,Barnwell County,US
33.90792,-81.54733,Batesburg,South Carolina,Lexington County,US
33.91014,-81.53733,Batesburg-Leesville,South Carolina,Lexington County,US
32.43158,-80.66983,Beaufort,South Carolina,Beaufort County,US
34.52289,-82.49429,Belton,South Carolina,Anderson County,US
33.53097,-81.94484,Belvedere,South Carolina,Aiken County,US
34.61738,-79.68478,Bennettsville,South Carolina,Marlboro County,US
34.8854,-82.45596,Berea,South Carolina,Greenville County,US
34.21821,-80.24841,Bishopville,South Carolina,Lee County,US
33.35793,-81.27066,Blackville,South Carolina,Barnwell County,US
35.12124,-81.51592,Blacksburg,South Carolina,Cherokee County,US
32.23715,-80.86039,Bluffton,South Carolina,Beaufort County,US
34.21432,-80.97398,Blythewood,South Carolina,Richland County,US
33.13515,-81.43122,Boiling Springs,South Carolina,Barnwell County,US
35.04651,-81.98177,Boiling Springs,South Carolina,Spartanburg County,US
33.31989,-80.00036,Bonneau Beach,South Carolina,Berkeley County,US
33.25127,-80.81565,Branchville,South Carolina,Orangeburg County,US
33.50682,-80.82342,Brookdale,South Carolina,Orangeburg County,US
34.72569,-81.68343,Buffalo,South Carolina,Union County,US
33.51541,-81.849,Burnettown,South Carolina,Aiken County,US
32.43575,-80.724,Burton,South Carolina,Beaufort County,US
34.09234,-82.59569,Calhoun Falls,South Carolina,Abbeville County,US
34.24654,-80.60702,Camden,South Carolina,Kershaw County,US
33.90182,-80.45036,Cane Savannah,South Carolina,Sumter County,US
34.85292,-80.91119,Catawba,South Carolina,York County,US
33.96571,-81.07398,Cayce,South Carolina,Lexington County,US
34.53205,-82.70402,Centerville,South Carolina,Anderson County,US
32.99573,-80.17037,Centerville,South Carolina,Dorchester County,US
34.72427,-82.78125,Central,South Carolina,Pickens County,US
34.16598,-81.34982,Chapin,South Carolina,Lexington County,US
32.77657,-79.93092,Charleston,South Carolina,Charleston County,US
34.69766,-79.8834,Cheraw,South Carolina,Chesterfield County,US
33.95571,-80.45814,Cherryvale,South Carolina,Sumter County,US
34.73599,-80.08812,Chesterfield,South Carolina,Chesterfield County,US
34.70486,-81.21426,Chester,South Carolina,Chester County,US
34.86151,-82.43151,City View,South Carolina,Greenville County,US
33.4968,-81.89206,Clearwater,South Carolina,Aiken County,US
34.68344,-82.83737,Clemson,South Carolina,Pickens County,US
34.47263,-81.88066,Clinton,South Carolina,Laurens County,US
35.11125,-81.22646,Clover,South Carolina,York County,US
34.00071,-81.03481,Columbia,South Carolina,Richland County,US
33.836,-79.04781,Conway,South Carolina,Horry County,US
35.01679,-81.80399,Cowpens,South Carolina,Spartanburg County,US
34.01682,-80.43008,Dalzell,South Carolina,Sumter County,US
34.29988,-79.87617,Darlington,South Carolina,Darlington County,US
33.32265,-81.14232,Denmark,South Carolina,Bamberg County,US
34.06404,-80.95815,Dentsville,South Carolina,Richland County,US
34.41655,-79.37116,Dillon,South Carolina,Dillon County,US
34.33345,-82.3879,Due West,South Carolina,Abbeville County,US
34.9379,-82.14511,Duncan,South Carolina,Spartanburg County,US
34.82484,-82.41929,Dunean,South Carolina,Greenville County,US
34.82984,-82.60152,Easley,South Carolina,Pickens County,US
35.08013,-81.63287,East Gaffney,South Carolina,Cherokee County,US
33.92544,-80.29619,East Sumter,South Carolina,Sumter County,US
33.78958,-81.92956,Edgefield,South Carolina,Edgefield County,US
33.47654,-80.8987,Edisto,South Carolina,Orangeburg County,US
34.17098,-80.79425,Elgin,South Carolina,Kershaw County,US
34.67293,-80.71896,Elgin,South Carolina,Lancaster County,US
32.75489,-81.24205,Estill,South Carolina,Hampton County,US
34.71764,-81.1937,Eureka Mill,South Carolina,Chester County,US
32.95905,-81.2365,Fairfax,South Carolina,Allendale County,US
34.95651,-82.01011,Fairforest,South Carolina,Spartanburg County,US
34.80484,-82.22956,Five Forks,South Carolina,Greenville County,US
34.19543,-79.76256,Florence,South Carolina,Florence County,US
32.65518,-79.94037,Folly Beach,South Carolina,Charleston County,US
34.01932,-80.98981,Forest Acres,South Carolina,Richland County,US
33.72239,-78.95809,Forestbrook,South Carolina,Horry County,US
35.00737,-80.94508,Fort Mill,South Carolina,York County,US
34.68901,-82.19567,Fountain Inn,South Carolina,Greenville County,US
33.84571,-80.76592,Gadsden,South Carolina,Richland County,US
35.07179,-81.64982,Gaffney,South Carolina,Cherokee County,US
34.80012,-82.42429,Gantt,South Carolina,Greenville County,US
33.59295,-79.00865,Garden City,South Carolina,Horry County,US
33.8171,-81.10093,Gaston,South Carolina,Lexington County,US
33.37683,-79.2945,Georgetown,South Carolina,Georgetown County,US
33.52597,-81.83011,Gloverville,South Carolina,Aiken County,US
34.73401,-82.44374,Golden Grove,South Carolina,Greenville County,US
32.98101,-80.03259,Goose Creek,South Carolina,Berkeley County,US
33.56375,-81.80789,Graniteville,South Carolina,Aiken County,US
34.57514,-80.90202,Great Falls,South Carolina,Chester County,US
34.85262,-82.39401,Greenville,South Carolina,Greenville County,US
34.1954,-82.16179,Greenwood,South Carolina,Greenwood County,US
34.93873,-82.22706,Greer,South Carolina,Greenville County,US
32.87794,-81.12761,Hampton,South Carolina,Hampton County,US
32.91851,-80.02203,Hanahan,South Carolina,Berkeley County,US
32.28714,-81.08067,Hardeeville,South Carolina,Jasper County,US
34.37404,-80.0734,Hartsville,South Carolina,Darlington County,US
32.21632,-80.75261,Hilton Head Island,South Carolina,Beaufort County,US
33.32266,-80.4137,Holly Hill,South Carolina,Orangeburg County,US
32.73434,-80.24177,Hollywood,South Carolina,Charleston County,US
34.4465,-82.39151,Honea Path,South Carolina,Anderson County,US
34.47066,-82.67069,Homeland Park,South Carolina,Anderson County,US
33.90432,-80.87703,Hopkins,South Carolina,Richland County,US
35.00737,-81.02174,India Hook,South Carolina,York County,US
35.04706,-82.09011,Inman,South Carolina,Spartanburg County,US
35.04151,-82.10428,Inman Mills,South Carolina,Spartanburg County,US
34.08598,-81.18315,Irmo,South Carolina,Lexington County,US
34.69376,-80.82229,Irwin,South Carolina,Lancaster County,US
32.78684,-79.7948,Isle of Palms,South Carolina,Charleston County,US
34.3065,-82.66374,Iva,South Carolina,Anderson County,US
33.32542,-81.78789,Jackson,South Carolina,Aiken County,US
34.41485,-81.81122,Joanna,South Carolina,Laurens County,US
33.81794,-79.44922,Johnsonville,South Carolina,Florence County,US
33.83208,-81.80094,Johnston,South Carolina,Edgefield County,US
34.83317,-82.42762,Judson,South Carolina,Greenville County,US
34.55182,-80.58368,Kershaw,South Carolina,Lancaster County,US
32.60824,-80.08482,Kiawah Island,South Carolina,Charleston County,US
33.66766,-79.83063,Kingstree,South Carolina,Williamsburg County,US
32.98573,-80.10981,Ladson,South Carolina,Berkeley County,US
33.871,-79.75535,Lake City,South Carolina,Florence County,US
34.28455,-82.59457,Lake Secession,South Carolina,Abbeville County,US
35.10848,-81.04285,Lake Wylie,South Carolina,York County,US
33.84683,-80.35008,Lakewood,South Carolina,Sumter County,US
34.72043,-80.7709,Lancaster,South Carolina,Lancaster County,US
34.70931,-80.79479,Lancaster Mill,South Carolina,Lancaster County,US
35.17511,-82.18928,Landrum,South Carolina,Spartanburg County,US
33.51791,-81.844,Langley,South Carolina,Aiken County,US
34.3371,-79.43116,Latta,South Carolina,Dillon County,US
32.45019,-80.78483,Laurel Bay,South Carolina,Beaufort County,US
34.49901,-82.01426,Laurens,South Carolina,Laurens County,US
33.91653,-81.51344,Leesville,South Carolina,Lexington County,US
34.8907,-80.95647,Lesslie,South Carolina,York County,US
33.98154,-81.23621,Lexington,South Carolina,Lexington County,US
34.78789,-82.69236,Liberty,South Carolina,Pickens County,US
33.00684,-80.15537,Lincolnville,South Carolina,Charleston County,US
33.87323,-78.61418,Little River,South Carolina,Horry County,US
34.05628,-78.8903,Loris,South Carolina,Horry County,US
34.94817,-82.12733,Lyman,South Carolina,Spartanburg County,US
33.69516,-80.21091,Manning,South Carolina,Clarendon County,US
34.17822,-79.40061,Marion,South Carolina,Marion County,US
34.77873,-82.31012,Mauldin,South Carolina,Greenville County,US
35.08401,-81.85983,Mayo,South Carolina,Spartanburg County,US
34.66877,-79.54533,McColl,South Carolina,Marlboro County,US
33.91346,-82.29346,McCormick,South Carolina,McCormick County,US
32.71796,-80.23899,Meggett,South Carolina,Charleston County,US
33.19632,-80.01429,Moncks Corner,South Carolina,Berkeley County,US
32.79407,-79.86259,Mount Pleasant,South Carolina,Charleston County,US
34.20572,-79.25449,Mullins,South Carolina,Marion County,US
33.60125,-81.94428,Murphys Estates,South Carolina,Edgefield County,US
33.551,-79.04143,Murrells Inlet,South Carolina,Georgetown County,US
33.68906,-78.88669,Myrtle Beach,South Carolina,Horry County,US
33.42153,-81.68567,New Ellenton,South Carolina,Aiken County,US
34.27458,-81.61872,Newberry,South Carolina,Newberry County,US
34.98986,-81.10091,Newport,South Carolina,York County,US
34.17513,-82.02401,Ninety Six,South Carolina,Greenwood County,US
33.5018,-81.96512,North Augusta,South Carolina,Aiken County,US
32.85462,-79.97481,North Charleston,South Carolina,Charleston County,US
34.39377,-80.06951,North Hartsville,South Carolina,Darlington County,US
33.81601,-78.68002,North Myrtle Beach,South Carolina,Horry County,US
34.56622,-82.68402,Northlake,South Carolina,Anderson County,US
33.77821,-80.96676,Oak Grove,South Carolina,Calhoun County,US
33.98293,-80.48842,Oakland,South Carolina,Sumter County,US
33.49182,-80.85565,Orangeburg,South Carolina,Orangeburg County,US
34.89902,-81.76177,Pacolet,South Carolina,Spartanburg County,US
34.77321,-80.39173,Pageland,South Carolina,Chesterfield County,US
33.996,-79.57006,Pamplico,South Carolina,Florence County,US
34.85067,-82.45346,Parker,South Carolina,Greenville County,US
34.65177,-82.78375,Pendleton,South Carolina,Anderson County,US
34.88345,-82.70736,Pickens,South Carolina,Pickens County,US
34.70234,-82.46457,Piedmont,South Carolina,Anderson County,US
33.91043,-81.10454,Pineridge,South Carolina,Lexington County,US
32.37908,-80.69261,Port Royal,South Carolina,Beaufort County,US
34.79178,-82.49291,Powdersville,South Carolina,Anderson County,US
33.83321,-80.41425,Privateer,South Carolina,Sumter County,US
34.20931,-81.53316,Prosperity,South Carolina,Newberry County,US
32.76323,-80.2501,Ravenel,South Carolina,Charleston County,US
33.93209,-81.23843,Red Bank,South Carolina,Lexington County,US
33.99961,-79.2581,Red Hill,South Carolina,Horry County,US
33.82073,-79.01892,Red Hill,South Carolina,Horry County,US
32.48074,-80.98039,Ridgeland,South Carolina,Jasper County,US
33.09572,-80.31537,Ridgeville,South Carolina,Dorchester County,US
34.92487,-81.02508,Rock Hill,South Carolina,York County,US
34.87957,-81.96621,Roebuck,South Carolina,Spartanburg County,US
34.04543,-81.12926,Saint Andrews,South Carolina,Lexington County,US
33.186,-80.57565,Saint George,South Carolina,Dorchester County,US
33.66488,-80.77787,Saint Matthews,South Carolina,Calhoun County,US
33.40433,-79.92174,Saint Stephen,South Carolina,Berkeley County,US
34.00152,-81.77205,Saluda,South Carolina,Saluda County,US
33.03545,-80.12787,Sangaree,South Carolina,Berkeley County,US
34.8779,-82.42401,Sans Souci,South Carolina,Greenville County,US
34.96123,-81.96733,Saxon,South Carolina,Spartanburg County,US
32.57713,-80.17065,Seabrook Island,South Carolina,Charleston County,US
34.68566,-82.9532,Seneca,South Carolina,Oconee County,US
34.04876,-81.14648,Seven Oaks,South Carolina,Lexington County,US
32.38353,-80.73594,Shell Point,South Carolina,Beaufort County,US
32.78907,-80.10676,Shell Point,South Carolina,Charleston County,US
34.73706,-82.25428,Simpsonville,South Carolina,Greenville County,US
33.6835,-78.99837,Socastee,South Carolina,Horry County,US
33.91099,-81.13565,South Congaree,South Carolina,Lexington County,US
33.90571,-80.34619,South Sumter,South Carolina,Sumter County,US
34.98595,-81.99455,Southern Shops,South Carolina,Spartanburg County,US
34.94957,-81.93205,Spartanburg,South Carolina,Spartanburg County,US
34.68931,-80.78618,Springdale,South Carolina,Lancaster County,US
33.95932,-81.10898,Springdale,South Carolina,Lexington County,US
33.95765,-80.53481,Stateburg,South Carolina,Sumter County,US
32.76323,-79.83675,Sullivans Island,South Carolina,Charleston County,US
33.0185,-80.17565,Summerville,South Carolina,Dorchester County,US
33.92044,-80.34147,Sumter,South Carolina,Sumter County,US
33.606,-78.97309,Surfside Beach,South Carolina,Horry County,US
34.92039,-82.29623,Taylors,South Carolina,Greenville County,US
35.02431,-81.02785,Tega Cay,South Carolina,York County,US
35.06845,-82.36845,Tigerville,South Carolina,Greenville County,US
34.13488,-79.93979,Timmonsville,South Carolina,Florence County,US
34.96762,-82.44345,Travelers Rest,South Carolina,Greenville County,US
34.71541,-81.62371,Union,South Carolina,Union County,US
34.67816,-82.93154,Utica,South Carolina,Oconee County,US
35.01595,-81.97483,Valley Falls,South Carolina,Spartanburg County,US
32.85044,-81.07927,Varnville,South Carolina,Hampton County,US
34.90373,-82.33317,Wade Hampton,South Carolina,Greenville County,US
34.76482,-83.06404,Walhalla,South Carolina,Oconee County,US
32.90517,-80.66677,Walterboro,South Carolina,Colleton County,US
34.39845,-82.24679,Ware Shoals,South Carolina,Greenwood County,US
33.55097,-81.804,Warrenville,South Carolina,Aiken County,US
33.89266,-80.51814,Wedgefield,South Carolina,Sumter County,US
33.88377,-80.51258,Wedgewood,South Carolina,Sumter County,US
34.82651,-82.43901,Welcome,South Carolina,Greenville County,US
34.95095,-82.10594,Wellford,South Carolina,Spartanburg County,US
33.99349,-81.07398,West Columbia,South Carolina,Lexington County,US
34.66482,-83.09654,Westminster,South Carolina,Oconee County,US
34.50291,-81.61149,Whitmire,South Carolina,Newberry County,US
33.5021,-80.83315,Wilkinson Heights,South Carolina,Orangeburg County,US
34.61845,-82.47791,Williamston,South Carolina,Anderson County,US
33.40265,-81.42011,Williston,South Carolina,Barnwell County,US
34.3807,-81.08648,Winnsboro,South Carolina,Fairfield County,US
34.36181,-81.08537,Winnsboro Mills,South Carolina,Fairfield County,US
34.05932,-80.93092,Woodfield,South Carolina,Richland County,US
34.73957,-82.03705,Woodruff,South Carolina,Spartanburg County,US
32.69018,-80.85066,Yemassee,South Carolina,Hampton County,US
34.9943,-81.24202,York,South Carolina,York County,US
35.23591,-88.3906,Adamsville,Tennessee,McNairy County,US
35.78479,-89.11729,Alamo,Tennessee,Crockett County,US
35.78953,-83.97379,Alcoa,Tennessee,Blount County,US
36.19589,-85.44858,Algood,Tennessee,Putnam County,US
35.42952,-85.72303,Altamont,Tennessee,Grundy County,US
35.02396,-85.02384,Apison,Tennessee,Hamilton County,US
34.99203,-86.84667,Ardmore,Tennessee,Giles County,US
35.2962,-89.66147,Arlington,Tennessee,Shelby County,US
36.27422,-87.06417,Ashland City,Tennessee,Cheatham County,US
35.44285,-84.59299,Athens,Tennessee,McMinn County,US
35.44119,-89.77814,Atoka,Tennessee,Tipton County,US
36.13066,-82.42458,Banner Hill,Tennessee,Unicoi County,US
35.20453,-89.87398,Bartlett,Tennessee,Shelby County,US
36.15367,-85.64359,Baxter,Tennessee,Putnam County,US
36.3437,-83.28406,Bean Station,Tennessee,Grainger County,US
36.09589,-86.85694,Belle Meade,Tennessee,Davidson County,US
35.71118,-89.08756,Bells,Tennessee,Crockett County,US
35.17424,-84.65355,Benton,Tennessee,Polk County,US
36.15425,-83.70407,Blaine,Tennessee,Grainger County,US
36.58455,-82.48932,Bloomingdale,Tennessee,Sullivan County,US
36.53316,-82.32681,Blountville,Tennessee,Sullivan County,US
36.47427,-82.26097,Bluff City,Tennessee,Sullivan County,US
35.25619,-88.98784,Bolivar,Tennessee,Hardeman County,US
35.92784,-87.31084,Bon Aqua Junction,Tennessee,Hickman County,US
36.07645,-88.81006,Bradford,Tennessee,Gibson County,US
36.03312,-86.78278,Brentwood,Tennessee,Williamson County,US
36.02506,-86.77917,Brentwood Estates,Tennessee,Williamson County,US
35.08009,-86.43916,Brighton,Tennessee,Lincoln County,US
35.48397,-89.72508,Brighton,Tennessee,Tipton County,US
36.59511,-82.18874,Bristol,Tennessee,Sullivan County,US
35.59397,-89.26229,Brownsville,Tennessee,Haywood County,US
36.03812,-88.24449,Bruceton,Tennessee,Carroll County,US
36.05339,-87.31251,Burns,Tennessee,Dickson County,US
36.57451,-85.12884,Byrdstown,Tennessee,Pickett County,US
36.05895,-88.09782,Camden,Tennessee,Benton County,US
36.25228,-85.95165,Carthage,Tennessee,Smith County,US
36.29897,-84.22326,Caryville,Tennessee,Campbell County,US
36.55006,-85.50525,Celina,Tennessee,Clay County,US
35.77896,-87.46696,Centerville,Tennessee,Hickman County,US
36.32622,-82.28958,Central,Tennessee,Carter County,US
35.80369,-89.5373,Central,Tennessee,Lauderdale County,US
35.62646,-86.69333,Chapel Hill,Tennessee,Marshall County,US
36.17728,-87.33973,Charlotte,Tennessee,Dickson County,US
35.04563,-85.30968,Chattanooga,Tennessee,Hamilton County,US
36.52232,-82.71349,Church Hill,Tennessee,Hawkins County,US
36.52977,-87.35945,Clarksville,Tennessee,Montgomery County,US
35.15952,-84.87661,Cleveland,Tennessee,Bradley County,US
35.38702,-87.99531,Clifton,Tennessee,Wayne County,US
36.10341,-84.13186,Clinton,Tennessee,Anderson County,US
36.02897,-84.42076,Coalfield,Tennessee,Morgan County,US
35.05313,-85.05023,Collegedale,Tennessee,Hamilton County,US
35.04204,-89.66453,Collierville,Tennessee,Shelby County,US
36.4851,-82.5032,Colonial Heights,Tennessee,Sullivan County,US
35.61507,-87.03528,Columbia,Tennessee,Maury County,US
36.18119,-83.7938,Condon,Tennessee,Union County,US
36.16284,-85.50164,Cookeville,Tennessee,Putnam County,US
36.43755,-86.96722,Coopertown,Tennessee,Robertson County,US
35.36146,-86.83972,Cornersville,Tennessee,Marshall County,US
35.56425,-89.64647,Covington,Tennessee,Tipton County,US
35.16453,-86.01054,Cowan,Tennessee,Franklin County,US
36.54866,-86.69611,Cross Plains,Tennessee,Robertson County,US
35.94896,-85.0269,Crossville,Tennessee,Cumberland County,US
35.22175,-88.31809,Crump,Tennessee,Hardin County,US
36.01537,-83.41489,Dandridge,Tennessee,Jefferson County,US
35.49396,-85.01245,Dayton,Tennessee,Rhea County,US
35.51479,-84.79022,Decatur,Tennessee,Meigs County,US
35.58424,-88.11948,Decaturville,Tennessee,Decatur County,US
35.2098,-86.07943,Decherd,Tennessee,Franklin County,US
36.077,-87.38779,Dickson,Tennessee,Dickson County,US
36.31256,-85.5322,Dodson Branch,Tennessee,Jackson County,US
36.48783,-87.83836,Dover,Tennessee,Stewart County,US
36.29145,-88.70811,Dresden,Tennessee,Weakley County,US
35.37146,-85.39052,Dunlap,Tennessee,Sequatchie County,US
36.06673,-88.99395,Dyer,Tennessee,Gibson County,US
36.03452,-89.38563,Dyersburg,Tennessee,Dyer County,US
35.79508,-83.93185,Eagleton Village,Tennessee,Blount County,US
34.99591,-85.15023,East Brainerd,Tennessee,Hamilton County,US
35.06535,-85.24912,East Chattanooga,Tennessee,Hamilton County,US
35.16091,-84.85772,East Cleveland,Tennessee,Bradley County,US
35.01424,-85.2519,East Ridge,Tennessee,Hamilton County,US
36.34872,-82.21069,Elizabethton,Tennessee,Carter County,US
35.42452,-84.48743,Englewood,Tennessee,McMinn County,US
36.36673,-89.15479,Englewood,Tennessee,Obion County,US
36.31839,-87.69474,Erin,Tennessee,Houston County,US
36.14511,-82.41681,Erwin,Tennessee,Unicoi County,US
35.27064,-86.12804,Estill Springs,Tennessee,Franklin County,US
35.32341,-84.52493,Etowah,Tennessee,McMinn County,US
36.00035,-84.88634,Fairfield Glade,Tennessee,Cumberland County,US
35.18146,-85.32357,Fairmount,Tennessee,Hamilton County,US
36.58511,-82.17097,Fairmount,Tennessee,Sullivan County,US
35.98201,-87.1214,Fairview,Tennessee,Williamson County,US
36.41816,-82.62376,Fall Branch,Tennessee,Washington County,US
35.20312,-85.25357,Falling Water,Tennessee,Hamilton County,US
35.88452,-84.15353,Farragut,Tennessee,Knox County,US
35.15203,-86.57055,Fayetteville,Tennessee,Lincoln County,US
36.4098,-84.0477,Fincastle,Tennessee,Campbell County,US
36.06839,-86.84417,Forest Hills,Tennessee,Davidson County,US
35.92506,-86.86889,Franklin,Tennessee,Williamson County,US
36.35561,-85.65887,Gainesboro,Tennessee,Jackson County,US
36.38838,-86.44666,Gallatin,Tennessee,Sumner County,US
35.71453,-83.51189,Gatlinburg,Tennessee,Sevier County,US
35.08676,-89.81009,Germantown,Tennessee,Shelby County,US
36.21367,-88.61255,Gleason,Tennessee,Weakley County,US
36.32311,-86.71333,Goodlettsville,Tennessee,Davidson County,US
36.17256,-85.92971,Gordonsville,Tennessee,Smith County,US
36.41983,-82.47654,Gray,Tennessee,Washington County,US
35.44701,-85.0844,Graysville,Tennessee,Rhea County,US
36.22283,-86.54944,Green Hill,Tennessee,Wilson County,US
35.66119,-84.17214,Greenback,Tennessee,Loudon County,US
36.42755,-86.80472,Greenbrier,Tennessee,Robertson County,US
36.16316,-82.83099,Greeneville,Tennessee,Greene County,US
36.1534,-88.80062,Greenfield,Tennessee,Weakley County,US
36.26701,-84.9844,Grimsley,Tennessee,Fentress County,US
35.3723,-85.61803,Gruetli-Laager,Tennessee,Grundy County,US
35.87563,-89.39618,Halls,Tennessee,Lauderdale County,US
35.93396,-84.55244,Harriman,Tennessee,Roane County,US
35.11368,-85.13801,Harrison,Tennessee,Hamilton County,US
36.5823,-83.65686,Harrogate,Tennessee,Claiborne County,US
36.39088,-86.16721,Hartsville,Tennessee,Trousdale County,US
35.43924,-88.64144,Henderson,Tennessee,Chester County,US
36.30477,-86.62,Hendersonville,Tennessee,Sumner County,US
35.24398,-89.58869,Hickory Withe,Tennessee,Fayette County,US
35.54785,-87.55196,Hohenwald,Tennessee,Lewis County,US
35.23479,-84.888,Hopewell,Tennessee,Bradley County,US
35.81979,-88.9159,Humboldt,Tennessee,Gibson County,US
36.3623,-84.14048,Hunter,Tennessee,Campbell County,US
36.37178,-82.15874,Hunter,Tennessee,Carter County,US
36.00062,-88.42811,Huntingdon,Tennessee,Carroll County,US
36.4098,-84.49049,Huntsville,Tennessee,Scott County,US
36.33008,-84.18382,Jacksboro,Tennessee,Campbell County,US
35.61452,-88.81395,Jackson,Tennessee,Madison County,US
36.42757,-84.93189,Jamestown,Tennessee,Fentress County,US
35.07424,-85.62608,Jasper,Tennessee,Marion County,US
36.12231,-83.4924,Jefferson City,Tennessee,Jefferson County,US
36.58786,-84.12687,Jellico,Tennessee,Campbell County,US
36.31344,-82.35347,Johnson City,Tennessee,Washington County,US
36.06006,-87.95281,Johnsonville,Tennessee,Humphreys County,US
36.29427,-82.47348,Jonesborough,Tennessee,Washington County,US
36.20229,-89.01229,Kenton,Tennessee,Obion County,US
35.04786,-85.67191,Kimball,Tennessee,Marion County,US
36.54843,-82.56182,Kingsport,Tennessee,Sullivan County,US
35.88091,-84.50854,Kingston,Tennessee,Roane County,US
36.102,-87.11501,Kingston Springs,Tennessee,Cheatham County,US
35.96064,-83.92074,Knoxville,Tennessee,Knox County,US
36.01562,-86.58194,La Vergne,Tennessee,Rutherford County,US
36.38286,-84.11993,LaFollette,Tennessee,Campbell County,US
36.52116,-86.02637,Lafayette,Tennessee,Macon County,US
36.18589,-85.71609,Lafayette,Tennessee,Putnam County,US
36.21786,-84.15465,Rocky Top,Tennessee,Anderson County,US
35.87285,-85.0544,Lake Tansi,Tennessee,Cumberland County,US
35.23064,-89.74036,Lakeland,Tennessee,Shelby County,US
35.20868,-85.1269,Lakesite,Tennessee,Hamilton County,US
36.24311,-86.63555,Lakewood,Tennessee,Davidson County,US
35.2423,-87.33474,Lawrenceburg,Tennessee,Lawrence County,US
36.20811,-86.2911,Lebanon,Tennessee,Wilson County,US
35.7973,-84.25603,Lenoir City,Tennessee,Loudon County,US
35.44924,-86.78889,Lewisburg,Tennessee,Marshall County,US
35.6509,-88.39338,Lexington,Tennessee,Henderson County,US
35.61729,-87.83947,Linden,Tennessee,Perry County,US
36.3834,-85.32302,Livingston,Tennessee,Overton County,US
35.20063,-85.36413,Lone Oak,Tennessee,Sequatchie County,US
34.99424,-85.3494,Lookout Mountain,Tennessee,Hamilton County,US
35.07786,-87.43974,Loretto,Tennessee,Lawrence County,US
35.73285,-84.33381,Loudon,Tennessee,Loudon County,US
35.82175,-84.04796,Louisville,Tennessee,Blount County,US
36.19953,-83.74185,Luttrell,Tennessee,Union County,US
35.28314,-86.37416,Lynchburg,Tennessee,Moore County,US
35.5198,-84.36353,Madisonville,Tennessee,Monroe County,US
35.48174,-86.0886,Manchester,Tennessee,Coffee County,US
36.3434,-88.85034,Martin,Tennessee,Weakley County,US
35.75647,-83.97046,Maryville,Tennessee,Blount County,US
36.0612,-83.74573,Mascot,Tennessee,Knox County,US
35.41175,-89.53285,Mason,Tennessee,Tipton County,US
36.25064,-83.79741,Maynardville,Tennessee,Union County,US
36.10784,-87.63307,McEwen,Tennessee,Humphreys County,US
36.13256,-88.51866,McKenzie,Tennessee,Carroll County,US
35.6834,-85.76998,McMinnville,Tennessee,Warren County,US
35.80285,-88.77478,Medina,Tennessee,Gibson County,US
35.14953,-90.04898,Memphis,Tennessee,Shelby County,US
35.1959,-85.18468,Middle Valley,Tennessee,Hamilton County,US
36.30011,-82.42375,Midway,Tennessee,Washington County,US
35.87952,-84.5641,Midtown,Tennessee,Roane County,US
35.91979,-88.75895,Milan,Tennessee,Gibson County,US
36.37116,-86.71,Millersville,Tennessee,Sumner County,US
35.34147,-89.89731,Millington,Tennessee,Shelby County,US
35.24008,-85.8397,Monteagle,Tennessee,Marion County,US
36.14756,-85.2683,Monterey,Tennessee,Putnam County,US
36.21398,-83.29489,Morristown,Tennessee,Hamblen County,US
36.18954,-82.95849,Mosheim,Tennessee,Greene County,US
35.49785,-88.00781,Mount Carmel,Tennessee,Decatur County,US
36.54538,-82.66099,Mount Carmel,Tennessee,Hawkins County,US
36.20005,-86.51861,Mount Juliet,Tennessee,Wilson County,US
35.53424,-87.20695,Mount Pleasant,Tennessee,Maury County,US
36.47456,-81.80484,Mountain City,Tennessee,Johnson County,US
35.44925,-89.81508,Munford,Tennessee,Tipton County,US
35.84562,-86.39027,Murfreesboro,Tennessee,Rutherford County,US
36.16589,-86.78444,Nashville,Tennessee,Davidson County,US
35.00508,-85.6583,New Hope,Tennessee,Marion County,US
36.02117,-87.96698,New Johnsonville,Tennessee,Humphreys County,US
36.10398,-83.55268,New Market,Tennessee,Jefferson County,US
35.08676,-90.05676,New South Memphis,Tennessee,Shelby County,US
36.44258,-83.59963,New Tazewell,Tennessee,Claiborne County,US
35.53258,-86.08082,New Union,Tennessee,Coffee County,US
36.11285,-89.26174,Newbern,Tennessee,Dyer County,US
35.96704,-83.18766,Newport,Tennessee,Cocke County,US
35.95229,-86.66944,Nolensville,Tennessee,Williamson County,US
36.19563,-84.06797,Norris,Tennessee,Anderson County,US
36.41177,-82.42459,Oak Grove,Tennessee,Washington County,US
36.08784,-86.78305,Oak Hill,Tennessee,Davidson County,US
36.01036,-84.26964,Oak Ridge,Tennessee,Anderson County,US
35.22898,-89.51508,Oakland,Tennessee,Fayette County,US
36.25896,-89.19174,Obion,Tennessee,Obion County,US
35.21425,-88.20031,Olivet,Tennessee,Hardin County,US
36.04452,-84.34437,Oliver Springs,Tennessee,Roane County,US
36.49813,-84.51272,Oneida,Tennessee,Scott County,US
36.302,-88.32671,Paris,Tennessee,Henry County,US
35.08203,-86.57111,Park City,Tennessee,Lincoln County,US
35.64979,-88.1267,Parsons,Tennessee,Decatur County,US
36.10061,-87.05112,Pegram,Tennessee,Cheatham County,US
35.78842,-83.55433,Pigeon Forge,Tennessee,Sevier County,US
35.60562,-85.18885,Pikeville,Tennessee,Bledsoe County,US
36.27619,-84.12881,Pine Crest,Tennessee,Campbell County,US
36.29927,-82.31792,Pine Crest,Tennessee,Carter County,US
35.04509,-89.62175,Piperton,Tennessee,Fayette County,US
35.69979,-86.34499,Plainview,Tennessee,Rutherford County,US
36.39422,-87.03667,Pleasant View,Tennessee,Cheatham County,US
36.58171,-86.51638,Portland,Tennessee,Sumner County,US
35.18952,-85.4858,Powells Crossroads,Tennessee,Marion County,US
35.1998,-87.03084,Pulaski,Tennessee,Giles County,US
35.11229,-85.29413,Red Bank,Tennessee,Hamilton County,US
36.53339,-85.84998,Red Boiling Springs,Tennessee,Macon County,US
36.2634,-89.48785,Ridgely,Tennessee,Lake County,US
36.39505,-86.77944,Ridgetop,Tennessee,Robertson County,US
35.74536,-89.5298,Ripley,Tennessee,Lauderdale County,US
36.19623,-82.0704,Roan Mountain,Tennessee,Carter County,US
35.86563,-84.68494,Rockwood,Tennessee,Roane County,US
36.40732,-83.00544,Rogersville,Tennessee,Hawkins County,US
36.11673,-86.47916,Rural Hill,Tennessee,Wilson County,US
36.12757,-88.9859,Rutherford,Tennessee,Gibson County,US
36.28092,-83.5149,Rutledge,Tennessee,Grainger County,US
35.38229,-85.10884,Sale Creek,Tennessee,Hamilton County,US
35.2248,-88.2492,Savannah,Tennessee,Hardin County,US
35.17008,-88.59227,Selmer,Tennessee,McNairy County,US
35.86815,-83.56184,Sevierville,Tennessee,Sevier County,US
35.20314,-85.92109,Sewanee,Tennessee,Franklin County,US
35.89064,-83.72462,Seymour,Tennessee,Sevier County,US
36.3706,-86.61666,Shackle Island,Tennessee,Sumner County,US
35.48341,-86.46027,Shelbyville,Tennessee,Bedford County,US
35.12257,-85.34385,Signal Mountain,Tennessee,Hamilton County,US
35.96062,-85.81415,Smithville,Tennessee,DeKalb County,US
35.98284,-86.5186,Smyrna,Tennessee,Rutherford County,US
36.52981,-83.2174,Sneedville,Tennessee,Hancock County,US
35.2359,-85.19079,Soddy-Daisy,Tennessee,Hamilton County,US
35.2437,-89.35007,Somerville,Tennessee,Fayette County,US
36.242,-85.95193,South Carthage,Tennessee,Smith County,US
35.14119,-84.87217,South Cleveland,Tennessee,Bradley County,US
36.50089,-88.87534,South Fulton,Tennessee,Obion County,US
35.0123,-85.70441,South Pittsburg,Tennessee,Marion County,US
35.9259,-85.46414,Sparta,Tennessee,White County,US
35.74729,-85.46664,Spencer,Tennessee,Van Buren County,US
35.69201,-84.86078,Spring City,Tennessee,Rhea County,US
35.75118,-86.93,Spring Hill,Tennessee,Maury County,US
36.50921,-86.885,Springfield,Tennessee,Robertson County,US
36.43955,-82.4557,Spurgeon,Tennessee,Washington County,US
36.47093,-82.85183,Surgoinsville,Tennessee,Hawkins County,US
35.60146,-84.46104,Sweetwater,Tennessee,Monroe County,US
36.45425,-83.56935,Tazewell,Tennessee,Claiborne County,US
36.312,-87.77336,Tennessee Ridge,Tennessee,Houston County,US
35.80201,-86.91139,Thompson's Station,Tennessee,Williamson County,US
35.7759,-88.8595,Three Way,Tennessee,Madison County,US
36.3784,-89.47202,Tiptonville,Tennessee,Lake County,US
35.26036,-85.73608,Tracy City,Tennessee,Grundy County,US
35.98062,-88.94145,Trenton,Tennessee,Gibson County,US
36.33868,-89.16396,Troy,Tennessee,Obion County,US
35.36202,-86.20943,Tullahoma,Tennessee,Coffee County,US
36.1751,-82.75876,Tusculum,Tennessee,Greene County,US
36.19539,-82.34958,Unicoi,Tennessee,Unicoi County,US
36.42423,-89.05701,Union City,Tennessee,Obion County,US
35.62174,-86.5925,Unionville,Tennessee,Bedford County,US
35.59008,-84.24186,Vonore,Tennessee,Monroe County,US
35.16479,-85.30135,Walden,Tennessee,Hamilton County,US
36.56983,-82.2568,Walnut Hill,Tennessee,Sullivan County,US
36.1048,-84.59716,Wartburg,Tennessee,Morgan County,US
36.10034,-86.13193,Watertown,Tennessee,Wilson County,US
36.08395,-87.79475,Waverly,Tennessee,Humphreys County,US
35.31952,-87.76225,Waynesboro,Tennessee,Wayne County,US
36.56199,-86.24804,Westmoreland,Tennessee,Sumner County,US
36.10756,-87.22084,White Bluff,Tennessee,Dickson County,US
36.47032,-86.65138,White House,Tennessee,Sumner County,US
36.10759,-83.28683,White Pine,Tennessee,Jefferson County,US
35.32647,-89.14951,Whiteville,Tennessee,Hardeman County,US
35.20146,-85.51913,Whitwell,Tennessee,Marion County,US
35.09202,-84.85439,Wildwood Lake,Tennessee,Bradley County,US
35.8037,-83.87129,Wildwood,Tennessee,Blount County,US
35.18592,-86.11221,Winchester,Tennessee,Franklin County,US
35.82757,-86.07166,Woodbury,Tennessee,Cannon County,US
28.44193,-99.76033,Asherton,Texas,Dimmit County,US
32.44874,-99.73314,Abilene,Texas,Taylor County,US
26.1998,-98.41113,Abram,Texas,Hidalgo County,US
32.96179,-96.82917,Addison,Texas,Dallas County,US
29.48495,-98.46585,Alamo Heights,Texas,Bexar County,US
26.18369,-98.12306,Alamo,Texas,Hidalgo County,US
32.72345,-99.2973,Albany,Texas,Shackelford County,US
29.93245,-95.38021,Aldine,Texas,Harris County,US
32.69596,-97.60225,Aledo,Texas,Parker County,US
27.75225,-98.06972,Alice,Texas,Jim Wells County,US
33.10317,-96.67055,Allen,Texas,Collin County,US
31.65045,-95.07272,Alto,Texas,Cherokee County,US
26.28729,-98.31335,Alton,Texas,Hidalgo County,US
26.29535,-98.30446,Alton North (historical),Texas,Hidalgo County,US
32.40653,-97.21168,Alvarado,Texas,Johnson County,US
29.42385,-95.2441,Alvin,Texas,Brazoria County,US
33.35845,-97.69475,Alvord,Texas,Wise County,US
31.52099,-97.77947,Ames,Texas,Coryell County,US
30.05383,-94.74353,Ames,Texas,Liberty County,US
29.773,-94.6827,Anahuac,Texas,Chambers County,US
30.48715,-95.9869,Anderson,Texas,Grimes County,US
30.45492,-97.80584,Anderson Mill,Texas,Williamson County,US
29.16941,-95.43188,Angleton,Texas,Brazoria County,US
33.349,-96.5486,Anna,Texas,Collin County,US
32.7093,-97.67614,Annetta,Texas,Parker County,US
32.7565,-99.89621,Anson,Texas,Jones County,US
27.90947,-97.14999,Aransas Pass,Texas,San Patricio County,US
33.59566,-98.62561,Archer City,Texas,Archer County,US
29.49607,-95.46578,Arcola,Texas,Fort Bend County,US
33.12123,-97.18335,Argyle,Texas,Denton County,US
32.73569,-97.10807,Arlington,Texas,Tarrant County,US
28.4436,-99.75894,Asherton,Texas,Dimmit County,US
29.99883,-95.1766,Atascocita,Texas,Harris County,US
32.20487,-95.85552,Athens,Texas,Henderson County,US
33.11374,-94.16435,Atlanta,Texas,Cass County,US
33.30428,-96.98612,Aubrey,Texas,Denton County,US
33.06068,-97.50336,Aurora,Texas,Wise County,US
30.26715,-97.74306,Austin,Texas,Travis County,US
32.89513,-97.54586,Azle,Texas,Tarrant County,US
29.5069,-94.99243,Bacliff,Texas,Galveston County,US
32.39402,-99.39424,Baird,Texas,Callahan County,US
32.72874,-96.62277,Balch Springs,Texas,Dallas County,US
29.48801,-98.55169,Balcones Heights,Texas,Bexar County,US
31.73821,-99.94731,Ballinger,Texas,Runnels County,US
29.72661,-99.07365,Bandera,Texas,Bandera County,US
31.7171,-99.13255,Bangs,Texas,Brown County,US
29.87995,-95.06298,Barrett,Texas,Harris County,US
30.79491,-97.42556,Bartlett,Texas,Williamson County,US
30.28521,-97.86917,Barton Creek,Texas,Travis County,US
33.07318,-97.13168,Bartonville,Texas,Denton County,US
30.11049,-97.31527,Bastrop,Texas,Bastrop County,US
28.95108,-99.61783,Batesville,Texas,Zavala County,US
29.7355,-94.97743,Baytown,Texas,Harris County,US
29.66217,-94.88992,Beach City,Texas,Chambers County,US
29.32635,-94.93853,Bayou Vista,Texas,Galveston County,US
30.08605,-94.10185,Beaumont,Texas,Jefferson County,US
32.84402,-97.14307,Bedford,Texas,Tarrant County,US
30.30854,-97.94501,Bee Cave,Texas,Travis County,US
28.40095,-97.74974,Beeville,Texas,Bee County,US
29.70579,-95.45883,Bellaire,Texas,Harris County,US
31.59405,-97.10889,Bellmead,Texas,McLennan County,US
33.61038,-96.41082,Bells,Texas,Grayson County,US
29.95023,-96.25719,Bellville,Texas,Austin County,US
31.05601,-97.46445,Belton,Texas,Bell County,US
27.59892,-98.40807,Benavides,Texas,Duval County,US
32.67319,-97.46058,Benbrook,Texas,Tarrant County,US
33.58398,-99.79231,Benjamin,Texas,Knox County,US
30.7438,-98.05558,Bertram,Texas,Burnet County,US
31.52517,-97.14195,Beverly,Texas,McLennan County,US
31.52156,-97.15389,Beverly Hills,Texas,McLennan County,US
30.15021,-94.26963,Bevil Oaks,Texas,Jefferson County,US
32.58375,-95.10883,Big Sandy,Texas,Upshur County,US
27.58614,-97.79916,Bishop,Texas,Nueces County,US
30.09799,-98.42141,Blanco,Texas,Blanco County,US
28.64777,-96.89249,Bloomington,Texas,Victoria County,US
33.6615,-95.38579,Blossom,Texas,Lamar County,US
32.85652,-97.33891,Blue Mound,Texas,Tarrant County,US
29.79466,-98.73197,Boerne,Texas,Kendall County,US
33.47067,-95.21384,Bogata,Texas,Red River County,US
29.26441,-95.94384,Boling,Texas,Wharton County,US
29.47829,-94.57991,Bolivar Peninsula,Texas,Galveston County,US
33.57733,-96.17831,Bonham,Texas,Fannin County,US
33.559,-97.84865,Bowie,Texas,Montague County,US
33.07873,-97.5653,Boyd,Texas,Wise County,US
31.13517,-99.33506,Brady,Texas,McCulloch County,US
29.04441,-95.56911,Brazoria,Texas,Brazoria County,US
32.75568,-98.90229,Breckenridge,Texas,Stephens County,US
30.16688,-96.39774,Brenham,Texas,Washington County,US
32.99512,-97.5428,Briar,Texas,Wise County,US
30.40742,-98.04446,Briarcliff,Texas,Travis County,US
30.02077,-93.84573,Bridge City,Texas,Orange County,US
33.21012,-97.75476,Bridgeport,Texas,Wise County,US
29.78606,-95.95107,Brookshire,Texas,Waller County,US
29.5869,-95.32522,Brookside Village,Texas,Brazoria County,US
32.30237,-95.61357,Brownsboro,Texas,Henderson County,US
25.90175,-97.49748,Brownsville,Texas,Cameron County,US
31.30517,-97.25167,Bruceville-Eddy,Texas,McLennan County,US
31.70932,-98.99116,Brownwood,Texas,Brown County,US
30.51353,-97.73973,Brushy Creek,Texas,Williamson County,US
30.67436,-96.36996,Bryan,Texas,Brazos County,US
30.7399,-98.43114,Buchanan Dam,Texas,Llano County,US
31.46379,-96.05802,Buffalo,Texas,Leon County,US
32.13988,-95.32023,Bullard,Texas,Smith County,US
29.74383,-98.45307,Bulverde,Texas,Comal County,US
30.43298,-93.9624,Buna,Texas,Jasper County,US
29.76745,-95.52994,Bunker Hill Village,Texas,Harris County,US
34.09787,-98.57061,Burkburnett,Texas,Wichita County,US
32.54208,-97.32085,Burleson,Texas,Johnson County,US
30.75824,-98.22836,Burnet,Texas,Burnet County,US
27.90695,-99.39392,Cactus,Texas,Webb County,US
33.06567,-96.22776,Caddo Mills,Texas,Hunt County,US
30.53132,-96.69303,Caldwell,Texas,Burleson County,US
30.97797,-96.67386,Calvert,Texas,Robertson County,US
30.85325,-96.97693,Cameron,Texas,Milam County,US
25.96452,-97.47665,Cameron Park,Texas,Cameron County,US
25.97147,-97.47832,Cameron Park Colonia,Texas,Cameron County,US
30.19077,-97.29221,Camp Swift,Texas,Bastrop County,US
32.55652,-95.8633,Canton,Texas,Van Zandt County,US
29.87522,-98.26251,Canyon Lake,Texas,Comal County,US
28.52193,-99.86061,Carrizo Springs,Texas,Dimmit County,US
32.95373,-96.89028,Carrollton,Texas,Dallas County,US
32.15738,-94.33742,Carthage,Texas,Panola County,US
29.52329,-98.51641,Castle Hills,Texas,Bexar County,US
29.35579,-98.87864,Castroville,Texas,Medina County,US
32.58847,-96.95612,Cedar Hill,Texas,Dallas County,US
30.5052,-97.82029,Cedar Park,Texas,Williamson County,US
33.32456,-96.78444,Celina,Texas,Collin County,US
31.51073,-96.4247,Center,Texas,Limestone County,US
31.79545,-94.17909,Center,Texas,Shelby County,US
31.25796,-95.97829,Centerville,Texas,Leon County,US
29.99549,-94.01406,Central Gardens,Texas,Jefferson County,US
26.3034,-98.11529,Cesar Chavez,Texas,Hidalgo County,US
32.30793,-95.47996,Chandler,Texas,Henderson County,US
29.77606,-95.11465,Channelview,Texas,Harris County,US
28.86192,-98.70641,Charlotte,Texas,Atascosa County,US
33.29595,-97.79892,Chico,Texas,Wise County,US
30.04799,-94.33574,China,Texas,Jefferson County,US
29.38885,-98.3489,China Grove,Texas,Bexar County,US
29.56162,-98.22696,Cibolo,Texas,Guadalupe County,US
29.73884,-95.758,Cinco Ranch,Texas,Fort Bend County,US
32.38819,-98.97923,Cisco,Texas,Eastland County,US
26.32646,-98.3853,Citrus City,Texas,Hidalgo County,US
33.61066,-95.05272,Clarksville,Texas,Red River County,US
29.54745,-95.03215,Clear Lake Shores,Texas,Galveston County,US
32.34764,-97.38668,Cleburne,Texas,Johnson County,US
31.67682,-99.25367,Cleveland,Texas,Coleman County,US
30.34132,-95.08549,Cleveland,Texas,Liberty County,US
31.78238,-97.57669,Clifton,Texas,Bosque County,US
29.77828,-95.17188,Cloverleaf,Texas,Harris County,US
29.02469,-95.39883,Clute,Texas,Brazoria County,US
32.40596,-99.49369,Clyde,Texas,Callahan County,US
32.73624,-96.88695,Cockrell Hill,Texas,Dallas County,US
30.59242,-95.12938,Coldspring,Texas,San Jacinto County,US
31.82737,-99.42645,Coleman,Texas,Coleman County,US
30.62798,-96.33441,College Station,Texas,Brazos County,US
32.88096,-97.15501,Colleyville,Texas,Tarrant County,US
33.5615,-96.91111,Collinsville,Texas,Grayson County,US
29.70662,-96.53969,Columbus,Texas,Colorado County,US
31.89737,-98.60366,Comanche,Texas,Comanche County,US
26.24869,-97.73388,Combes,Texas,Cameron County,US
32.58847,-96.5086,Combine,Texas,Kaufman County,US
29.96771,-98.90503,Comfort,Texas,Kendall County,US
33.24706,-95.89997,Commerce,Texas,Hunt County,US
30.31188,-95.45605,Conroe,Texas,Montgomery County,US
29.51801,-98.31612,Converse,Texas,Bexar County,US
33.37344,-95.68829,Cooper,Texas,Delta County,US
31.24324,-95.58217,Cooper,Texas,Houston County,US
32.95457,-97.01501,Coppell,Texas,Dallas County,US
33.09595,-97.09668,Copper Canyon,Texas,Denton County,US
31.12406,-97.90308,Copperas Cove,Texas,Coryell County,US
33.15401,-97.06473,Corinth,Texas,Denton County,US
27.80058,-97.39638,Corpus Christi,Texas,Nueces County,US
30.99686,-94.82715,Corrigan,Texas,Polk County,US
32.09543,-96.46887,Corsicana,Texas,Navarro County,US
30.55575,-98.32391,Cottonwood Shores,Texas,Burnet County,US
28.43693,-99.23503,Cotulla,Texas,La Salle County,US
32.62791,-96.45582,Crandall,Texas,Kaufman County,US
31.31824,-95.45661,Crockett,Texas,Houston County,US
29.91189,-95.06215,Crosby,Texas,Harris County,US
29.6455,-98.65947,Cross Mountain,Texas,Bexar County,US
33.98397,-99.72482,Crowell,Texas,Foard County,US
32.57903,-97.36252,Crowley,Texas,Tarrant County,US
28.67748,-99.82811,Crystal City,Texas,Zavala County,US
29.09387,-97.28916,Cuero,Texas,DeWitt County,US
30.33327,-95.35799,Cut and Shoot,Texas,Montgomery County,US
29.96911,-95.69717,Cypress,Texas,Harris County,US
33.03179,-94.72187,Daingerfield,Texas,Morris County,US
32.78306,-96.80667,Dallas,Texas,Dallas County,US
32.70291,-97.15529,Dalworthington Gardens,Texas,Tarrant County,US
29.2283,-95.34494,Danbury,Texas,Brazoria County,US
30.04661,-94.8852,Dayton,Texas,Liberty County,US
33.50873,-94.61632,De Kalb,Texas,Bowie County,US
32.11097,-98.53588,De Leon,Texas,Comanche County,US
32.42986,-97.69503,DeCordova,Texas,Hood County,US
32.58986,-96.85695,DeSoto,Texas,Dallas County,US
33.23428,-97.58614,Decatur,Texas,Wise County,US
29.70523,-95.12382,Deer Park,Texas,Harris County,US
33.75566,-96.53666,Denison,Texas,Grayson County,US
33.21484,-97.13307,Denton,Texas,Denton County,US
30.29771,-93.7435,Deweyville,Texas,Newton County,US
31.18713,-94.78104,Diboll,Texas,Angelina County,US
29.46079,-95.05132,Dickinson,Texas,Galveston County,US
26.27452,-98.38585,Doffing,Texas,Hidalgo County,US
26.17035,-98.05195,Donna,Texas,Hidalgo County,US
26.34701,-98.12056,Doolittle,Texas,Hidalgo County,US
33.06512,-97.11057,Double Oak,Texas,Denton County,US
30.19021,-98.08668,Dripping Springs,Texas,Hays County,US
32.08514,-98.34199,Dublin,Texas,Erath County,US
32.6518,-96.90834,Duncanville,Texas,Dallas County,US
29.58968,-96.33358,Eagle Lake,Texas,Colorado County,US
32.89346,-97.44446,Eagle Mountain,Texas,Tarrant County,US
31.7421,-98.94561,Early,Texas,Brown County,US
29.53107,-96.07107,East Bernard,Texas,Wharton County,US
32.40152,-98.81756,Eastland,Texas,Eastland County,US
26.29396,-97.96056,Edcouch,Texas,Hidalgo County,US
31.21628,-99.84563,Eden,Texas,Concho County,US
32.65763,-97.34279,Edgecliff Village,Texas,Tarrant County,US
32.69818,-95.88524,Edgewood,Texas,Van Zandt County,US
26.30174,-98.16334,Edinburg,Texas,Hidalgo County,US
29.19664,-96.26969,El Campo,Texas,Wharton County,US
27.35224,-99.49254,El Cenizo,Texas,Webb County,US
29.56356,-95.04521,El Lago,Texas,Harris County,US
34.02926,-98.91896,Electra,Texas,Wichita County,US
30.34965,-97.37027,Elgin,Texas,Bastrop County,US
31.62517,-95.5794,Elkhart,Texas,Anderson County,US
29.25607,-98.33279,Elmendorf,Texas,Bexar County,US
26.2934,-97.99306,Elsa,Texas,Hidalgo County,US
32.87457,-95.76552,Emory,Texas,Rains County,US
26.03344,-97.63307,Encantada-Ranchito-El Calaboz,Texas,Cameron County,US
32.32931,-96.62527,Ennis,Texas,Ellis County,US
26.41062,-98.96253,Escobares,Texas,Starr County,US
32.83707,-97.08195,Euless,Texas,Tarrant County,US
30.35493,-94.07268,Evadale,Texas,Jasper County,US
32.63097,-97.28918,Everman,Texas,Tarrant County,US
29.74578,-98.64336,Fair Oaks Ranch,Texas,Bexar County,US
31.72461,-96.16525,Fairfield,Texas,Freestone County,US
33.1579,-96.63166,Fairview,Texas,Collin County,US
33.01929,-97.54586,Fairview,Texas,Wise County,US
26.87282,-99.25531,Falcon Lake Estates,Texas,Zapata County,US
27.22699,-98.14417,Falfurrias,Texas,Brooks County,US
29.92605,-94.25074,Fannett,Texas,Jefferson County,US
32.92651,-96.89612,Farmers Branch,Texas,Dallas County,US
33.16345,-96.35998,Farmersville,Texas,Collin County,US
32.94151,-96.38137,Fate,Texas,Rockwall County,US
32.53403,-96.66555,Ferris,Texas,Ellis County,US
29.59829,-95.55133,Fifth Street,Texas,Fort Bend County,US
29.68773,-97.1086,Flatonia,Texas,Fayette County,US
30.8413,-97.79363,Florence,Texas,Williamson County,US
29.13358,-98.15612,Floresville,Texas,Wilson County,US
33.01457,-97.09696,Flower Mound,Texas,Denton County,US
32.67208,-97.26918,Forest Hill,Texas,Tarrant County,US
32.74818,-96.47193,Forney,Texas,Kaufman County,US
32.72541,-97.32085,Fort Worth,Texas,Tarrant County,US
29.66857,-95.65772,Four Corners,Texas,Fort Bend County,US
31.02602,-96.48524,Franklin,Texas,Robertson County,US
32.05266,-95.50635,Frankston,Texas,Anderson County,US
30.2752,-98.87198,Fredericksburg,Texas,Gillespie County,US
28.95414,-95.35966,Freeport,Texas,Brazoria County,US
27.8828,-98.61779,Freer,Texas,Duval County,US
29.53885,-95.44744,Fresno,Texas,Fort Bend County,US
29.5294,-95.20104,Friendswood,Texas,Galveston County,US
33.15067,-96.82361,Frisco,Texas,Collin County,US
29.68996,-95.89968,Fulshear,Texas,Fort Bend County,US
28.0614,-97.0411,Fulton,Texas,Aransas County,US
33.62594,-97.13335,Gainesville,Texas,Cooke County,US
29.73356,-95.23021,Galena Park,Texas,Harris County,US
29.30135,-94.7977,Galveston,Texas,Galveston County,US
29.04054,-96.51358,Ganado,Texas,Jackson County,US
29.63467,-98.30529,Garden Ridge,Texas,Comal County,US
28.51693,-99.21614,Gardendale,Texas,La Salle County,US
30.18744,-97.55778,Garfield,Texas,Travis County,US
32.91262,-96.63888,Garland,Texas,Dallas County,US
31.43516,-97.74391,Gatesville,Texas,Coryell County,US
28.3325,-98.11751,George West,Texas,Live Oak County,US
30.63269,-97.67723,Georgetown,Texas,Williamson County,US
29.663,-97.96695,Geronimo,Texas,Guadalupe County,US
31.701,-97.2164,Gholson,Texas,McLennan County,US
30.18272,-96.93637,Giddings,Texas,Lee County,US
32.72875,-94.94244,Gilmer,Texas,Upshur County,US
32.53653,-94.94272,Gladewater,Texas,Gregg County,US
32.23459,-97.75531,Glen Rose,Texas,Somervell County,US
32.54875,-96.85667,Glenn Heights,Texas,Dallas County,US
32.44903,-97.52669,Godley,Texas,Johnson County,US
31.44989,-98.57088,Goldthwaite,Texas,Mills County,US
28.66833,-97.38833,Goliad,Texas,Goliad County,US
29.50163,-97.45249,Gonzales,Texas,Gonzales County,US
32.21375,-98.67061,Gorman,Texas,Eastland County,US
33.10706,-98.5895,Graham,Texas,Young County,US
32.44208,-97.7942,Granbury,Texas,Hood County,US
32.74596,-96.99778,Grand Prairie,Texas,Dallas County,US
32.67346,-95.70941,Grand Saline,Texas,Van Zandt County,US
32.27042,-97.17918,Grandview,Texas,Johnson County,US
30.71769,-97.44278,Granger,Texas,Williamson County,US
30.58908,-98.38392,Granite Shoals,Texas,Burnet County,US
31.49185,-95.47856,Grapeland,Texas,Houston County,US
32.93429,-97.07807,Grapevine,Texas,Tarrant County,US
29.55413,-95.67578,Greatwood,Texas,Fort Bend County,US
26.12202,-97.56054,Green Valley Farms,Texas,Cameron County,US
33.13845,-96.11081,Greenville,Texas,Hunt County,US
27.92224,-97.28999,Gregory,Texas,San Patricio County,US
31.52434,-96.53387,Groesbeck,Texas,Limestone County,US
29.94827,-93.91712,Groves,Texas,Jefferson County,US
31.05491,-95.12577,Groveton,Texas,Trinity County,US
32.33459,-96.15136,Gun Barrel City,Texas,Henderson County,US
33.44789,-96.74749,Gunter,Texas,Grayson County,US
32.86873,-95.62968,Gunter,Texas,Wood County,US
29.44385,-96.94109,Hallettsville,Texas,Lavaca County,US
32.50432,-94.57409,Hallsville,Texas,Harrison County,US
32.79957,-97.26918,Haltom City,Texas,Tarrant County,US
31.70377,-98.12392,Hamilton,Texas,Hamilton County,US
31.08351,-97.65974,Harker Heights,Texas,Bell County,US
26.19063,-97.6961,Harlingen,Texas,Cameron County,US
30.29992,-99.24421,Harper,Texas,Gillespie County,US
33.1576,-99.7337,Haskell,Texas,Haskell County,US
32.97485,-97.3478,Haslet,Texas,Tarrant County,US
32.58847,-95.20411,Hawkins,Texas,Wood County,US
30.87852,-96.59303,Hearne,Texas,Robertson County,US
32.83651,-96.47499,Heath,Texas,Rockwall County,US
27.30688,-98.68032,Hebbronville,Texas,Jim Hogg County,US
29.77745,-95.51716,Hedwig Village,Texas,Harris County,US
26.19702,-97.88028,Heidelberg,Texas,Hidalgo County,US
29.57801,-98.68975,Helotes,Texas,Bexar County,US
31.34074,-93.84685,Hemphill,Texas,Sabine County,US
30.09744,-96.07829,Hempstead,Texas,Waller County,US
33.81732,-98.19532,Henrietta,Texas,Clay County,US
31.46239,-97.19584,Hewitt,Texas,McLennan County,US
31.37879,-95.32133,Hickory Creek,Texas,Houston County,US
31.98293,-98.03365,Hico,Texas,Hamilton County,US
26.10035,-98.26307,Hidalgo,Texas,Hidalgo County,US
32.49042,-95.45746,Hideaway,Texas,Smith County,US
32.83346,-96.79195,Highland Park,Texas,Dallas County,US
33.09179,-97.04668,Highland Village,Texas,Denton County,US
29.81884,-95.05604,Highlands,Texas,Harris County,US
32.01099,-97.13001,Hillsboro,Texas,Hill County,US
31.07935,-96.20385,Hilltop Lakes,Texas,Leon County,US
29.34829,-95.01604,Hitchcock,Texas,Galveston County,US
29.20969,-95.51689,Holiday Lakes,Texas,Brazoria County,US
30.87824,-97.40167,Holland,Texas,Bell County,US
33.81621,-98.69506,Holliday,Texas,Archer County,US
29.6005,-98.48724,Hollywood Park,Texas,Bexar County,US
29.34746,-99.14142,Hondo,Texas,Medina County,US
33.58344,-95.90997,Honey Grove,Texas,Fannin County,US
33.46623,-94.28853,Hooks,Texas,Bowie County,US
30.24743,-97.58333,Hornsby Bend,Texas,Travis County,US
30.54825,-98.3378,Horseshoe Bay,Texas,Llano County,US
29.76328,-95.36327,Houston,Texas,Harris County,US
33.50872,-96.61221,Howe,Texas,Grayson County,US
31.84849,-96.79721,Hubbard,Texas,Hill County,US
31.32268,-94.77826,Hudson,Texas,Angelina County,US
29.90245,-95.50244,Hudson,Texas,Harris County,US
30.41714,-97.92918,Hudson Bend,Texas,Travis County,US
32.75707,-97.7067,Hudson Oaks,Texas,Parker County,US
32.99846,-94.63076,Hughes Springs,Texas,Cass County,US
29.99883,-95.26216,Humble,Texas,Harris County,US
29.77051,-95.4955,Hunters Creek Village,Texas,Harris County,US
31.27769,-94.57659,Huntington,Texas,Angelina County,US
30.72353,-95.55078,Huntsville,Texas,Walker County,US
32.82346,-97.17057,Hurst,Texas,Tarrant County,US
32.6493,-96.71305,Hutchins,Texas,Dallas County,US
30.5427,-97.54667,Hutto,Texas,Williamson County,US
26.21285,-97.91639,Indian Hills,Texas,Hidalgo County,US
28.90388,-96.78804,Inez,Texas,Victoria County,US
27.8778,-97.21166,Ingleside,Texas,San Patricio County,US
30.07743,-99.24032,Ingram,Texas,Kerr County,US
29.48246,-95.4155,Iowa Colony,Texas,Brazoria County,US
33.95148,-98.66867,Iowa Park,Texas,Wichita County,US
32.81402,-96.94889,Irving,Texas,Dallas County,US
32.18404,-96.88472,Italy,Texas,Ellis County,US
32.15959,-97.15001,Itasca,Texas,Hill County,US
29.76745,-95.23382,Jacinto City,Texas,Harris County,US
33.21845,-98.15866,Jacksboro,Texas,Jack County,US
31.96378,-95.2705,Jacksonville,Texas,Cherokee County,US
30.9202,-93.99658,Jasper,Texas,Jasper County,US
32.75736,-94.34519,Jefferson,Texas,Marion County,US
29.88772,-95.563,Jersey Village,Texas,Harris County,US
31.36157,-96.14413,Jewett,Texas,Leon County,US
30.27687,-98.41197,Johnson City,Texas,Blanco County,US
30.4427,-97.77501,Jollyville,Texas,Williamson County,US
28.96858,-95.45522,Jones Creek,Texas,Brazoria County,US
30.49547,-97.92335,Jonestown,Texas,Travis County,US
32.46153,-97.38807,Joshua,Texas,Johnson County,US
28.91803,-98.54641,Jourdanton,Texas,Atascosa County,US
30.48936,-99.77201,Junction,Texas,Kimble County,US
33.08484,-97.29613,Justin,Texas,Denton County,US
28.88498,-97.90084,Karnes City,Texas,Karnes County,US
32.58902,-96.30887,Kaufman,Texas,Kaufman County,US
29.78579,-95.8244,Katy,Texas,Harris County,US
32.39681,-97.3239,Keene,Texas,Johnson County,US
32.93457,-97.25168,Keller,Texas,Tarrant County,US
29.54273,-95.02048,Kemah,Texas,Galveston County,US
32.44264,-96.22998,Kemp,Texas,Kaufman County,US
28.81915,-97.84861,Kenedy,Texas,Karnes County,US
32.6468,-97.22585,Kennedale,Texas,Tarrant County,US
31.08101,-98.00252,Kempner,Texas,Lampasas County,US
32.13321,-96.22775,Kerens,Texas,Navarro County,US
30.04743,-99.14032,Kerrville,Texas,Kerr County,US
32.38626,-94.87577,Kilgore,Texas,Gregg County,US
31.11712,-97.7278,Killeen,Texas,Bell County,US
30.65824,-98.44058,Kingsland,Texas,Llano County,US
27.51587,-97.85611,Kingsville,Texas,Kleberg County,US
29.46329,-98.38557,Kirby,Texas,Bexar County,US
30.66048,-93.89268,Kirbyville,Texas,Jasper County,US
33.41815,-99.81898,Knox City,Texas,Knox County,US
30.3716,-94.31241,Kountze,Texas,Hardin County,US
33.28151,-96.99056,Krugerville,Texas,Denton County,US
33.26151,-97.23807,Krum,Texas,Denton County,US
29.98911,-97.87723,Kyle,Texas,Hays County,US
26.29285,-98.03778,La Blanca,Texas,Hidalgo County,US
29.31079,-98.81003,La Coste,Texas,Medina County,US
26.15896,-97.82389,La Feria,Texas,Cameron County,US
29.9055,-96.87665,La Grange,Texas,Fayette County,US
26.26951,-98.64725,La Grulla,Texas,Starr County,US
26.25007,-98.36363,La Homa,Texas,Hidalgo County,US
26.24702,-98.48141,La Joya,Texas,Hidalgo County,US
29.36857,-94.97131,La Marque,Texas,Galveston County,US
26.04591,-97.66749,La Paloma,Texas,Cameron County,US
29.66578,-95.01937,La Porte,Texas,Harris County,US
28.94108,-99.84978,La Pryor,Texas,Zavala County,US
29.35635,-98.11556,La Vernia,Texas,Wilson County,US
26.29868,-97.92861,La Villa,Texas,Hidalgo County,US
31.62933,-97.10278,Lacy-Lakeview,Texas,McLennan County,US
30.4602,-97.98835,Lago Vista,Texas,Travis County,US
26.08008,-97.25386,Laguna Heights,Texas,Cameron County,US
31.85932,-97.37974,Laguna Park,Texas,Bosque County,US
26.10091,-97.29025,Laguna Vista,Texas,Cameron County,US
31.8357,-99.00783,Lake Brownwood,Texas,Brown County,US
33.11929,-97.02556,Lake Dallas,Texas,Denton County,US
29.03386,-95.43439,Lake Jackson,Texas,Brazoria County,US
33.57705,-97.01306,Lake Kiowa,Texas,Cooke County,US
29.67578,-98.07223,Lake Dunlap,Texas,Guadalupe County,US
32.80485,-97.44502,Lake Worth,Texas,Tarrant County,US
29.60467,-98.94309,Lakehills,Texas,Bandera County,US
32.82235,-97.49335,Lakeside,Texas,Tarrant County,US
30.36377,-97.97959,Lakeway,Texas,Travis County,US
31.06378,-98.1817,Lampasas,Texas,Lampasas County,US
32.59208,-96.75611,Lancaster,Texas,Dallas County,US
27.50641,-99.50754,Laredo,Texas,Webb County,US
26.36479,-98.7753,Las Lomas,Texas,Starr County,US
26.46479,-97.91111,Lasara,Texas,Willacy County,US
26.10924,-97.49415,Laureles,Texas,Cameron County,US
33.02762,-96.43415,Lavon,Texas,Collin County,US
29.50745,-95.09493,League City,Texas,Galveston County,US
29.72884,-99.76145,Leakey,Texas,Real County,US
30.57881,-97.85307,Leander,Texas,Williamson County,US
29.49523,-98.61863,Leon Valley,Texas,Bexar County,US
33.37955,-96.24748,Leonard,Texas,Fannin County,US
33.04623,-96.99417,Lewisville,Texas,Denton County,US
30.4191,-97.01165,Lexington,Texas,Lee County,US
30.05799,-94.79548,Liberty,Texas,Liberty County,US
32.44543,-94.94855,Liberty City,Texas,Gregg County,US
32.5157,-95.4094,Lindale,Texas,Smith County,US
33.01235,-94.36547,Linden,Texas,Cass County,US
33.63594,-97.22279,Lindsay,Texas,Cooke County,US
33.16262,-96.93751,Little Elm,Texas,Denton County,US
30.98629,-97.35861,Little River-Academy,Texas,Bell County,US
29.56523,-98.3364,Live Oak,Texas,Bexar County,US
30.71103,-94.93299,Livingston,Texas,Polk County,US
30.75935,-98.67504,Llano,Texas,Llano County,US
26.1298,-97.96806,Llano Grande,Texas,Hidalgo County,US
29.88494,-97.67,Lockhart,Texas,Caldwell County,US
33.78566,-95.38773,Lone Star,Texas,Lamar County,US
32.94402,-94.70715,Lone Star,Texas,Morris County,US
32.5007,-94.74049,Longview,Texas,Gregg County,US
26.23813,-98.15973,Lopezville,Texas,Hidalgo County,US
31.38656,-97.21556,Lorena,Texas,McLennan County,US
26.07174,-97.47637,Los Fresnos,Texas,Cameron County,US
26.04924,-97.74499,Los Indios,Texas,Cameron County,US
30.29548,-97.84445,Lost Creek,Texas,Travis County,US
33.15484,-96.54721,Lowry Crossing,Texas,Collin County,US
33.08429,-96.57666,Lucas,Texas,Collin County,US
31.33824,-94.7291,Lufkin,Texas,Angelina County,US
29.68051,-97.6475,Luling,Texas,Caldwell County,US
30.26577,-94.19963,Lumberton,Texas,Hardin County,US
26.41229,-97.78972,Lyford,Texas,Willacy County,US
29.23329,-98.79641,Lytle,Texas,Atascosa County,US
32.36653,-96.10081,Mabank,Texas,Kaufman County,US
30.94991,-95.91162,Madisonville,Texas,Madison County,US
30.20938,-95.75078,Magnolia,Texas,Montgomery County,US
32.1696,-96.01247,Malakoff,Texas,Henderson County,US
30.14077,-97.83306,Manchaca,Texas,Travis County,US
30.34076,-97.55695,Manor,Texas,Travis County,US
32.56319,-97.14168,Mansfield,Texas,Tarrant County,US
29.46274,-95.35799,Manvel,Texas,Brazoria County,US
30.57859,-98.27378,Marble Falls,Texas,Burnet County,US
29.57134,-98.14029,Marion,Texas,Guadalupe County,US
28.96026,-96.06524,Markham,Texas,Matagorda County,US
31.30629,-96.89804,Marlin,Texas,Falls County,US
32.54487,-94.36742,Marshall,Texas,Harrison County,US
31.54239,-96.8336,Mart,Texas,McLennan County,US
29.8455,-97.84084,Martindale,Texas,Caldwell County,US
30.74879,-99.23061,Mason,Texas,Mason County,US
28.09446,-97.82805,Mathis,Texas,San Patricio County,US
33.3329,-94.3427,Maud,Texas,Bowie County,US
30.20354,-93.86628,Mauriceville,Texas,Orange County,US
26.20341,-98.23001,McAllen,Texas,Hidalgo County,US
31.44406,-97.40918,McGregor,Texas,McLennan County,US
33.19762,-96.61527,McKinney,Texas,Collin County,US
32.84235,-96.38054,McLendon-Chisholm,Texas,Rockwall County,US
29.59217,-98.03334,McQueeney,Texas,Guadalupe County,US
30.56241,-98.29641,Meadowlakes,Texas,Burnet County,US
29.65134,-95.588,Meadows Place,Texas,Fort Bend County,US
29.79661,-99.24643,Medina,Texas,Bandera County,US
26.92115,-99.25948,Medina,Texas,Zapata County,US
33.28595,-96.57277,Melissa,Texas,Collin County,US
30.91767,-99.78646,Menard,Texas,Menard County,US
26.1498,-97.91361,Mercedes,Texas,Hidalgo County,US
31.92321,-97.65669,Meridian,Texas,Bosque County,US
32.7668,-96.59916,Mesquite,Texas,Dallas County,US
31.67989,-96.4822,Mexia,Texas,Limestone County,US
32.48236,-96.99445,Midlothian,Texas,Ellis County,US
26.18776,-98.01708,Midway North,Texas,Hidalgo County,US
26.15694,-98.02011,Midway South,Texas,Hidalgo County,US
26.22618,-97.95889,Mila Doce,Texas,Hidalgo County,US
31.4324,-93.84574,Milam,Texas,Sabine County,US
32.66319,-95.48829,Mineola,Texas,Wood County,US
32.80846,-98.11282,Mineral Wells,Texas,Palo Pinto County,US
26.21591,-98.32529,Mission,Texas,Hidalgo County,US
29.69384,-95.66495,Mission Bend,Texas,Fort Bend County,US
29.61857,-95.53772,Missouri City,Texas,Fort Bend County,US
29.84772,-94.89076,Mont Belvieu,Texas,Chambers County,US
33.66483,-97.72059,Montague,Texas,Montague County,US
26.37312,-97.97167,Monte Alto,Texas,Hidalgo County,US
31.30823,-97.3614,Moody,Texas,McLennan County,US
31.14823,-97.46334,Morgans Point Resort,Texas,Bell County,US
33.15679,-94.96827,Mount Pleasant,Texas,Titus County,US
33.18873,-95.22133,Mount Vernon,Texas,Franklin County,US
33.65177,-97.37641,Muenster,Texas,Cooke County,US
33.44926,-99.62286,Munday,Texas,Knox County,US
26.25646,-98.08945,Muniz,Texas,Hidalgo County,US
26.25646,-98.11334,Murillo Colonia,Texas,Hidalgo County,US
33.01512,-96.61305,Murphy,Texas,Collin County,US
31.60351,-94.65549,Nacogdoches,Texas,Nacogdoches County,US
33.20318,-94.68021,Naples,Texas,Morris County,US
33.44235,-94.13075,Nash,Texas,Bowie County,US
32.2657,-96.81277,Nash,Texas,Ellis County,US
29.54468,-95.09104,Nassau Bay,Texas,Harris County,US
30.38798,-96.08773,Navasota,Texas,Grimes County,US
29.97438,-93.9924,Nederland,Texas,Jefferson County,US
29.39941,-95.83773,Needville,Texas,Fort Bend County,US
33.45984,-94.41548,New Boston,Texas,Bowie County,US
29.703,-98.12445,New Braunfels,Texas,Comal County,US
31.98072,-95.09383,New Summerfield,Texas,Cherokee County,US
29.59412,-95.68078,New Territory,Texas,Fort Bend County,US
30.5377,-95.48328,New Waverly,Texas,Walker County,US
33.00124,-97.48447,Newark,Texas,Wise County,US
30.84853,-93.7574,Newton,Texas,Newton County,US
29.26746,-97.76444,Nixon,Texas,Gonzales County,US
33.78677,-97.72586,Nocona,Texas,Montague County,US
31.07879,-97.60557,Nolanville,Texas,Bell County,US
26.2173,-98.1289,North Alamo,Texas,Hidalgo County,US
32.8343,-97.2289,North Richland Hills,Texas,Tarrant County,US
29.62106,-98.22473,Northcliff,Texas,Guadalupe County,US
31.63655,-97.09972,Northcrest,Texas,McLennan County,US
33.12734,-97.26557,Northlake,Texas,Denton County,US
26.26702,-98.1214,Nurillo,Texas,Hidalgo County,US
32.52042,-96.85472,Oak Leaf,Texas,Ellis County,US
33.19012,-96.99167,Oak Point,Texas,Denton County,US
30.16022,-95.44438,Oak Ridge North,Texas,Montgomery County,US
32.48875,-97.8342,Oak Trail Shores,Texas,Hood County,US
27.95057,-97.58222,Odem,Texas,San Patricio County,US
29.86828,-94.8327,Old River-Winfree,Texas,Chambers County,US
26.22841,-97.99223,Olivarez,Texas,Hidalgo County,US
26.02174,-97.53415,Olmito,Texas,Cameron County,US
29.47884,-98.48752,Olmos Park,Texas,Bexar County,US
33.37066,-98.75284,Olney,Texas,Young County,US
33.18068,-94.7441,Omaha,Texas,Morris County,US
30.80575,-95.11633,Onalaska,Texas,Polk County,US
30.1366,-97.78417,Onion Creek,Texas,Travis County,US
30.09299,-93.73655,Orange,Texas,Orange County,US
27.95668,-97.93694,Orange Grove,Texas,Jim Wells County,US
32.80014,-94.72076,Ore City,Texas,Upshur County,US
32.2746,-94.97855,Overton,Texas,Rusk County,US
32.52653,-96.88639,Ovilla,Texas,Ellis County,US
29.00302,-95.33188,Oyster Creek,Texas,Brazoria County,US
31.50849,-99.92008,Paint Rock,Texas,Concho County,US
28.70805,-96.21747,Palacios,Texas,Matagorda County,US
31.76212,-95.63079,Palestine,Texas,Anderson County,US
26.20174,-97.75416,Palm Valley,Texas,Cameron County,US
32.43125,-96.66777,Palmer,Texas,Ellis County,US
26.25841,-98.31807,Palmhurst,Texas,Hidalgo County,US
26.23341,-98.37085,Palmview,Texas,Hidalgo County,US
26.21563,-98.37863,Palmview South,Texas,Hidalgo County,US
32.76735,-98.29866,Palo Pinto,Texas,Palo Pinto County,US
30.38104,-95.49355,Panorama Village,Texas,Montgomery County,US
32.7143,-97.1564,Pantego,Texas,Tarrant County,US
33.66094,-95.55551,Paris,Texas,Lamar County,US
33.0554,-96.62194,Parker,Texas,Collin County,US
29.69106,-95.2091,Pasadena,Texas,Harris County,US
30.19299,-95.16882,Patton Village,Texas,Montgomery County,US
29.56357,-95.28605,Pearland,Texas,Brazoria County,US
28.89219,-99.09503,Pearsall,Texas,Frio County,US
32.97013,-97.47474,Pecan Acres,Texas,Tarrant County,US
29.62607,-95.73162,Pecan Grove,Texas,Fort Bend County,US
32.36042,-97.67558,Pecan Plantation,Texas,Hood County,US
32.92096,-97.51836,Pelican Bay,Texas,Tarrant County,US
26.23063,-98.44474,Penitas,Texas,Hidalgo County,US
26.22452,-98.40057,Perezville,Texas,Hidalgo County,US
30.43937,-97.62,Pflugerville,Texas,Travis County,US
26.1948,-98.18362,Pharr,Texas,Hidalgo County,US
33.3965,-96.96056,Pilot Point,Texas,Denton County,US
30.17105,-95.68245,Pinehurst,Texas,Montgomery County,US
30.10715,-93.77461,Pinehurst,Texas,Orange County,US
30.16438,-94.32158,Pinewood Estates,Texas,Hardin County,US
29.75995,-95.51716,Piney Point Village,Texas,Harris County,US
32.9954,-94.96577,Pittsburg,Texas,Camp County,US
33.01984,-96.69889,Plano,Texas,Collin County,US
29.48913,-95.80773,Pleak,Texas,Fort Bend County,US
28.96719,-98.47863,Pleasanton,Texas,Atascosa County,US
32.1957,-96.98945,Plum Grove,Texas,Ellis County,US
33.1829,-97.28724,Ponder,Texas,Denton County,US
27.83392,-97.0611,Port Aransas,Texas,Nueces County,US
29.88519,-93.94233,Port Arthur,Texas,Jefferson County,US
26.07341,-97.20858,Port Isabel,Texas,Cameron County,US
28.615,-96.62609,Port Lavaca,Texas,Calhoun County,US
29.99132,-93.95851,Port Neches,Texas,Jefferson County,US
28.44834,-96.40581,Port O'Connor,Texas,Calhoun County,US
30.15188,-95.32188,Porter Heights,Texas,Montgomery County,US
27.87725,-97.32388,Portland,Texas,San Patricio County,US
29.04052,-98.56807,Poteet,Texas,Atascosa County,US
29.06969,-98.08195,Poth,Texas,Wilson County,US
32.3293,-99.65647,Potosi,Texas,Taylor County,US
33.75927,-96.66944,Pottsboro,Texas,Grayson County,US
33.81122,-95.5244,Powderly,Texas,Lamar County,US
30.09327,-95.98773,Prairie View,Texas,Waller County,US
27.36059,-98.12362,Premont,Texas,Jim Wells County,US
33.88232,-96.63305,Preston,Texas,Grayson County,US
26.22591,-97.75805,Primera,Texas,Cameron County,US
33.18012,-96.49804,Princeton,Texas,Collin County,US
26.0923,-97.95722,Progreso,Texas,Hidalgo County,US
33.23623,-96.80111,Prosper,Texas,Collin County,US
34.29785,-99.74037,Quanah,Texas,Hardeman County,US
33.14874,-94.15019,Queen City,Texas,Cass County,US
32.9104,-96.13553,Quinlan,Texas,Hunt County,US
32.79596,-95.45106,Quitman,Texas,Wood County,US
27.74169,-98.09473,Rancho Alegre,Texas,Jim Wells County,US
26.03952,-97.55638,Rancho Viejo,Texas,Cameron County,US
32.46985,-98.67895,Ranger,Texas,Eastland County,US
26.48146,-97.78305,Raymondville,Texas,Willacy County,US
33.46485,-94.17103,Red Lick,Texas,Bowie County,US
32.51764,-96.80444,Red Oak,Texas,Ellis County,US
31.40435,-94.72132,Redland,Texas,Angelina County,US
33.35818,-94.25436,Redwater,Texas,Bowie County,US
29.81022,-97.91139,Redwood,Texas,Guadalupe County,US
28.30528,-97.27527,Refugio,Texas,Refugio County,US
32.57625,-97.2414,Rendon,Texas,Tarrant County,US
33.66316,-95.46245,Reno,Texas,Lamar County,US
32.94429,-97.57725,Reno,Texas,Parker County,US
33.05346,-97.47197,Rhome,Texas,Wise County,US
27.42143,-97.85111,Ricardo,Texas,Kleberg County,US
32.94818,-96.72972,Richardson,Texas,Dallas County,US
32.81596,-97.22807,Richland Hills,Texas,Tarrant County,US
29.58218,-95.76078,Richmond,Texas,Fort Bend County,US
29.05608,-95.40994,Richwood,Texas,Brazoria County,US
31.47489,-96.92333,Riesel,Texas,McLennan County,US
27.36419,-99.48004,Rio Bravo,Texas,Webb County,US
26.37979,-98.8203,Rio Grande City,Texas,Starr County,US
26.23535,-97.58193,Rio Hondo,Texas,Cameron County,US
32.77707,-97.39446,River Oaks,Texas,Tarrant County,US
33.00401,-97.22585,Roanoke,Texas,Denton County,US
31.46767,-97.11472,Robinson,Texas,McLennan County,US
27.7903,-97.66888,Robstown,Texas,Nueces County,US
30.65548,-97.00137,Rockdale,Texas,Milam County,US
32.93123,-96.45971,Rockwall,Texas,Rockwall County,US
28.02077,-97.05601,Rockport,Texas,Aransas County,US
30.93157,-97.22666,Rogers,Texas,Bell County,US
30.27687,-97.79112,Rollingwood,Texas,Travis County,US
30.1791,-95.16243,Roman Forest,Texas,Montgomery County,US
26.40506,-99.01586,Roma-Los Saenz,Texas,Starr County,US
31.07296,-96.9786,Rosebud,Texas,Falls County,US
29.55718,-95.80856,Rosenberg,Texas,Fort Bend County,US
29.35218,-95.46022,Rosharon,Texas,Brazoria County,US
30.50826,-97.6789,Round Rock,Texas,Williamson County,US
32.9029,-96.56388,Rowlett,Texas,Dallas County,US
32.97512,-96.33248,Royse City,Texas,Rockwall County,US
33.16789,-97.87837,Runaway Bay,Texas,Wise County,US
28.88331,-97.71305,Runge,Texas,Karnes County,US
31.79601,-95.15022,Rusk,Texas,Cherokee County,US
29.31746,-99.46644,Sabinal,Texas,Uvalde County,US
32.97623,-96.59527,Sachse,Texas,Dallas County,US
32.86013,-97.36391,Saginaw,Texas,Tarrant County,US
29.4144,-98.20001,Saint Hedwig,Texas,Bexar County,US
33.69483,-97.52252,Saint Jo,Texas,Montague County,US
33.04123,-96.55027,Saint Paul,Texas,Collin County,US
30.94713,-97.53862,Salado,Texas,Bell County,US
31.06408,-94.03575,Sam Rayburn,Texas,Jasper County,US
29.42412,-98.49363,San Antonio,Texas,Bexar County,US
31.5299,-94.10603,San Augustine,Texas,San Augustine County,US
26.13258,-97.6311,San Benito,Texas,Cameron County,US
26.29563,-98.07195,San Carlos,Texas,Hidalgo County,US
27.76391,-98.2389,San Diego,Texas,Duval County,US
26.18924,-98.15529,San Juan,Texas,Hidalgo County,US
29.48329,-94.92215,San Leon,Texas,Galveston County,US
29.88327,-97.94139,San Marcos,Texas,Hays County,US
31.19572,-98.7181,San Saba,Texas,San Saba County,US
33.36317,-97.1739,Sanger,Texas,Denton County,US
32.80596,-97.40307,Sansom Park,Texas,Tarrant County,US
31.74209,-99.32173,Santa Anna,Texas,Coleman County,US
29.37801,-95.10576,Santa Fe,Texas,Galveston County,US
26.25674,-97.825,Santa Rosa,Texas,Cameron County,US
27.22171,-97.78916,Sarita,Texas,Kenedy County,US
29.71078,-98.67586,Scenic Oaks,Texas,Bexar County,US
29.55217,-98.26973,Schertz,Texas,Guadalupe County,US
29.6819,-96.90304,Schulenburg,Texas,Fayette County,US
26.1398,-98.05389,Scissors,Texas,Hidalgo County,US
29.56412,-95.02548,Seabrook,Texas,Harris County,US
28.41528,-96.71359,Seadrift,Texas,Calhoun County,US
32.63958,-96.53832,Seagoville,Texas,Dallas County,US
29.78079,-96.15718,Sealy,Texas,Austin County,US
26.34285,-97.79027,Sebastian,Texas,Willacy County,US
29.56884,-97.96473,Seguin,Texas,Guadalupe County,US
29.58439,-98.30585,Selma,Texas,Bexar County,US
30.69936,-97.69195,Serenada,Texas,Williamson County,US
32.32042,-96.21303,Seven Points,Texas,Henderson County,US
33.59426,-99.26035,Seymour,Texas,Baylor County,US
30.16493,-97.86223,Shady Hollow,Texas,Travis County,US
33.16512,-97.02945,Shady Shores,Texas,Denton County,US
32.5993,-96.8875,Shamrock,Texas,Dallas County,US
29.58495,-98.55252,Shavano Park,Texas,Bexar County,US
29.868,-95.12826,Sheldon,Texas,Harris County,US
30.18022,-95.45577,Shenandoah,Texas,Montgomery County,US
30.49798,-94.9966,Shepherd,Texas,San Jacinto County,US
33.63566,-96.60888,Sherman,Texas,Grayson County,US
33.85232,-96.81778,Sherwood Shores,Texas,Grayson County,US
29.42913,-97.17054,Shiner,Texas,Lavaca County,US
29.62023,-95.00993,Shoreacres,Texas,Harris County,US
29.48607,-95.508,Sienna Plantation,Texas,Fort Bend County,US
26.8581,-99.25365,Siesta Shores,Texas,Zapata County,US
30.3491,-94.17796,Silsbee,Texas,Hardin County,US
28.03668,-97.50916,Sinton,Texas,San Patricio County,US
30.00855,-97.15943,Smithville,Texas,Bastrop County,US
29.22635,-98.6578,Somerset,Texas,Bexar County,US
30.34604,-96.5283,Somerville,Texas,Burleson County,US
30.14021,-94.41102,Sour Lake,Texas,Hardin County,US
26.15702,-98.10862,South Alamo,Texas,Hidalgo County,US
29.66301,-95.23549,South Houston,Texas,Harris County,US
26.10369,-97.16469,South Padre Island,Texas,Cameron County,US
25.86869,-97.38359,South Point,Texas,Cameron County,US
32.94124,-97.13418,Southlake,Texas,Tarrant County,US
29.70606,-95.43688,Southside Place,Texas,Harris County,US
30.92852,-97.35972,Sparks,Texas,Bell County,US
30.23299,-95.16104,Splendora,Texas,Montgomery County,US
30.07994,-95.41716,Spring,Texas,Harris County,US
29.78967,-95.50355,Spring Valley,Texas,Harris County,US
32.96596,-97.68364,Springtown,Texas,Parker County,US
29.61607,-95.55772,Stafford,Texas,Fort Bend County,US
32.94539,-99.80287,Stamford,Texas,Jones County,US
32.2207,-98.20226,Stephenville,Texas,Erath County,US
29.23691,-97.96,Stockdale,Texas,Wilson County,US
29.78994,-94.38324,Stowell,Texas,Chambers County,US
29.61968,-95.63495,Sugar Land,Texas,Fort Bend County,US
26.27757,-98.56363,Sullivan City,Texas,Hidalgo County,US
33.13845,-95.60107,Sulphur Springs,Texas,Hopkins County,US
32.79652,-96.56082,Sunnyvale,Texas,Dallas County,US
29.03886,-95.69856,Sweeny,Texas,Brazoria County,US
27.97891,-97.3986,Taft,Texas,San Patricio County,US
27.97391,-97.40305,Taft Southwest (historical),Texas,San Patricio County,US
32.68319,-96.38554,Talty,Texas,Kaufman County,US
32.31599,-94.51659,Tatum,Texas,Rusk County,US
30.57076,-97.40944,Taylor,Texas,Williamson County,US
29.57523,-95.05021,Taylor Lake Village,Texas,Harris County,US
31.62711,-96.28386,Teague,Texas,Freestone County,US
31.94378,-94.24409,Tenaha,Texas,Shelby County,US
31.09823,-97.34278,Temple,Texas,Bell County,US
32.73596,-96.27526,Terrell,Texas,Kaufman County,US
29.47495,-98.45085,Terrell Hills,Texas,Bexar County,US
33.42513,-94.04769,Texarkana,Texas,Bowie County,US
29.38385,-94.9027,Texas City,Texas,Galveston County,US
33.08901,-96.88639,The Colony,Texas,Denton County,US
30.34798,-97.98501,The Hills,Texas,Travis County,US
30.15799,-95.48938,The Woodlands,Texas,Montgomery County,US
30.61381,-97.20555,Thorndale,Texas,Milam County,US
28.46027,-98.18251,Three Rivers,Texas,Live Oak County,US
33.17872,-99.17758,Throckmorton,Texas,Throckmorton County,US
28.46194,-98.54918,Tilden,Texas,McMullen County,US
29.70578,-98.47835,Timberwood Park,Texas,Bexar County,US
31.90378,-94.3952,Timpson,Texas,Shelby County,US
33.52011,-96.48387,Tom Bean,Texas,Grayson County,US
30.09716,-95.61605,Tomball,Texas,Harris County,US
32.26792,-96.17025,Tool,Texas,Henderson County,US
30.94519,-95.3755,Trinity,Texas,Trinity County,US
32.9979,-97.18362,Trophy Club,Texas,Denton County,US
32.1446,-95.1205,Troup,Texas,Smith County,US
31.20684,-97.30278,Troy,Texas,Bell County,US
32.45762,-99.87148,Tye,Texas,Taylor County,US
32.35126,-95.30106,Tyler,Texas,Smith County,US
29.95772,-97.78611,Uhland,Texas,Caldwell County,US
29.54801,-98.29112,Universal City,Texas,Bexar County,US
32.85013,-96.80028,University Park,Texas,Dallas County,US
29.20968,-99.78617,Uvalde,Texas,Uvalde County,US
29.16524,-99.83228,Uvalde Estates,Texas,Uvalde County,US
31.65933,-97.47224,Valley Mills,Texas,Bosque County,US
32.52486,-95.63718,Van,Texas,Van Zandt County,US
33.4215,-96.57721,Van Alstyne,Texas,Grayson County,US
29.01775,-95.8894,Van Vleck,Texas,Matagorda County,US
32.43347,-97.10251,Venus,Texas,Johnson County,US
34.15536,-99.26628,Vernon,Texas,Wilbarger County,US
28.80527,-97.0036,Victoria,Texas,Victoria County,US
30.1316,-94.01545,Vidor,Texas,Orange County,US
29.28913,-98.64446,Von Ormy,Texas,Bexar County,US
31.54933,-97.14667,Waco,Texas,McLennan County,US
33.42679,-94.1063,Wake Village,Texas,Bowie County,US
30.05661,-95.9269,Waller,Texas,Waller County,US
32.47876,-94.05963,Waskom,Texas,Harrison County,US
32.85791,-97.25474,Watauga,Texas,Tarrant County,US
32.38653,-96.84833,Waxahachie,Texas,Ellis County,US
32.7593,-97.79725,Weatherford,Texas,Parker County,US
29.53773,-95.11826,Webster,Texas,Harris County,US
29.70301,-96.78053,Weimar,Texas,Colorado County,US
29.69329,-97.29916,Waelder,Texas,Gonzales County,US
30.44604,-97.67945,Wells Branch,Texas,Travis County,US
26.15952,-97.99084,Weslaco,Texas,Hidalgo County,US
31.80238,-97.09167,West,Texas,McLennan County,US
29.14386,-95.64522,West Columbia,Texas,Brazoria County,US
30.29798,-97.80195,West Lake Hills,Texas,Travis County,US
30.69825,-95.00188,West Livingston,Texas,Polk County,US
30.08215,-93.75822,West Orange,Texas,Orange County,US
26.27257,-98.32863,West Sharyland,Texas,Hidalgo County,US
32.89373,-96.02941,West Tawakoni,Texas,Hunt County,US
29.71801,-95.43383,West University Place,Texas,Harris County,US
32.75735,-97.41085,Westworth,Texas,Tarrant County,US
29.31164,-96.10274,Wharton,Texas,Wharton County,US
32.52792,-94.86133,White Oak,Texas,Gregg County,US
32.75957,-97.45835,White Settlement,Texas,Tarrant County,US
32.22682,-95.2255,Whitehouse,Texas,Smith County,US
33.65622,-96.90695,Whitesboro,Texas,Grayson County,US
33.51289,-96.39248,Whitewright,Texas,Grayson County,US
31.95182,-97.3214,Whitney,Texas,Hill County,US
33.91371,-98.49339,Wichita Falls,Texas,Wichita County,US
29.08358,-95.63384,Wild Peach Village,Texas,Brazoria County,US
30.52409,-94.44158,Wildwood,Texas,Hardin County,US
30.42493,-95.47994,Willis,Texas,Montgomery County,US
32.76263,-97.65058,Willow Park,Texas,Parker County,US
32.7093,-96.0083,Wills Point,Texas,Van Zandt County,US
32.58902,-96.68527,Wilmer,Texas,Dallas County,US
29.99744,-98.09862,Wimberley,Texas,Hays County,US
30.45909,-97.64917,Windemere,Texas,Travis County,US
29.51551,-98.38029,Windcrest,Texas,Bexar County,US
29.82022,-94.38408,Winnie,Texas,Chambers County,US
32.95734,-95.29022,Winnsboro,Texas,Wood County,US
31.95653,-99.96231,Winters,Texas,Runnels County,US
33.37067,-96.06886,Wolfe City,Texas,Hunt County,US
30.18105,-95.18882,Woodbranch,Texas,Montgomery County,US
30.02827,-98.11112,Woodcreek,Texas,Hays County,US
28.23834,-97.31999,Woodsboro,Texas,Refugio County,US
30.7752,-94.41548,Woodville,Texas,Tyler County,US
31.506,-97.20501,Woodway,Texas,McLennan County,US
31.78794,-96.46248,Wortham,Texas,Freestone County,US
30.12938,-97.47277,Wyldwood,Texas,Bastrop County,US
33.01512,-96.53888,Wylie,Texas,Collin County,US
29.28775,-97.15193,Yoakum,Texas,DeWitt County,US
28.98109,-97.50277,Yorktown,Texas,DeWitt County,US
26.90726,-99.27143,Zapata,Texas,Zapata County,US
36.70983,-81.97735,Abingdon,Virginia,Washington County,US
37.71957,-75.66548,Accomac,Virginia,Accomack County,US
36.78928,-81.58206,Adwolf,Virginia,Smyth County,US
38.80484,-77.04692,Alexandria,Virginia,City of Alexandria,US
37.11181,-79.28558,Altavista,Virginia,Campbell County,US
37.34293,-77.98056,Amelia Court House,Virginia,Amelia County,US
37.58514,-79.05141,Amherst,Virginia,Amherst County,US
38.83039,-77.19637,Annandale,Virginia,Fairfax County,US
36.90676,-82.78183,Appalachia,Virginia,Wise County,US
38.92428,-78.10139,Apple Mountain Lake,Virginia,Warren County,US
37.35709,-78.82529,Appomattox,Virginia,Appomattox County,US
38.46262,-77.38887,Aquia Harbour,Virginia,Stafford County,US
38.88101,-77.10428,Arlington,Virginia,Arlington County,US
39.04372,-77.48749,Ashburn,Virginia,Loudoun County,US
37.75903,-77.47998,Ashland,Virginia,Hanover County,US
36.86734,-81.42344,Atkins,Virginia,Smyth County,US
38.85039,-77.1297,Baileys Crossroads,Virginia,Fairfax County,US
36.7593,-79.99032,Bassett,Virginia,Henry County,US
38.80706,-78.79224,Basye,Virginia,Shenandoah County,US
38.57179,-77.76388,Bealeton,Virginia,Fauquier County,US
37.33431,-79.52309,Bedford,Virginia,City of Bedford,US
38.78539,-77.06303,Belle Haven,Virginia,Fairfax County,US
37.42181,-77.43748,Bellwood,Virginia,Chesterfield County,US
39.06483,-77.50999,Belmont,Virginia,Loudoun County,US
37.44681,-77.44332,Bensley,Virginia,Chesterfield County,US
39.15177,-77.98222,Berryville,Virginia,Clarke County,US
36.88176,-82.7471,Big Stone Gap,Virginia,Wise County,US
37.08043,-77.99723,Blackstone,Virginia,Nottoway County,US
37.22957,-80.41394,Blacksburg,Virginia,Montgomery County,US
37.10206,-81.1162,Bland,Virginia,Bland County,US
37.37847,-79.80698,Blue Ridge,Virginia,Botetourt County,US
37.25262,-81.27121,Bluefield,Virginia,Tazewell County,US
37.52487,-77.55777,Bon Air,Virginia,Chesterfield County,US
38.04958,-77.34665,Bowling Green,Virginia,Caroline County,US
36.66764,-78.3875,Boydton,Virginia,Mecklenburg County,US
36.59959,-78.14305,Bracey,Virginia,Mecklenburg County,US
38.98205,-77.5386,Brambleton,Virginia,Loudoun County,US
37.43209,-77.64971,Brandermill,Virginia,Chesterfield County,US
38.38207,-78.9767,Bridgewater,Virginia,Rockingham County,US
38.42152,-78.19361,Brightwood,Virginia,Madison County,US
36.59649,-82.18847,Bristol,Virginia,City of Bristol,US
39.01816,-77.52027,Broadlands,Virginia,Loudoun County,US
38.61317,-78.79891,Broadway,Virginia,Rockingham County,US
37.05014,-78.94418,Brookneal,Virginia,Campbell County,US
37.52736,-79.67976,Buchanan,Virginia,Botetourt County,US
38.73178,-77.4311,Buckhall,Virginia,Prince William County,US
37.55015,-78.55556,Buckingham,Virginia,Buckingham County,US
37.7343,-79.35392,Buena Vista,Virginia,City of Buena Vista,US
38.78373,-77.52055,Bull Run,Virginia,Prince William County,US
38.90372,-77.66166,Bull Run Mountain Estates,Virginia,Prince William County,US
38.79345,-77.27165,Burke,Virginia,Fairfax County,US
36.58958,-80.67173,Cana,Virginia,Carroll County,US
37.26792,-76.01743,Cape Charles,Virginia,Northampton County,US
36.94682,-76.56051,Carrollton,Virginia,Isle of Wight County,US
36.8901,-82.27959,Castlewood,Virginia,Russell County,US
37.22764,-80.01282,Cave Spring,Virginia,Roanoke County,US
37.26403,-79.93532,Cedar Bluff,Virginia,City of Roanoke,US
37.08761,-81.759,Cedar Bluff,Virginia,Tazewell County,US
37.74403,-77.13164,Central Garage,Virginia,King William County,US
38.84039,-77.42888,Centreville,Virginia,Fairfax County,US
37.62653,-77.42859,Chamberlayne,Virginia,Henrico County,US
38.89428,-77.4311,Chantilly,Virginia,Fairfax County,US
37.34348,-77.07303,Charles City,Virginia,Charles City County,US
37.05654,-78.63833,Charlotte Court House,Virginia,Charlotte County,US
38.02931,-78.47668,Charlottesville,Virginia,City of Charlottesville,US
36.79931,-78.45833,Chase City,Virginia,Mecklenburg County,US
36.82569,-79.39808,Chatham,Virginia,Pittsylvania County,US
36.6568,-79.81226,Chatmoss,Virginia,Henry County,US
38.56984,-77.26693,Cherry Hill,Virginia,Prince William County,US
36.81904,-76.27494,Chesapeake,Virginia,City of Chesapeake,US
37.35682,-77.44165,Chester,Virginia,Chesterfield County,US
37.37709,-77.50582,Chesterfield,Virginia,Chesterfield County,US
37.37709,-77.50499,Chesterfield Court House,Virginia,Chesterfield County,US
36.79845,-81.68234,Chilhowie,Virginia,Smyth County,US
37.93318,-75.37881,Chincoteague,Virginia,Accomack County,US
37.12985,-80.40894,Christiansburg,Virginia,Montgomery County,US
36.62403,-78.55694,Clarksville,Virginia,Mecklenburg County,US
37.06261,-81.75178,Claypool Hill,Virginia,Tazewell County,US
37.81624,-79.82449,Clifton Forge,Virginia,Alleghany County,US
37.15011,-82.45598,Clintwood,Virginia,Dickenson County,US
37.36514,-79.9056,Cloverdale,Virginia,Botetourt County,US
36.94399,-82.46404,Coeburn,Virginia,Wise County,US
36.71514,-79.91532,Collinsville,Virginia,Henry County,US
38.25457,-76.96358,Colonial Beach,Virginia,Westmoreland County,US
37.26804,-77.40726,Colonial Heights,Virginia,City of Colonial Heights,US
37.34264,-78.97502,Concord,Virginia,Campbell County,US
39.04094,-77.4136,Countryside,Virginia,Loudoun County,US
36.71626,-77.06802,Courtland,Virginia,Southampton County,US
37.79346,-79.99395,Covington,Virginia,City of Covington,US
37.17321,-78.12333,Crewe,Virginia,Nottoway County,US
38.15402,-78.8503,Crimora,Virginia,Augusta County,US
38.06958,-78.70058,Crozet,Virginia,Albemarle County,US
38.47318,-77.99666,Culpeper,Virginia,Culpeper County,US
37.49598,-78.24527,Cumberland,Virginia,Cumberland County,US
38.33124,-77.05109,Dahlgren,Virginia,King George County,US
38.63706,-77.31109,Dale City,Virginia,Prince William County,US
37.40986,-79.91254,Daleville,Virginia,Botetourt County,US
36.58597,-79.39502,Danville,Virginia,City of Danville,US
38.41485,-78.93864,Dayton,Virginia,Rockingham County,US
37.55486,-76.33689,Deltaville,Virginia,Middlesex County,US
37.07793,-77.58665,Dinwiddie,Virginia,Dinwiddie County,US
38.10902,-78.85752,Dooms,Virginia,Augusta County,US
39.00067,-77.34582,Dranesville,Virginia,Fairfax County,US
36.77759,-82.94155,Dryden,Virginia,Lee County,US
37.10568,-80.68534,Dublin,Virginia,Pulaski County,US
39.03761,-77.41582,Dulles Town Center,Virginia,Loudoun County,US
38.56762,-77.32804,Dumfries,Virginia,Prince William County,US
37.60376,-77.49137,Dumbarton,Virginia,Henrico County,US
38.89344,-77.22165,Dunn Loring,Virginia,Fairfax County,US
37.03737,-76.33161,East Hampton,Virginia,City of Hampton,US
37.79291,-79.42532,East Lexington,Virginia,Rockbridge County,US
37.58098,-77.40693,East Highland Park,Virginia,Henrico County,US
37.35264,-75.94576,Eastville,Virginia,Northampton County,US
38.82095,-78.56585,Edinburg,Virginia,Shenandoah County,US
38.4079,-78.62363,Elkton,Virginia,Rockingham County,US
36.77289,-81.83623,Emory,Virginia,Washington County,US
36.68598,-77.54248,Emporia,Virginia,City of Emporia,US
37.3307,-77.32276,Enon,Virginia,Chesterfield County,US
37.24015,-77.42998,Ettrick,Virginia,Chesterfield County,US
37.5318,-75.82299,Exmore,Virginia,Northampton County,US
38.84622,-77.30637,Fairfax,Virginia,City of Fairfax,US
38.80095,-77.32554,Fairfax Station,Virginia,Fairfax County,US
37.77624,-79.982,Fairlawn,Virginia,City of Covington,US
37.14846,-80.57839,Fairlawn,Virginia,Pulaski County,US
38.88233,-77.17109,Falls Church,Virginia,City of Falls Church,US
38.32402,-77.46832,Falmouth,Virginia,Stafford County,US
37.3021,-78.39194,Farmville,Virginia,Prince Edward County,US
36.92292,-80.01337,Ferrum,Virginia,Franklin County,US
37.4993,-79.87726,Fincastle,Virginia,Botetourt County,US
38.09902,-78.96919,Fishersville,Virginia,Augusta County,US
38.93706,-77.41277,Floris,Virginia,Fairfax County,US
36.91124,-80.32005,Floyd,Virginia,Floyd County,US
37.36375,-79.28975,Forest,Virginia,Bedford County,US
37.4957,-77.33526,Fort Lee,Virginia,Henrico County,US
38.78206,-77.14637,Franconia,Virginia,Fairfax County,US
36.67765,-76.92246,Franklin,Virginia,City of Franklin,US
38.30318,-77.46054,Fredericksburg,Virginia,City of Fredericksburg,US
38.91817,-78.19444,Front Royal,Virginia,Warren County,US
38.79567,-77.61388,Gainesville,Virginia,Prince William County,US
36.66124,-80.92397,Galax,Virginia,City of Galax,US
36.63788,-82.58099,Gate City,Virginia,Scott County,US
36.79122,-81.77123,Glade Spring,Virginia,Washington County,US
37.63402,-79.45031,Glasgow,Virginia,Rockbridge County,US
37.66598,-77.50637,Glen Allen,Virginia,Henrico County,US
37.40986,-76.52662,Gloucester Courthouse,Virginia,Gloucester County,US
37.25403,-76.49689,Gloucester Point,Virginia,Gloucester County,US
37.68431,-77.88527,Goochland,Virginia,Goochland County,US
38.13736,-78.18778,Gordonsville,Virginia,Orange County,US
38.99817,-77.28832,Great Falls,Virginia,Fairfax County,US
38.87345,-77.40082,Greenbriar,Virginia,Fairfax County,US
36.95375,-79.35891,Gretna,Virginia,Pittsylvania County,US
38.26735,-78.82586,Grottoes,Virginia,Rockingham County,US
38.76734,-77.0847,Groveton,Virginia,Fairfax County,US
37.27789,-82.09902,Grundy,Virginia,Buchanan County,US
36.76597,-78.92834,Halifax,Virginia,Halifax County,US
37.24237,-78.45972,Hampden Sydney,Virginia,Prince Edward County,US
37.02987,-76.34522,Hampton,Virginia,City of Hampton,US
37.76653,-77.37026,Hanover,Virginia,Hanover County,US
38.44957,-78.86892,Harrisonburg,Virginia,City of Harrisonburg,US
38.75178,-77.13581,Hayfield,Virginia,Fairfax County,US
38.81206,-77.63638,Haymarket,Virginia,Prince William County,US
37.91763,-76.47217,Heathsville,Virginia,Northumberland County,US
36.96625,-79.87031,Henry Fork,Virginia,Franklin County,US
38.96955,-77.3861,Herndon,Virginia,Fairfax County,US
37.54598,-77.32776,Highland Springs,Virginia,Henrico County,US
36.76263,-80.73479,Hillsville,Virginia,Carroll County,US
37.34125,-79.9431,Hollins,Virginia,Roanoke County,US
38.11708,-78.44168,Hollymead,Virginia,Albemarle County,US
37.01622,-81.97429,Honaker,Virginia,Russell County,US
37.30432,-77.2872,Hopewell,Virginia,City of Hopewell,US
36.62847,-79.95087,Horse Pasture,Virginia,Henry County,US
38.79234,-77.07081,Huntington,Virginia,Fairfax County,US
37.09264,-79.29641,Hurt,Virginia,Pittsylvania County,US
38.74761,-77.08303,Hybla Valley,Virginia,Fairfax County,US
38.89511,-77.21165,Idylwood,Virginia,Fairfax County,US
38.63595,-77.43776,Independent Hill,Virginia,Prince William County,US
36.90765,-76.70773,Isle of Wight,Virginia,Isle of Wight County,US
38.86456,-77.18776,Jefferson,Virginia,Fairfax County,US
38.10985,-79.07308,Jolivue,Virginia,Augusta County,US
36.68898,-83.111,Jonesville,Virginia,Lee County,US
36.96209,-78.125,Kenbridge,Virginia,Lunenburg County,US
37.71041,-76.37967,Kilmarnock,Virginia,Lancaster County,US
38.26818,-77.18442,King George,Virginia,King George County,US
37.68736,-77.01358,King William,Virginia,King William County,US
37.66986,-76.87746,King and Queen Court House,Virginia,King and Queen County,US
38.80622,-77.24332,Kings Park,Virginia,Fairfax County,US
38.84789,-77.15581,Lake Barcroft,Virginia,Fairfax County,US
37.9232,-78.33473,Lake Monticello,Virginia,Fluvanna County,US
38.68789,-77.29776,Lake Ridge,Virginia,Prince William County,US
37.60765,-77.47693,Lakeside,Virginia,Henrico County,US
37.76986,-76.46634,Lancaster,Virginia,Lancaster County,US
37.64292,-77.50887,Laurel,Virginia,Henrico County,US
36.75765,-77.84694,Lawrenceville,Virginia,Brunswick County,US
37.36569,-79.85754,Laymantown,Virginia,Botetourt County,US
36.90094,-82.08013,Lebanon,Virginia,Russell County,US
39.11566,-77.5636,Leesburg,Virginia,Loudoun County,US
37.78402,-79.44282,Lexington,Virginia,City of Lexington,US
38.81845,-77.14331,Lincolnia,Virginia,Fairfax County,US
38.75984,-77.57499,Linton Hall,Virginia,Prince William County,US
38.78623,-77.47804,Loch Lomond,Virginia,Prince William County,US
38.70428,-77.22776,Lorton,Virginia,Fairfax County,US
38.02514,-78.00416,Louisa,Virginia,Louisa County,US
39.2726,-77.63666,Lovettsville,Virginia,Loudoun County,US
37.75986,-78.87086,Lovingston,Virginia,Nelson County,US
39.05983,-77.35221,Lowes Island,Virginia,Loudoun County,US
36.96098,-78.26555,Lunenburg,Virginia,Lunenburg County,US
38.6654,-78.45945,Luray,Virginia,Page County,US
37.41375,-79.14225,Lynchburg,Virginia,City of Lynchburg,US
38.0293,-78.94502,Lyndhurst,Virginia,Augusta County,US
38.38041,-78.2575,Madison,Virginia,Madison County,US
37.43098,-79.12308,Madison Heights,Virginia,Amherst County,US
38.75095,-77.47527,Manassas,Virginia,City of Manassas,US
38.784,-77.46971,Manassas Park,Virginia,City of Manassas Park,US
38.85372,-77.25943,Mantua,Virginia,Fairfax County,US
36.83484,-81.51484,Marion,Virginia,Smyth County,US
38.86484,-77.85777,Marshall,Virginia,Fauquier County,US
36.69153,-79.87254,Martinsville,Virginia,City of Martinsville,US
38.4004,-78.83419,Massanetta Springs,Virginia,Rockingham County,US
38.40957,-78.7378,Massanutten,Virginia,Rockingham County,US
37.43708,-76.31994,Mathews,Virginia,Mathews County,US
37.23043,-77.47749,Matoaca,Virginia,Chesterfield County,US
38.93428,-77.17748,McLean,Virginia,Fairfax County,US
37.60876,-77.37331,Mechanicsville,Virginia,Hanover County,US
38.87428,-77.22693,Merrifield,Virginia,Fairfax County,US
38.45263,-78.07861,Merrimac,Virginia,Culpeper County,US
37.18957,-80.42561,Merrimac,Virginia,Montgomery County,US
39.02761,-78.28056,Middletown,Virginia,Frederick County,US
38.61095,-77.33971,Montclair,Virginia,Prince William County,US
38.41234,-79.5806,Monterey,Virginia,Highland County,US
37.5207,-77.37831,Montrose,Virginia,Henrico County,US
38.09513,-76.82746,Montross,Virginia,Westmoreland County,US
37.06959,-79.34114,Motley,Virginia,Pittsylvania County,US
36.67847,-79.42225,Mount Hermon,Virginia,Pittsylvania County,US
38.74595,-78.64224,Mount Jackson,Virginia,Shenandoah County,US
36.75958,-78.98696,Mountain Road,Virginia,Halifax County,US
37.33151,-80.81119,Narrows,Virginia,Giles County,US
37.20542,-79.95893,Narrows,Virginia,Roanoke County,US
37.89042,-78.87224,Nellysford,Virginia,Nelson County,US
38.76734,-77.72833,New Baltimore,Virginia,Fauquier County,US
37.50013,-80.11088,New Castle,Virginia,Craig County,US
38.6479,-78.67141,New Market,Virginia,Shenandoah County,US
38.73845,-77.18498,Newington,Virginia,Fairfax County,US
36.97876,-76.428,Newport News,Virginia,City of Newport News,US
38.69873,-77.57971,Nokesville,Virginia,Prince William County,US
36.84681,-76.28522,Norfolk,Virginia,City of Norfolk,US
37.08209,-79.65836,North Shore,Virginia,Franklin County,US
38.80428,-77.2047,North Springfield,Virginia,Fairfax County,US
36.93343,-82.62905,Norton,Virginia,City of Norton,US
38.984,-77.40388,Oak Grove,Virginia,Loudoun County,US
38.88095,-77.30082,Oakton,Virginia,Fairfax County,US
37.7118,-75.7491,Onancock,Virginia,Accomack County,US
38.24541,-78.11083,Orange,Virginia,Orange County,US
37.86097,-78.26334,Palmyra,Virginia,Fluvanna County,US
36.70903,-80.0131,Pannill Fork,Virginia,Henry County,US
38.29735,-77.31415,Passapatanzy,Virginia,King George County,US
36.6418,-80.19505,Patrick Springs,Virginia,Patrick County,US
37.32651,-80.73507,Pearisburg,Virginia,Giles County,US
37.31957,-80.63895,Pembroke,Virginia,Giles County,US
36.75842,-83.02711,Pennington Gap,Virginia,Lee County,US
37.22793,-77.40193,Petersburg,Virginia,City of Petersburg,US
38.91289,-77.20081,Pimmit Hills,Virginia,Fairfax County,US
37.12237,-76.34578,Poquoson,Virginia,City of Poquoson,US
36.83543,-76.29827,Portsmouth,Virginia,City of Portsmouth,US
36.82098,-76.36883,Portsmouth Heights,Virginia,City of Portsmouth,US
38.64595,-77.29415,Potomac Mills,Virginia,Prince William County,US
37.12371,-82.60127,Pound,Virginia,Wise County,US
37.54209,-77.91889,Powhatan,Virginia,Powhatan County,US
37.20985,-80.49005,Prices Fork,Virginia,Montgomery County,US
37.22043,-77.28803,Prince George,Virginia,Prince George County,US
37.0479,-80.77979,Pulaski,Virginia,Pulaski County,US
39.13677,-77.71472,Purcellville,Virginia,Loudoun County,US
37.13179,-80.57645,Radford,Virginia,City of Radford,US
37.08706,-81.85512,Raven,Virginia,Tazewell County,US
38.804,-77.22054,Ravensworth,Virginia,Fairfax County,US
38.96872,-77.3411,Reston,Virginia,Fairfax County,US
37.55376,-77.46026,Richmond,Virginia,City of Richmond,US
37.09317,-81.79373,Richlands,Virginia,Tazewell County,US
37.27097,-79.94143,Roanoke,Virginia,City of Roanoke,US
36.99764,-79.89198,Rocky Mount,Virginia,Franklin County,US
38.78872,-77.11276,Rose Hill,Virginia,Fairfax County,US
38.23319,-78.36917,Ruckersville,Virginia,Greene County,US
36.89373,-81.27593,Rural Retreat,Virginia,Wythe County,US
37.06681,-76.67635,Rushmere,Virginia,Isle of Wight County,US
37.27681,-79.10085,Rustburg,Virginia,Campbell County,US
37.29347,-80.05476,Salem,Virginia,City of Salem,US
37.60597,-76.59495,Saluda,Virginia,Middlesex County,US
36.8815,-81.76206,Saltville,Virginia,Smyth County,US
37.52348,-77.31581,Sandston,Virginia,Henrico County,US
38.87206,-77.15526,Seven Corners,Virginia,Fairfax County,US
39.19149,-78.34556,Shawnee Land,Virginia,Frederick County,US
37.16847,-80.25532,Shawsville,Virginia,Montgomery County,US
38.48512,-78.62502,Shenandoah,Virginia,Page County,US
38.98178,-78.07555,Shenandoah Farms,Virginia,Warren County,US
37.65042,-77.61249,Short Pump,Virginia,Henrico County,US
36.98237,-76.63107,Smithfield,Virginia,Isle of Wight County,US
36.69875,-78.9014,South Boston,Virginia,Halifax County,US
36.72653,-78.12889,South Hill,Virginia,Mecklenburg County,US
38.92094,-77.50388,South Riding,Virginia,Loudoun County,US
36.71709,-76.59023,South Suffolk,Virginia,City of Suffolk,US
38.20096,-77.58915,Spotsylvania,Virginia,Spotsylvania County,US
38.19791,-77.58777,Spotsylvania Courthouse,Virginia,Spotsylvania County,US
38.78928,-77.1872,Springfield,Virginia,Fairfax County,US
37.19651,-81.40288,Springville,Virginia,Tazewell County,US
38.42207,-77.40832,Stafford,Virginia,Stafford County,US
38.29735,-78.44001,Stanardsville,Virginia,Greene County,US
38.5754,-78.50251,Stanley,Virginia,Page County,US
36.7443,-79.96282,Stanleytown,Virginia,Henry County,US
38.14958,-79.0717,Staunton,Virginia,City of Staunton,US
39.08344,-78.21806,Stephens City,Virginia,Frederick County,US
39.00622,-77.4286,Sterling,Virginia,Loudoun County,US
38.98872,-78.35862,Strasburg,Virginia,Shenandoah County,US
36.64097,-80.26561,Stuart,Virginia,Patrick County,US
38.03014,-79.03364,Stuarts Draft,Virginia,Augusta County,US
38.79289,-77.49749,Sudley,Virginia,Prince William County,US
36.72836,-76.58496,Suffolk,Virginia,City of Suffolk,US
39.03761,-77.37526,Sugarland Run,Virginia,Loudoun County,US
37.13793,-76.83524,Surry,Virginia,Surry County,US
36.91515,-77.27914,Sussex,Virginia,Sussex County,US
37.92541,-76.85913,Tappahannock,Virginia,Essex County,US
37.11484,-81.51955,Tazewell,Virginia,Tazewell County,US
37.3207,-79.25753,Timberlake,Virginia,Campbell County,US
38.63901,-78.77391,Timberville,Virginia,Rockingham County,US
38.54679,-77.33665,Triangle,Virginia,Prince William County,US
37.59015,-77.55638,Tuckahoe,Virginia,Henrico County,US
38.91872,-77.23109,Tysons Corner,Virginia,Fairfax County,US
37.01875,-79.68642,Union Hall,Virginia,Franklin County,US
39.05705,-77.44415,University Center,Virginia,Loudoun County,US
38.20208,-79.00836,Verona,Virginia,Augusta County,US
36.99487,-78.22722,Victoria,Virginia,Lunenburg County,US
38.90122,-77.26526,Vienna,Virginia,Fairfax County,US
37.28097,-79.89698,Vinton,Virginia,Roanoke County,US
36.85293,-75.97799,Virginia Beach,Virginia,City of Virginia Beach,US
38.04624,-79.79061,Warm Springs,Virginia,Bath County,US
38.71345,-77.79527,Warrenton,Virginia,Fauquier County,US
37.95874,-76.75801,Warsaw,Virginia,Richmond County,US
38.71345,-78.15944,Washington,Virginia,Rappahannock County,US
37.93401,-75.49965,Wattsville,Virginia,Accomack County,US
37.03598,-77.09524,Waverly,Virginia,Sussex County,US
38.06847,-78.88947,Waynesboro,Virginia,City of Waynesboro,US
37.75514,-78.28389,Weber City,Virginia,Fluvanna County,US
36.62288,-82.5621,Weber City,Virginia,Scott County,US
38.78289,-77.49749,West Gate,Virginia,Prince William County,US
37.4032,-79.17808,West Lynchburg,Virginia,City of Lynchburg,US
37.53153,-76.79635,West Point,Virginia,King William County,US
38.77261,-77.22109,West Springfield,Virginia,Fairfax County,US
38.28846,-78.91308,Weyers Cave,Virginia,Augusta County,US
37.2707,-76.70746,Williamsburg,Virginia,City of Williamsburg,US
39.18566,-78.16333,Winchester,Virginia,City of Winchester,US
36.80848,-76.74412,Windsor,Virginia,Isle of Wight County,US
38.93983,-77.28609,Wolf Trap,Virginia,Fairfax County,US
38.65817,-77.2497,Woodbridge,Virginia,Prince William County,US
36.72235,-80.82285,Woodlawn,Virginia,Carroll County,US
38.71678,-77.13276,Woodlawn,Virginia,Fairfax County,US
38.88178,-78.50584,Woodstock,Virginia,Shenandoah County,US
37.69848,-77.61249,Wyndham,Virginia,Henrico County,US
36.94845,-81.08481,Wytheville,Virginia,Wythe County,US
38.79317,-77.44777,Yorkshire,Virginia,Prince William County,US
37.72595,-80.64202,Alderson,West Virginia,Greenbrier County,US
38.28676,-81.80513,Alum Creek,West Virginia,Kanawha County,US
38.13622,-81.09955,Ansted,West Virginia,Fayette County,US
37.42234,-81.0162,Athens,West Virginia,Mercer County,US
38.40953,-82.29459,Barboursville,West Virginia,Cabell County,US
39.5037,-80.16675,Barrackville,West Virginia,Marion County,US
37.74781,-81.14352,Beaver,West Virginia,Raleigh County,US
37.77817,-81.18816,Beckley,West Virginia,Raleigh County,US
39.0251,-79.93563,Belington,West Virginia,Barbour County,US
38.23205,-81.53762,Belle,West Virginia,Kanawha County,US
39.6248,-78.22472,Berkeley Springs,West Virginia,Morgan County,US
39.39203,-80.28064,Bethlehem,West Virginia,Harrison County,US
39.26369,-81.62929,Blennerhassett,West Virginia,Wood County,US
37.26984,-81.22232,Bluefield,West Virginia,Mercer County,US
37.31262,-81.25982,Bluewell,West Virginia,Mercer County,US
39.36146,-81.50207,Boaz,West Virginia,Wood County,US
39.32343,-77.75277,Bolivar,West Virginia,Jefferson County,US
37.86539,-81.19399,Bradley,West Virginia,Raleigh County,US
39.28648,-80.2562,Bridgeport,West Virginia,Harrison County,US
39.61175,-79.90451,Brookhaven,West Virginia,Monongalia County,US
37.28095,-81.25593,Brush Fork,West Virginia,Mercer County,US
38.99399,-80.23203,Buckhannon,West Virginia,Upshur County,US
38.61759,-81.9818,Buffalo,West Virginia,Putnam County,US
38.39647,-82.55877,Ceredo,West Virginia,Wayne County,US
37.97371,-82.01735,Chapmanville,West Virginia,Logan County,US
39.28899,-77.85972,Charles Town,West Virginia,Jefferson County,US
38.34982,-81.63262,Charleston,West Virginia,Kanawha County,US
39.67202,-79.85339,Cheat Lake,West Virginia,Monongalia County,US
38.22344,-81.53623,Chesapeake,West Virginia,Kanawha County,US
39.28065,-80.34453,Clarksburg,West Virginia,Harrison County,US
38.46038,-81.08511,Clay,West Virginia,Clay County,US
38.48871,-81.34817,Clendenin,West Virginia,Kanawha County,US
37.679,-81.21038,Coal City,West Virginia,Raleigh County,US
38.3176,-81.52095,Coal Fork,West Virginia,Kanawha County,US
37.74067,-81.23066,Crab Orchard,West Virginia,Raleigh County,US
38.33067,-80.65315,Craigsville,West Virginia,Nicholas County,US
38.42037,-81.79068,Cross Lanes,West Virginia,Kanawha County,US
38.42009,-82.05542,Culloden,West Virginia,Cabell County,US
37.74327,-81.12408,Daniels,West Virginia,Raleigh County,US
39.2887,-80.30592,Despard,West Virginia,Harrison County,US
38.36065,-81.73735,Dunbar,West Virginia,Kanawha County,US
38.53759,-81.93236,Eleanor,West Virginia,Putnam County,US
39.06341,-81.39512,Elizabeth,West Virginia,Wirt County,US
38.92594,-79.84673,Elkins,West Virginia,Randolph County,US
38.44288,-81.4804,Elkview,West Virginia,Kanawha County,US
37.78068,-80.45702,Fairlea,West Virginia,Greenbrier County,US
39.48508,-80.14258,Fairmont,West Virginia,Marion County,US
38.05289,-81.10399,Fayetteville,West Virginia,Fayette County,US
39.50315,-78.76863,Fort Ashby,West Virginia,Mineral County,US
38.64289,-79.33115,Franklin,West Virginia,Pendleton County,US
37.57594,-81.89484,Gilbert Creek,West Virginia,Mingo County,US
38.93426,-80.8376,Glenville,West Virginia,Gilmer County,US
39.94924,-80.75425,Glendale,West Virginia,Marshall County,US
39.34092,-80.01897,Grafton,West Virginia,Taylor County,US
38.92342,-81.09595,Grantsville,West Virginia,Calhoun County,US
38.2787,-82.10292,Hamlin,West Virginia,Lincoln County,US
39.20952,-81.05178,Harrisville,West Virginia,Ritchie County,US
37.67401,-80.88925,Hinton,West Virginia,Summers County,US
38.41925,-82.44515,Huntington,West Virginia,Cabell County,US
38.43259,-82.02014,Hurricane,West Virginia,Putnam County,US
39.35788,-78.04,Inwood,West Virginia,Berkeley County,US
38.39897,-82.57821,Kenova,West Virginia,Wayne County,US
39.44093,-78.97392,Keyser,West Virginia,Mineral County,US
39.47176,-79.68339,Kingwood,West Virginia,Preston County,US
38.32286,-82.44682,Lavalette,West Virginia,Wayne County,US
38.50647,-82.29848,Lesage,West Virginia,Cabell County,US
37.80179,-80.44563,Lewisburg,West Virginia,Greenbrier County,US
37.84871,-81.99346,Logan,West Virginia,Logan County,US
39.23535,-81.63124,Lubeck,West Virginia,Wood County,US
37.77095,-81.20843,Mabscott,West Virginia,Raleigh County,US
37.75845,-81.2126,MacArthur,West Virginia,Raleigh County,US
38.06705,-81.81929,Madison,West Virginia,Boone County,US
37.73066,-81.8379,Mallory,West Virginia,Logan County,US
39.53092,-80.34342,Mannington,West Virginia,Marion County,US
38.22345,-80.09451,Marlinton,West Virginia,Pocahontas County,US
38.24538,-81.56706,Marmet,West Virginia,Kanawha County,US
39.45621,-77.96389,Martinsburg,West Virginia,Berkeley County,US
39.98813,-80.73147,McMechen,West Virginia,Marshall County,US
39.4923,-80.90372,Middlebourne,West Virginia,Tyler County,US
38.43453,-82.13236,Milton,West Virginia,Cabell County,US
39.19035,-81.53207,Mineral Wells,West Virginia,Wood County,US
39.46258,-80.21814,Monongah,West Virginia,Marion County,US
38.18038,-81.32845,Montgomery,West Virginia,Kanawha County,US
39.06233,-78.96947,Moorefield,West Virginia,Hardy County,US
39.62953,-79.9559,Morgantown,West Virginia,Monongalia County,US
39.92035,-80.74314,Moundsville,West Virginia,Marshall County,US
37.89539,-81.16427,Mount Hope,West Virginia,Fayette County,US
37.58317,-81.38038,Mullens,West Virginia,Wyoming County,US
39.64452,-80.8576,New Martinsville,West Virginia,Wetzel County,US
38.98647,-81.97347,New Haven,West Virginia,Mason County,US
38.41481,-81.84402,Nitro,West Virginia,Kanawha County,US
39.26342,-80.31981,Nutter Fort,West Virginia,Harrison County,US
37.97233,-81.14871,Oak Hill,West Virginia,Fayette County,US
37.69206,-81.624,Oceana,West Virginia,Wyoming County,US
39.60285,-80.93677,Paden City,West Virginia,Tyler County,US
39.26674,-81.56151,Parkersburg,West Virginia,Wood County,US
39.09649,-79.6809,Parsons,West Virginia,Tucker County,US
38.41397,-82.31987,Pea Ridge,West Virginia,Cabell County,US
39.28508,-80.96844,Pennsboro,West Virginia,Ritchie County,US
38.99261,-79.12392,Petersburg,West Virginia,Grant County,US
39.15232,-80.04036,Philippi,West Virginia,Barbour County,US
38.40871,-81.48179,Pinch,West Virginia,Kanawha County,US
37.58317,-81.53705,Pineville,West Virginia,Wyoming County,US
39.45536,-80.14175,Pleasant Valley,West Virginia,Marion County,US
38.84453,-82.13709,Point Pleasant,West Virginia,Mason County,US
37.36623,-81.10259,Princeton,West Virginia,Mercer County,US
37.8365,-81.20177,Prosperity,West Virginia,Raleigh County,US
37.96873,-80.76703,Rainelle,West Virginia,Greenbrier County,US
38.2826,-81.56234,Rand,West Virginia,Kanawha County,US
39.2951,-77.86055,Ranson,West Virginia,Jefferson County,US
38.94814,-81.76096,Ravenswood,West Virginia,Jackson County,US
38.22484,-80.53314,Richwood,West Virginia,Nicholas County,US
38.8187,-81.71069,Ripley,West Virginia,Jackson County,US
39.34204,-78.75668,Romney,West Virginia,Hampshire County,US
37.74984,-80.46285,Ronceverte,West Virginia,Greenbrier County,US
38.38565,-81.83624,Saint Albans,West Virginia,Kanawha County,US
39.39174,-81.20511,Saint Marys,West Virginia,Pleasants County,US
39.28287,-80.55899,Salem,West Virginia,Harrison County,US
37.70567,-81.09843,Shady Spring,West Virginia,Raleigh County,US
39.21705,-77.80749,Shannondale,West Virginia,Jefferson County,US
39.4301,-77.80416,Shepherdstown,West Virginia,Jefferson County,US
39.39564,-80.30009,Shinnston,West Virginia,Harrison County,US
38.52815,-81.63096,Sissonville,West Virginia,Kanawha County,US
39.56424,-80.99594,Sistersville,West Virginia,Tyler County,US
37.70761,-81.25066,Sophia,West Virginia,Raleigh County,US
38.36843,-81.69957,South Charleston,West Virginia,Kanawha County,US
38.80203,-81.35095,Spencer,West Virginia,Roane County,US
37.81595,-81.15232,Stanaford,West Virginia,Raleigh County,US
39.65841,-79.98645,Star City,West Virginia,Monongalia County,US
39.25092,-80.31231,Stonewood,West Virginia,Harrison County,US
38.28122,-80.8526,Summersville,West Virginia,Nicholas County,US
38.66454,-80.70982,Sutton,West Virginia,Braxton County,US
38.45009,-81.9293,Teays Valley,West Virginia,Putnam County,US
39.44565,-79.54644,Terra Alta,West Virginia,Preston County,US
37.59151,-80.54368,Union,West Virginia,Monroe County,US
38.34287,-81.8443,Tornado,West Virginia,Kanawha County,US
39.32702,-81.54846,Vienna,West Virginia,Wood County,US
39.26119,-81.6718,Washington,West Virginia,Wood County,US
38.22147,-82.44237,Wayne,West Virginia,Wayne County,US
38.47927,-80.41342,Webster Springs,West Virginia,Webster County,US
37.43289,-81.58455,Welch,West Virginia,McDowell County,US
39.29647,-80.77705,West Union,West Virginia,Doddridge County,US
39.03843,-80.46731,Weston,West Virginia,Lewis County,US
39.63453,-79.96979,Westover,West Virginia,Monongalia County,US
37.79651,-80.29757,White Sulphur Springs,West Virginia,Greenbrier County,US
39.61453,-78.77502,Wiley Ford,West Virginia,Mineral County,US
37.67427,-82.27736,Williamson,West Virginia,Mingo County,US
39.40063,-81.44818,Williamstown,West Virginia,Wood County,US
38.53314,-81.89347,Winfield,West Virginia,Putnam County,US
31.41461,-86.06772,Elba,Alabama,Coffee County,US
32.53874,-86.31497,Elmore,Alabama,Elmore County,US
34.81509,-92.22432,Sherwood,Arkansas,Pulaski County,US
39.48061,-86.05499,Franklin,Indiana,Johnson County,US
38.99088,-88.16254,Newton,Illinois,Jasper County,US
38.48587,-91.85045,Linn,Missouri,Osage County,US
38.47255,-90.8868,Villa Ridge,Missouri,Franklin County,US
33.85344,-91.02789,Rosedale,Mississippi,Bolivar County,US
33.60211,-90.77458,Shaw,Mississippi,Bolivar County,US
39.94734,-75.06656,Merchantville,New Jersey,Camden County,US
39.73428,-74.91822,Florence,New Jersey,Camden County,US
39.80122,-75.1624,Oak Valley,New Jersey,Gloucester County,US
39.70173,-82.42682,Bremen,Ohio,Fairfield County,US
39.33312,-82.9824,Chillicothe,Ohio,Ross County,US
34.53815,-96.21861,Coalgate,Oklahoma,Coal County,US
28.66748,-99.17059,Dilley,Texas,Frio County,US
29.13996,-98.90531,Devine,Texas,Medina County,US
33.12234,-97.04306,Hickory Creek,Texas,Denton County,US
29.63135,-96.06524,Wallis,Texas,Austin County,US
37.51765,-76.97886,New Kent,Virginia,New Kent County,US
36.62245,-81.15309,Independence,Virginia,Grayson County,US
28.98276,-95.9694,Bay City,Texas,Matagorda County,US
36.97593,-82.57571,Wise,Virginia,Wise County,US
31.57184,-85.25049,Abbeville,Alabama,Henry County,US
33.60094,-86.95611,Adamsville,Alabama,Jefferson County,US
33.24428,-86.81638,Alabaster,Alabama,Shelby County,US
34.26759,-86.20887,Albertville,Alabama,Marshall County,US
32.94401,-85.95385,Alexander City,Alabama,Tallapoosa County,US
33.77399,-85.88552,Alexandria,Alabama,Calhoun County,US
33.12957,-88.15142,Aliceville,Alabama,Pickens County,US
31.3085,-86.48329,Andalusia,Alabama,Covington County,US
33.65983,-85.83163,Anniston,Alabama,Calhoun County,US
34.31815,-86.49582,Arab,Alabama,Marshall County,US
33.68177,-86.53054,Argo,Alabama,Jefferson County,US
34.99203,-86.84695,Ardmore,Alabama,Limestone County,US
34.80287,-86.97167,Athens,Alabama,Limestone County,US
31.18296,-85.23632,Ashford,Alabama,Houston County,US
33.27373,-85.83607,Ashland,Alabama,Clay County,US
33.83704,-86.25442,Ashville,Alabama,Saint Clair County,US
31.02379,-87.49387,Atmore,Alabama,Escambia County,US
34.02176,-86.08859,Attalla,Alabama,Etowah County,US
32.60986,-85.48078,Auburn,Alabama,Lee County,US
34.05871,-85.80802,Ballplay,Alabama,Etowah County,US
41.7701,-72.30508,South Coventry,Connecticut,Tolland County,US
41.90871,-72.7601,Tariffville,Connecticut,Hartford County,US
41.03343,-73.59957,Cos Cob,Connecticut,Fairfield County,US
40.55809,-90.03512,Canton,Illinois,Fulton County,US
41.29503,-89.03619,Deer Park,Illinois,LaSalle County,US
41.77232,-72.33258,Coventry Lake,Connecticut,Tolland County,US
41.91031,-88.07174,Glendale Heights,Illinois,DuPage County,US
42.37946,-89.82234,Lena,Illinois,Stephenson County,US
41.5951,-72.64537,Cromwell,Connecticut,Middlesex County,US
41.57844,-70.55864,East Falmouth,Massachusetts,Barnstable County,US
41.93176,-72.37842,Crystal Lake,Connecticut,Tolland County,US
42.6987,-71.13506,North Andover,Massachusetts,Essex County,US
42.40843,-71.01199,Revere,Massachusetts,Suffolk County,US
41.70566,-70.37447,West Barnstable,Massachusetts,Barnstable County,US
43.47647,-70.71839,Alfred,Maine,York County,US
41.39482,-73.45401,Danbury,Connecticut,Fairfield County,US
43.26592,-70.8645,Berwick,Maine,York County,US
44.26508,-69.15893,Hope,Maine,Knox County,US
41.8026,-71.88591,Danielson,Connecticut,Windham County,US
41.07871,-73.46929,Darien,Connecticut,Fairfield County,US
44.10369,-69.10893,Rockland,Maine,Knox County,US
44.21147,-69.27421,Union,Maine,Knox County,US
42.2942,-83.30993,Inkster,Michigan,Wayne County,US
40.16754,-92.17268,Edina,Missouri,Knox County,US
41.32065,-73.089,Derby,Connecticut,New Haven County,US
40.18122,-74.66432,Yardville,New Jersey,Mercer County,US
43.03923,-76.3041,Camillus,New York,Onondaga County,US
43.08423,-76.8694,Clyde,New York,Wayne County,US
41.48176,-72.68121,Durham,Connecticut,Middlesex County,US
42.56784,-77.58971,Wayland,New York,Steuben County,US
42.73008,-73.70123,Watervliet,New York,Albany County,US
41.79677,-71.89729,East Brooklyn,Connecticut,Windham County,US
41.23783,-82.30572,Camden,Ohio,Lorain County,US
41.52005,-81.55624,Cleveland Heights,Ohio,Cuyahoga County,US
41.51811,-83.35909,Genoa,Ohio,Ottawa County,US
41.45315,-72.4612,East Haddam,Connecticut,Middlesex County,US
41.57593,-72.50259,East Hampton,Connecticut,Middlesex County,US
41.78232,-72.61203,East Hartford,Connecticut,Hartford County,US
41.27621,-72.86843,East Haven,Connecticut,New Haven County,US
40.40868,-80.08339,Carnegie,Pennsylvania,Allegheny County,US
41.10565,-73.39845,East Norwalk,Connecticut,Fairfield County,US
44.65719,-97.20507,Hayti,South Dakota,Hamlin County,US
41.90399,-72.46981,Ellington,Connecticut,Tolland County,US
41.97621,-72.59176,Enfield,Connecticut,Hartford County,US
41.14121,-73.26373,Fairfield,Connecticut,Fairfield County,US
41.71982,-72.83204,Farmington,Connecticut,Hartford County,US
41.42982,-72.08202,Gales Ferry,Connecticut,New London County,US
41.25565,-73.43484,Georgetown,Connecticut,Fairfield County,US
41.71232,-72.60815,Glastonbury,Connecticut,Hartford County,US
41.70093,-72.59953,Glastonbury Center,Connecticut,Hartford County,US
41.03538,-73.65985,Glenville,Connecticut,Fairfield County,US
41.02649,-73.62846,Greenwich,Connecticut,Fairfield County,US
41.3501,-72.07841,Groton,Connecticut,New London County,US
41.28899,-72.68176,Guilford,Connecticut,New Haven County,US
41.39593,-72.89677,Hamden,Connecticut,New Haven County,US
41.76371,-72.68509,Hartford,Connecticut,Hartford County,US
41.98732,-72.54481,Hazardville,Connecticut,Hartford County,US
41.65788,-72.36592,Hebron,Connecticut,Tolland County,US
41.48565,-73.23789,Heritage Village,Connecticut,New Haven County,US
41.49704,-72.55703,Higganum,Connecticut,Middlesex County,US
41.60677,-71.98091,Jewett City,Connecticut,New London County,US
41.63538,-72.76871,Kensington,Connecticut,Hartford County,US
41.72482,-73.47707,Kent,Connecticut,Litchfield County,US
41.83871,-71.86924,Killingly Center,Connecticut,Windham County,US
41.59843,-72.51037,Lake Pocotopaug,Connecticut,Middlesex County,US
41.43982,-72.01424,Ledyard Center,Connecticut,New London County,US
41.60399,-72.01174,Lisbon,Connecticut,New London County,US
41.74732,-73.18872,Litchfield,Connecticut,Litchfield County,US
41.35399,-72.0523,Long Hill,Connecticut,New London County,US
41.27954,-72.59843,Madison,Connecticut,New Haven County,US
41.77593,-72.52148,Manchester,Connecticut,Hartford County,US
41.76593,-72.23369,Mansfield City,Connecticut,Tolland County,US
41.53815,-72.80704,Meriden,Connecticut,New Haven County,US
41.52787,-73.12761,Middlebury,Connecticut,New Haven County,US
41.56232,-72.65065,Middletown,Connecticut,Middlesex County,US
41.22232,-73.0565,Milford,Connecticut,New Haven County,US
41.47899,-72.15119,Montville Center,Connecticut,New London County,US
41.50288,-72.45009,Moodus,Connecticut,Middlesex County,US
41.71288,-71.88091,Moosup,Connecticut,Windham County,US
41.35427,-71.96646,Mystic,Connecticut,New London County,US
41.48593,-73.05066,Naugatuck,Connecticut,New Haven County,US
41.66121,-72.77954,New Britain,Connecticut,Hartford County,US
41.14676,-73.49484,New Canaan,Connecticut,Fairfield County,US
41.30815,-72.92816,New Haven,Connecticut,New Haven County,US
41.35565,-72.09952,New London,Connecticut,New London County,US
41.57704,-73.40845,New Milford,Connecticut,Litchfield County,US
41.6751,-73.35179,New Preston,Connecticut,Litchfield County,US
41.69788,-72.72371,Newington,Connecticut,Hartford County,US
41.32538,-72.19313,Niantic,Connecticut,New London County,US
41.32788,-71.99063,Noank,Connecticut,New London County,US
41.3276,-72.76732,North Branford,Connecticut,New Haven County,US
41.99593,-72.82954,North Granby,Connecticut,Hartford County,US
41.98565,-71.89868,North Grosvenor Dale,Connecticut,Windham County,US
41.39093,-72.85954,North Haven,Connecticut,New Haven County,US
41.13815,-73.54346,North Stamford,Connecticut,Fairfield County,US
41.1176,-73.4079,Norwalk,Connecticut,Fairfield County,US
41.52426,-72.07591,Norwich,Connecticut,New London County,US
41.59343,-73.08539,Oakville,Connecticut,Litchfield County,US
41.02287,-73.56485,Old Greenwich,Connecticut,Fairfield County,US
41.39149,-71.96174,Old Mystic,Connecticut,New London County,US
41.29177,-72.3762,Old Saybrook,Connecticut,Middlesex County,US
41.27843,-73.02566,Orange,Connecticut,New Haven County,US
41.43399,-73.11678,Oxford,Connecticut,New Haven County,US
41.37732,-71.83368,Pawcatuck,Connecticut,New London County,US
41.02565,-73.66068,Pemberwick,Connecticut,Fairfield County,US
41.67649,-71.91507,Plainfield,Connecticut,Windham County,US
41.67454,-72.85816,Plainville,Connecticut,Hartford County,US
41.67204,-73.05289,Plymouth,Connecticut,Litchfield County,US
41.3451,-72.0248,Poquonock Bridge,Connecticut,New London County,US
41.57288,-72.64065,Portland,Connecticut,Middlesex County,US
41.50232,-72.97872,Prospect,Connecticut,New Haven County,US
41.52899,-71.97396,Preston City,Connecticut,New London County,US
41.9151,-71.90896,Putnam,Connecticut,Windham County,US
42.02371,-71.9498,Quinebaug,Connecticut,Windham County,US
41.28148,-73.49818,Ridgefield,Connecticut,Fairfield County,US
41.03371,-73.57818,Riverside,Connecticut,Fairfield County,US
41.86676,-72.44953,Rockville,Connecticut,Tolland County,US
41.95649,-72.79537,Salmon Brook,Connecticut,Hartford County,US
41.28538,-72.39897,Saybrook Manor,Connecticut,Middlesex County,US
41.39676,-73.07594,Seymour,Connecticut,New Haven County,US
41.31649,-73.09316,Shelton,Connecticut,Fairfield County,US
41.57926,-73.49568,Sherman,Connecticut,Fairfield County,US
42.01343,-72.56425,Sherwood Manor,Connecticut,Hartford County,US
41.98537,-72.4462,Somers,Connecticut,Tolland County,US
41.67954,-72.17036,South Windham,Connecticut,Windham County,US
41.82371,-72.6212,South Windsor,Connecticut,Hartford County,US
41.93899,-71.95952,South Woodstock,Connecticut,Windham County,US
41.48148,-73.21317,Southbury,Connecticut,New Haven County,US
41.13649,-73.28345,Southport,Connecticut,Fairfield County,US
41.9626,-72.57148,Southwood Acres,Connecticut,Hartford County,US
41.98482,-72.28897,Stafford,Connecticut,Tolland County,US
41.95426,-72.3023,Stafford Springs,Connecticut,Tolland County,US
41.05343,-73.53873,Stamford,Connecticut,Fairfield County,US
41.80843,-72.24952,Storrs,Connecticut,Tolland County,US
41.18454,-73.13317,Stratford,Connecticut,Fairfield County,US
41.98121,-72.64981,Suffield Depot,Connecticut,Hartford County,US
41.6351,-72.47036,Terramuggus,Connecticut,Hartford County,US
41.67815,-73.01094,Terryville,Connecticut,Litchfield County,US
41.67399,-73.07316,Thomaston,Connecticut,Litchfield County,US
41.95871,-71.86257,Thompson,Connecticut,Windham County,US
41.99704,-72.59898,Thompsonville,Connecticut,Hartford County,US
41.87149,-72.36869,Tolland,Connecticut,Tolland County,US
41.80065,-73.12122,Torrington,Connecticut,Litchfield County,US
41.24287,-73.20067,Trumbull,Connecticut,Fairfield County,US
41.43454,-72.1098,Uncasville,Connecticut,New London County,US
41.45704,-72.82316,Wallingford,Connecticut,New Haven County,US
41.55815,-73.0515,Waterbury,Connecticut,New Haven County,US
41.60621,-73.11817,Watertown,Connecticut,Litchfield County,US
41.74427,-71.90924,Wauregan,Connecticut,Windham County,US
41.84371,-72.82843,Weatogue,Connecticut,Hartford County,US
41.76204,-72.74204,West Hartford,Connecticut,Hartford County,US
41.27065,-72.94705,West Haven,Connecticut,New Haven County,US
41.87315,-72.85815,West Simsbury,Connecticut,Hartford County,US
41.81843,-73.14372,West Torrington,Connecticut,Litchfield County,US
41.14149,-73.3579,Westport,Connecticut,Fairfield County,US
41.71427,-72.65259,Wethersfield,Connecticut,Hartford County,US
41.71065,-72.20813,Willimantic,Connecticut,Windham County,US
41.19537,-73.4379,Wilton,Connecticut,Fairfield County,US
41.9001,-73.13483,Winchester Center,Connecticut,Litchfield County,US
41.69982,-72.15702,Windham,Connecticut,Windham County,US
41.8526,-72.6437,Windsor,Connecticut,Hartford County,US
41.92926,-72.62731,Windsor Locks,Connecticut,Hartford County,US
41.92121,-73.06011,Winsted,Connecticut,Litchfield County,US
41.60232,-72.98677,Wolcott,Connecticut,New Haven County,US
41.3526,-73.00844,Woodbridge,Connecticut,New Haven County,US
41.54454,-73.209,Woodbury,Connecticut,Litchfield County,US
41.22815,-72.99149,Woodmont,Connecticut,New Haven County,US
42.55415,-93.05326,Ackley,Iowa,Hardin County,US
41.61443,-94.01745,Adel,Iowa,Dallas County,US
42.82888,-96.55948,Akron,Iowa,Plymouth County,US
41.02667,-92.80575,Albia,Iowa,Monroe County,US
43.06997,-94.23302,Algona,Iowa,Kossuth County,US
42.75275,-92.79519,Allison,Iowa,Butler County,US
42.67359,-95.29055,Alta,Iowa,Buena Vista County,US
42.98749,-96.01057,Alton,Iowa,Sioux County,US
41.64416,-93.46466,Altoona,Iowa,Polk County,US
42.03471,-93.61994,Ames,Iowa,Story County,US
42.10834,-91.28516,Anamosa,Iowa,Jones County,US
41.72971,-93.60577,Ankeny,Iowa,Polk County,US
42.58415,-92.88436,Aplington,Iowa,Butler County,US
43.37274,-95.12388,Arnolds Park,Iowa,Dickinson County,US
42.51445,-90.75152,Asbury,Iowa,Dubuque County,US
41.99694,-91.86213,Atkins,Iowa,Benton County,US
41.4036,-95.01388,Atlantic,Iowa,Cass County,US
41.71804,-94.93249,Audubon,Iowa,Audubon County,US
42.71276,-95.43667,Aurelia,Iowa,Cherokee County,US
41.47666,-95.33805,Avoca,Iowa,Pottawattamie County,US
41.8261,-93.15159,Baxter,Iowa,Jasper County,US
40.66693,-94.72136,Bedford,Iowa,Taylor County,US
41.89694,-92.27824,Belle Plaine,Iowa,Benton County,US
42.25863,-90.42291,Bellevue,Iowa,Jackson County,US
42.84608,-93.6141,Belmond,Iowa,Wright County,US
41.52448,-90.51569,Bettendorf,Iowa,Scott County,US
40.75169,-92.41491,Bloomfield,Iowa,Davis County,US
41.50892,-90.76598,Blue Grass,Iowa,Scott County,US
41.70054,-93.46216,Bondurant,Iowa,Polk County,US
42.0597,-93.88023,Boone,Iowa,Boone County,US
43.09774,-93.80189,Britt,Iowa,Hancock County,US
41.73361,-92.44546,Brooklyn,Iowa,Poweshiek County,US
41.3111,-94.00356,Buffalo (historical),Iowa,Madison County,US
41.45642,-90.72347,Buffalo,Iowa,Scott County,US
40.80754,-91.11292,Burlington,Iowa,Des Moines County,US
41.78809,-90.25624,Camanche,Iowa,Clinton County,US
41.50082,-93.49105,Carlisle,Iowa,Warren County,US
42.06582,-94.86693,Carroll,Iowa,Carroll County,US
41.29055,-95.91807,Carter Lake,Iowa,Pottawattamie County,US
42.29862,-91.01486,Cascade,Iowa,Dubuque County,US
42.52776,-92.44547,Cedar Falls,Iowa,Black Hawk County,US
42.00833,-91.64407,Cedar Rapids,Iowa,Linn County,US
42.19083,-91.78518,Center Point,Iowa,Linn County,US
40.73418,-92.87409,Centerville,Iowa,Appanoose County,US
42.09276,-93.93551,Centerville,Iowa,Boone County,US
42.20388,-91.52406,Central City,Iowa,Linn County,US
41.01389,-93.3066,Chariton,Iowa,Lucas County,US
43.06636,-92.67241,Charles City,Iowa,Floyd County,US
42.74943,-95.55167,Cherokee,Iowa,Cherokee County,US
40.73981,-95.038,Clarinda,Iowa,Page County,US
42.73164,-93.73299,Clarion,Iowa,Wright County,US
42.7847,-92.66769,Clarksville,Iowa,Butler County,US
43.13802,-93.37937,Clear Lake,Iowa,Cerro Gordo County,US
41.84447,-90.18874,Clinton,Iowa,Clinton County,US
41.60304,-93.72411,Clive,Iowa,Polk County,US
41.67777,-93.2452,Colfax,Iowa,Jasper County,US
41.28003,-91.36071,Columbus Junction,Iowa,Louisa County,US
42.22471,-92.87465,Conrad,Iowa,Grundy County,US
41.87082,-94.67748,Coon Rapids,Iowa,Carroll County,US
41.6764,-91.58045,Coralville,Iowa,Johnson County,US
40.98999,-94.74081,Corning,Iowa,Adams County,US
40.75695,-93.31882,Corydon,Iowa,Wayne County,US
41.26194,-95.86083,Council Bluffs,Iowa,Pottawattamie County,US
43.38136,-92.11405,Cresco,Iowa,Howard County,US
41.0586,-94.36135,Creston,Iowa,Union County,US
42.72219,-94.19718,Dakota City,Iowa,Humboldt County,US
41.68443,-93.96106,Dallas Center,Iowa,Dallas County,US
41.52364,-90.57764,Davenport,Iowa,Scott County,US
41.53166,-94.00967,De Soto,Iowa,Dallas County,US
41.82336,-90.53819,De Witt,Iowa,Clinton County,US
43.30331,-91.78571,Decorah,Iowa,Winneshiek County,US
42.01777,-95.35528,Denison,Iowa,Crawford County,US
42.67137,-92.3374,Denver,Iowa,Bremer County,US
41.60054,-93.60911,Des Moines,Iowa,Polk County,US
42.46415,-92.62825,Dike,Iowa,Grundy County,US
42.50056,-90.66457,Dubuque,Iowa,Dubuque County,US
41.85443,-95.60056,Dunlap,Iowa,Harrison County,US
41.59975,-90.9107,Durant,Iowa,Cedar County,US
42.48444,-91.12291,Dyersville,Iowa,Dubuque County,US
42.17166,-92.3063,Dysart,Iowa,Tama County,US
42.66414,-93.90439,Eagle Grove,Iowa,Wright County,US
41.49193,-94.12412,Earlham,Iowa,Madison County,US
41.1565,-92.63739,Eddyville,Iowa,Wapello County,US
42.36082,-93.09965,Eldora,Iowa,Hardin County,US
41.65809,-90.58458,Eldridge,Iowa,Scott County,US
42.46693,-92.25657,Elk Run Heights,Iowa,Black Hawk County,US
42.85387,-91.40542,Elkader,Iowa,Clayton County,US
41.87362,-91.58518,Ely,Iowa,Linn County,US
43.11274,-94.68304,Emmetsburg,Iowa,Palo Alto County,US
42.445,-90.93208,Epworth,Iowa,Dubuque County,US
43.40163,-94.83276,Estherville,Iowa,Emmet County,US
42.46915,-92.28102,Evansdale,Iowa,Black Hawk County,US
42.63915,-92.04712,Fairbank,Iowa,Buchanan County,US
41.91945,-91.78101,Fairfax,Iowa,Linn County,US
41.00863,-91.96267,Fairfield,Iowa,Jefferson County,US
42.44278,-91.00625,Farley,Iowa,Dubuque County,US
42.84193,-91.80211,Fayette,Iowa,Fayette County,US
43.26246,-93.63716,Forest City,Iowa,Winnebago County,US
42.49747,-94.16802,Fort Dodge,Iowa,Webster County,US
40.62976,-91.31515,Fort Madison,Iowa,Lee County,US
43.10246,-93.60188,Garner,Iowa,Hancock County,US
43.34386,-96.00224,George,Iowa,Lyon County,US
42.10693,-93.64966,Gilbert,Iowa,Story County,US
41.04694,-95.74251,Glenwood,Iowa,Mills County,US
42.05693,-94.72887,Glidden,Iowa,Carroll County,US
42.28053,-94.2908,Gowrie,Iowa,Webster County,US
41.7611,-93.82439,Granger,Iowa,Dallas County,US
42.89581,-92.80242,Greene,Iowa,Butler County,US
41.30527,-94.46135,Greenfield,Iowa,Adair County,US
41.68832,-93.79106,Grimes,Iowa,Polk County,US
41.74305,-92.72241,Grinnell,Iowa,Poweshiek County,US
41.23499,-95.13749,Griswold,Iowa,Cass County,US
42.36165,-92.76853,Grundy Center,Iowa,Grundy County,US
41.67721,-94.5033,Guthrie Center,Iowa,Guthrie County,US
42.78582,-91.09957,Guttenberg,Iowa,Clayton County,US
40.60445,-95.65777,Hamburg,Iowa,Fremont County,US
42.74192,-93.20242,Hampton,Iowa,Franklin County,US
41.65304,-95.32555,Harlan,Iowa,Shelby County,US
43.17997,-95.47695,Hartley,Iowa,O'Brien County,US
42.99582,-96.48531,Hawarden,Iowa,Sioux County,US
42.03583,-91.68212,Hiawatha,Iowa,Linn County,US
42.48915,-95.545,Holstein,Iowa,Ida County,US
42.40665,-92.45547,Hudson,Iowa,Black Hawk County,US
43.18859,-96.13363,Hull,Iowa,Sioux County,US
42.7208,-94.21524,Humboldt,Iowa,Humboldt County,US
41.89527,-93.60077,Huxley,Iowa,Story County,US
42.34499,-95.47167,Ida Grove,Iowa,Ida County,US
42.4686,-91.88934,Independence,Iowa,Buchanan County,US
41.35805,-93.55744,Indianola,Iowa,Warren County,US
41.66113,-91.53017,Iowa City,Iowa,Johnson County,US
42.52248,-93.25131,Iowa Falls,Iowa,Hardin County,US
42.01526,-94.37747,Jefferson,Iowa,Greene County,US
42.47554,-92.06379,Jesup,Iowa,Buchanan County,US
42.30693,-93.64022,Jewell,Iowa,Hamilton County,US
41.67304,-93.69772,Johnston,Iowa,Polk County,US
41.48307,-91.706,Kalona,Iowa,Washington County,US
40.39727,-91.38487,Keokuk,Iowa,Lee County,US
40.73031,-91.96239,Keosauqua,Iowa,Van Buren County,US
41.3639,-91.95379,Keota,Iowa,Keokuk County,US
42.58832,-95.96752,Kingsley,Iowa,Plymouth County,US
41.32083,-93.10937,Knoxville,Iowa,Marion County,US
42.31499,-92.19213,La Porte City,Iowa,Black Hawk County,US
42.26748,-94.73387,Lake City,Iowa,Calhoun County,US
43.4194,-93.53327,Lake Mills,Iowa,Winnebago County,US
43.45552,-95.32083,Lake Park,Iowa,Dickinson County,US
42.31165,-95.05332,Lake View,Iowa,Sac County,US
40.62278,-93.93412,Lamoni,Iowa,Decatur County,US
42.84664,-94.85193,Laurens,Iowa,Pocahontas County,US
41.59864,-90.34346,Le Claire,Iowa,Scott County,US
42.79416,-96.16558,Le Mars,Iowa,Plymouth County,US
40.88165,-94.56191,Lenox,Iowa,Taylor County,US
40.73972,-93.74772,Leon,Iowa,Decatur County,US
41.92112,-91.38545,Lisbon,Iowa,Linn County,US
41.64305,-95.7889,Logan,Iowa,Harrison County,US
41.48808,-91.42599,Lone Tree,Iowa,Johnson County,US
41.87665,-93.82328,Madrid,Iowa,Boone County,US
41.00278,-95.58528,Malvern,Iowa,Mills County,US
42.48415,-91.45543,Manchester,Iowa,Delaware County,US
43.28718,-93.20215,Manly,Iowa,Worth County,US
41.90915,-95.06499,Manning,Iowa,Carroll County,US
42.52914,-94.53414,Manson,Iowa,Calhoun County,US
42.16582,-95.79306,Mapleton,Iowa,Monona County,US
42.06891,-90.66569,Maquoketa,Iowa,Jackson County,US
42.82582,-95.80751,Marcus,Iowa,Cherokee County,US
41.79806,-92.07074,Marengo,Iowa,Iowa County,US
42.03417,-91.59768,Marion,Iowa,Linn County,US
42.04943,-92.90798,Marshalltown,Iowa,Marshall County,US
43.15357,-93.20104,Mason City,Iowa,Cerro Gordo County,US
41.90446,-91.25461,Mechanicsville,Iowa,Cedar County,US
41.00809,-91.16404,Mediapolis,Iowa,Des Moines County,US
41.225,-93.24132,Melcher-Dallas,Iowa,Marion County,US
43.32469,-95.15,Milford,Iowa,Dickinson County,US
41.55638,-95.88779,Missouri Valley,Iowa,Harrison County,US
41.6686,-93.35771,Mitchellville,Iowa,Polk County,US
43.05165,-91.3893,Monona,Iowa,Clayton County,US
41.52221,-93.10187,Monroe,Iowa,Jasper County,US
41.58583,-92.52741,Montezuma,Iowa,Poweshiek County,US
42.23834,-91.18709,Monticello,Iowa,Jones County,US
40.71471,-94.23523,Mount Ayr,Iowa,Ringgold County,US
40.96364,-91.55794,Mount Pleasant,Iowa,Henry County,US
41.92195,-91.41684,Mount Vernon,Iowa,Linn County,US
42.48888,-96.07252,Moville,Iowa,Woodbury County,US
41.42447,-91.04321,Muscatine,Iowa,Muscatine County,US
42.95275,-92.5363,Nashua,Iowa,Chickasaw County,US
42.02277,-93.45243,Nevada,Iowa,Story County,US
43.05914,-92.31768,New Hampton,Iowa,Chickasaw County,US
40.92698,-91.3996,New London,Iowa,Henry County,US
41.47,-92.6513,New Sharon,Iowa,Mahaska County,US
41.69971,-93.04798,Newton,Iowa,Jasper County,US
43.14275,-93.00437,Nora Springs,Iowa,Floyd County,US
41.5139,-92.07629,North English,Iowa,Iowa County,US
41.74918,-91.59795,North Liberty,Iowa,Johnson County,US
43.44412,-93.22104,Northwood,Iowa,Worth County,US
41.47555,-93.67883,Norwalk,Iowa,Warren County,US
42.58109,-93.44326,Oakland,Iowa,Franklin County,US
41.30916,-95.39667,Oakland,Iowa,Pottawattamie County,US
42.31221,-95.25055,Odebolt,Iowa,Sac County,US
42.67332,-91.9135,Oelwein,Iowa,Fayette County,US
42.03915,-94.02773,Ogden,Iowa,Boone County,US
42.02665,-96.09724,Onawa,Iowa,Monona County,US
43.00721,-96.05835,Orange City,Iowa,Sioux County,US
43.28414,-92.81103,Osage,Iowa,Mitchell County,US
41.03389,-93.7655,Osceola,Iowa,Clarke County,US
41.29639,-92.64436,Oskaloosa,Iowa,Mahaska County,US
41.02001,-92.4113,Ottumwa,Iowa,Wapello County,US
42.06611,-91.79546,Palo,Iowa,Linn County,US
41.69165,-94.36302,Panora,Iowa,Guthrie County,US
41.6942,-90.54569,Park View,Iowa,Scott County,US
42.57748,-92.78686,Parkersburg,Iowa,Butler County,US
42.97915,-95.68807,Paullina,Iowa,O'Brien County,US
41.40805,-92.91631,Pella,Iowa,Marion County,US
42.45056,-90.85041,Peosta,Iowa,Dubuque County,US
41.8386,-94.10718,Perry,Iowa,Dallas County,US
41.58388,-93.51994,Pleasant Hill,Iowa,Polk County,US
41.38583,-93.26937,Pleasantville,Iowa,Marion County,US
42.73553,-94.66915,Pocahontas,Iowa,Pocahontas County,US
41.77138,-93.713,Polk City,Iowa,Polk County,US
43.0847,-91.5682,Postville,Iowa,Allamakee County,US
41.59943,-93.23521,Prairie City,Iowa,Jasper County,US
42.0503,-90.41402,Preston,Iowa,Jackson County,US
43.08692,-95.62723,Primghar,Iowa,O'Brien County,US
41.00972,-95.22555,Red Oak,Iowa,Montgomery County,US
42.3236,-92.59936,Reinbeck,Iowa,Grundy County,US
42.81471,-95.97335,Remsen,Iowa,Plymouth County,US
42.07111,-91.66684,Robins,Iowa,Linn County,US
43.42719,-96.17586,Rock Rapids,Iowa,Lyon County,US
43.20526,-96.29503,Rock Valley,Iowa,Sioux County,US
42.98524,-93.19187,Rockwell,Iowa,Cerro Gordo County,US
42.39526,-94.63387,Rockwell City,Iowa,Calhoun County,US
42.16637,-93.50188,Roland,Iowa,Story County,US
42.4222,-94.98971,Sac City,Iowa,Sac County,US
43.3783,-92.91881,Saint Ansgar,Iowa,Mitchell County,US
43.18164,-95.65557,Sanborn,Iowa,O'Brien County,US
41.6786,-93.62966,Saylorville,Iowa,Polk County,US
42.40388,-96.35864,Sergeant Bluff,Iowa,Woodbury County,US
42.8933,-93.2152,Sheffield,Iowa,Franklin County,US
43.18109,-95.85613,Sheldon,Iowa,O'Brien County,US
42.71026,-92.58297,Shell Rock,Iowa,Butler County,US
40.76555,-95.37221,Shenandoah,Iowa,Page County,US
40.74833,-95.6475,Sidney,Iowa,Fremont County,US
43.39914,-95.75196,Sibley,Iowa,Osceola County,US
41.33334,-92.20463,Sigourney,Iowa,Keokuk County,US
43.07971,-96.17558,Sioux Center,Iowa,Sioux County,US
42.49999,-96.40031,Sioux City,Iowa,Woodbury County,US
41.87776,-93.67855,Slater,Iowa,Story County,US
41.80723,-91.49406,Solon,Iowa,Johnson County,US
43.14136,-95.14444,Spencer,Iowa,Clay County,US
43.42218,-95.10222,Spirit Lake,Iowa,Dickinson County,US
42.05945,-91.44267,Springville,Iowa,Linn County,US
42.01665,-93.16354,State Center,Iowa,Marshall County,US
42.64109,-95.20972,Storm Lake,Iowa,Buena Vista County,US
42.18721,-93.59577,Story City,Iowa,Story County,US
42.6836,-91.53403,Strawberry Point,Iowa,Clayton County,US
41.50332,-94.31857,Stuart,Iowa,Guthrie County,US
42.84748,-92.09156,Sumner,Iowa,Bremer County,US
40.89833,-95.67139,Tabor,Iowa,Fremont County,US
41.96666,-92.57686,Tama,Iowa,Tama County,US
41.70585,-91.66295,Tiffin,Iowa,Johnson County,US
41.76974,-91.12793,Tipton,Iowa,Cedar County,US
41.99555,-92.57686,Toledo,Iowa,Tama County,US
42.1936,-92.46547,Traer,Iowa,Tama County,US
42.80804,-92.25823,Tripoli,Iowa,Bremer County,US
41.65502,-91.55684,University Heights,Iowa,Johnson County,US
42.22416,-91.87434,Urbana,Iowa,Benton County,US
41.62666,-93.71217,Urbandale,Iowa,Polk County,US
41.53193,-93.95412,Van Meter,Iowa,Dallas County,US
40.92971,-94.97609,Villisca,Iowa,Montgomery County,US
42.16861,-92.02351,Vinton,Iowa,Benton County,US
41.58475,-90.77209,Walcott,Iowa,Scott County,US
41.87834,-91.83462,Walford,Iowa,Benton County,US
41.18142,-91.18543,Wapello,Iowa,Louisa County,US
41.29918,-91.69294,Washington,Iowa,Washington County,US
42.49276,-92.34296,Waterloo,Iowa,Black Hawk County,US
41.61166,-93.88523,Waukee,Iowa,Dallas County,US
43.26942,-91.4757,Waukon,Iowa,Allamakee County,US
42.72581,-92.47546,Waverly,Iowa,Bremer County,US
42.46942,-93.81605,Webster City,Iowa,Hamilton County,US
41.46418,-91.83823,Wellman,Iowa,Washington County,US
41.67141,-91.34655,West Branch,Iowa,Cedar County,US
40.82504,-91.15654,West Burlington,Iowa,Des Moines County,US
41.57721,-93.71133,West Des Moines,Iowa,Polk County,US
41.57002,-91.26377,West Liberty,Iowa,Muscatine County,US
42.96276,-91.80822,West Union,Iowa,Fayette County,US
41.66112,-92.00907,Williamsburg,Iowa,Iowa County,US
41.58892,-91.01682,Wilton,Iowa,Muscatine County,US
41.59777,-93.70828,Windsor Heights,Iowa,Polk County,US
41.12308,-91.44127,Winfield,Iowa,Henry County,US
41.33082,-94.01384,Winterset,Iowa,Madison County,US
41.73832,-95.70278,Woodbine,Iowa,Harrison County,US
41.85693,-93.9219,Woodward,Iowa,Dallas County,US
40.80448,-90.4018,Abingdon,Illinois,Knox County,US
41.9317,-87.98896,Addison,Illinois,DuPage County,US
41.19976,-90.74931,Aledo,Illinois,Mercer County,US
42.16558,-88.29425,Algonquin,Illinois,McHenry County,US
41.66892,-87.73866,Alsip,Illinois,Cook County,US
41.7142,-89.32871,Amboy,Illinois,Lee County,US
41.4392,-90.71764,Andalusia,Illinois,Rock Island County,US
42.47724,-88.09564,Antioch,Illinois,Lake County,US
42.08836,-87.98063,Arlington Heights,Illinois,Cook County,US
40.22754,-90.35957,Astoria,Illinois,Fulton County,US
40.25948,-89.23342,Atlanta,Illinois,Logan County,US
41.76058,-88.32007,Aurora,Illinois,Kane County,US
42.19336,-87.86646,Bannockburn,Illinois,Lake County,US
42.15391,-88.13619,Barrington,Illinois,Cook County,US
42.14475,-88.15563,Barrington Hills,Illinois,Cook County,US
41.99503,-88.18563,Bartlett,Illinois,Cook County,US
40.65032,-89.65205,Bartonville,Illinois,Peoria County,US
41.85003,-88.31257,Batavia,Illinois,Kane County,US
42.42224,-87.8573,Beach Park,Illinois,Lake County,US
40.01755,-90.42429,Beardstown,Illinois,Cass County,US
41.34059,-87.62143,Beecher,Illinois,Will County,US
40.68448,-89.6801,Bellevue,Illinois,Peoria County,US
41.88142,-87.88312,Bellwood,Illinois,Cook County,US
42.26391,-88.84427,Belvidere,Illinois,Boone County,US
41.95503,-87.94007,Bensenville,Illinois,DuPage County,US
41.88892,-87.9034,Berkeley,Illinois,Cook County,US
41.85059,-87.79367,Berwyn,Illinois,Cook County,US
41.76392,-88.54702,Big Rock,Illinois,Kane County,US
41.95753,-88.0809,Bloomingdale,Illinois,DuPage County,US
40.4842,-88.99369,Bloomington,Illinois,McLean County,US
41.65726,-87.68005,Blue Island,Illinois,Cook County,US
41.69864,-88.0684,Bolingbrook,Illinois,Will County,US
41.71253,-88.33618,Boulder Hill,Illinois,Kendall County,US
41.1417,-87.87504,Bourbonnais,Illinois,Kankakee County,US
41.14198,-87.86115,Bradley,Illinois,Kankakee County,US
41.26503,-88.21228,Braidwood,Illinois,Will County,US
41.75003,-87.80422,Bridgeview,Illinois,Cook County,US
41.86392,-87.85339,Broadview,Illinois,Cook County,US
41.82392,-87.85173,Brookfield,Illinois,Cook County,US
42.15141,-87.95979,Buffalo Grove,Illinois,Cook County,US
42.32058,-88.35509,Bull Valley,Illinois,McHenry County,US
41.73392,-87.7795,Burbank,Illinois,Cook County,US
41.63892,-87.55671,Burnham,Illinois,Cook County,US
41.74892,-87.91839,Burr Ridge,Illinois,DuPage County,US
40.55282,-90.50624,Bushnell,Illinois,McDonough County,US
42.12697,-89.25566,Byron,Illinois,Ogle County,US
41.61559,-87.52949,Calumet City,Illinois,Cook County,US
41.66281,-87.6606,Calumet Park,Illinois,Cook County,US
41.30365,-90.1929,Cambridge,Illinois,Henry County,US
40.03921,-91.0693,Camp Point,Illinois,Adams County,US
42.39974,-88.74038,Capron,Illinois,Boone County,US
41.49476,-90.39068,Carbon Cliff,Illinois,Rock Island County,US
41.91253,-88.13479,Carol Stream,Illinois,DuPage County,US
42.12114,-88.25786,Carpentersville,Illinois,Kane County,US
40.41643,-91.13625,Carthage,Illinois,Hancock County,US
41.91892,-89.31371,Carthage,Illinois,Ogle County,US
42.21197,-88.23814,Cary,Illinois,McHenry County,US
40.06504,-87.70197,Catlin,Illinois,Vermilion County,US
41.23781,-88.28173,Central City,Illinois,Grundy County,US
40.11642,-88.24338,Champaign,Illinois,Champaign County,US
41.42948,-88.22867,Channahon,Illinois,Will County,US
42.47863,-88.13759,Channel Lake,Illinois,Lake County,US
40.75365,-88.29199,Chatsworth,Illinois,Livingston County,US
41.00309,-87.9081,Chebanse,Illinois,Kankakee County,US
40.7417,-88.71979,Chenoa,Illinois,McLean County,US
42.23474,-88.94899,Cherry Valley,Illinois,Winnebago County,US
41.85003,-87.65005,Chicago,Illinois,Cook County,US
41.50615,-87.6356,Chicago Heights,Illinois,Cook County,US
41.70142,-87.77922,Chicago Ridge,Illinois,Cook County,US
40.92226,-89.4862,Chillicothe,Illinois,Peoria County,US
41.84559,-87.75394,Cicero,Illinois,Cook County,US
41.79753,-87.95478,Clarendon Hills,Illinois,DuPage County,US
40.93531,-87.93449,Clifton,Illinois,Iroquois County,US
40.15365,-88.96453,Clinton,Illinois,De Witt County,US
41.28781,-88.28562,Coal City,Illinois,Grundy County,US
41.42865,-90.46096,Coal Valley,Illinois,Rock Island County,US
40.42643,-90.79263,Colchester,Illinois,McDonough County,US
40.56698,-88.61645,Colfax,Illinois,McLean County,US
41.48392,-90.35318,Colona,Illinois,Henry County,US
41.92003,-88.6887,Cortland,Illinois,DeKalb County,US
41.56809,-87.72033,Country Club Hills,Illinois,Cook County,US
41.78281,-87.87811,Countryside,Illinois,Cook County,US
41.55475,-88.09867,Crest Hill,Illinois,Will County,US
41.66114,-87.75255,Crestwood,Illinois,Cook County,US
41.44448,-87.63143,Crete,Illinois,Will County,US
40.64726,-89.59121,Creve Coeur,Illinois,Tazewell County,US
42.24113,-88.3162,Crystal Lake,Illinois,McHenry County,US
41.57031,-88.15812,Crystal Lawns,Illinois,Will County,US
40.49282,-90.19068,Cuba,Illinois,Fulton County,US
42.18391,-88.19091,Cuba,Illinois,Lake County,US
40.52948,-89.17731,Danvers,Illinois,McLean County,US
40.12448,-87.63002,Danville,Illinois,Vermilion County,US
41.75198,-87.97395,Darien,Illinois,DuPage County,US
42.10169,-89.09316,Davis Junction,Illinois,Ogle County,US
41.92947,-88.75036,DeKalb,Illinois,DeKalb County,US
42.16086,-88.08147,Deer Park,Illinois,Lake County,US
42.17114,-87.84451,Deerfield,Illinois,Lake County,US
40.37254,-89.54732,Delavan,Illinois,Tazewell County,US
41.3242,-89.30675,Depue,Illinois,Bureau County,US
42.03336,-87.8834,Des Plaines,Illinois,Cook County,US
41.28864,-88.25173,Diamond,Illinois,Grundy County,US
41.6317,-87.66088,Dixmoor,Illinois,Cook County,US
41.83892,-89.47955,Dixon,Illinois,Lee County,US
41.63892,-87.60727,Dolton,Illinois,Cook County,US
41.80892,-88.01117,Downers Grove,Illinois,DuPage County,US
40.39698,-88.87063,Downs,Illinois,McLean County,US
40.8617,-89.67871,Dunlap,Illinois,Peoria County,US
42.4364,-89.33206,Durand,Illinois,Winnebago County,US
41.09448,-88.42506,Dwight,Illinois,Livingston County,US
41.58948,-88.92203,Earlville,Illinois,LaSalle County,US
42.09891,-88.27147,East Dundee,Illinois,Kane County,US
42.49223,-90.64291,East Dubuque,Illinois,Jo Daviess County,US
41.57365,-87.64643,East Hazel Crest,Illinois,Cook County,US
41.50087,-90.4443,East Moline,Illinois,Rock Island County,US
40.66615,-89.5801,East Peoria,Illinois,Tazewell County,US
40.7392,-89.01646,El Paso,Illinois,Woodford County,US
41.89225,-88.4723,Elburn,Illinois,Kane County,US
42.03725,-88.28119,Elgin,Illinois,Kane County,US
42.00392,-87.97035,Elk Grove Village,Illinois,Cook County,US
41.89947,-87.94034,Elmhurst,Illinois,DuPage County,US
40.77782,-89.9665,Elmwood,Illinois,Peoria County,US
41.92114,-87.80923,Elmwood Park,Illinois,Cook County,US
41.40392,-88.11172,Elwood,Illinois,Will County,US
41.65642,-90.07929,Erie,Illinois,Whiteside County,US
40.72143,-89.27286,Eureka,Illinois,Woodford County,US
42.04114,-87.69006,Evanston,Illinois,Cook County,US
41.72059,-87.70172,Evergreen Park,Illinois,Cook County,US
40.74726,-88.51478,Fairbury,Illinois,Livingston County,US
42.21919,-88.06147,Fairfield,Illinois,Lake County,US
41.55614,-88.05923,Fairmont,Illinois,Will County,US
40.24337,-88.64257,Farmer City,Illinois,De Witt County,US
40.69809,-90.00595,Farmington,Illinois,Fulton County,US
41.94475,-88.31591,Farmington,Illinois,Kane County,US
40.31476,-88.35005,Fisher,Illinois,Champaign County,US
40.87809,-88.86118,Flanagan,Illinois,Livingston County,US
41.54281,-87.68477,Flossmoor,Illinois,Cook County,US
41.50642,-87.59171,Ford Heights,Illinois,Cook County,US
42.20752,-88.05563,Forest Lake,Illinois,Lake County,US
41.87948,-87.81367,Forest Park,Illinois,Cook County,US
40.75198,-88.41116,Forrest,Illinois,Livingston County,US
42.12614,-89.57928,Forreston,Illinois,Ogle County,US
42.39669,-88.1837,Fox Lake,Illinois,Lake County,US
42.40808,-88.13175,Fox Lake Hills,Illinois,Lake County,US
42.20086,-88.21453,Fox River Grove,Illinois,McHenry County,US
41.49587,-87.84866,Frankfort,Illinois,Will County,US
41.51892,-87.8031,Frankfort Square,Illinois,Will County,US
41.8417,-89.30038,Franklin Grove,Illinois,Lee County,US
41.93531,-87.86562,Franklin Park,Illinois,Cook County,US
42.29669,-89.62123,Freeport,Illinois,Stephenson County,US
41.86725,-90.15957,Fulton,Illinois,Whiteside County,US
42.35169,-87.98258,Gages Lake,Illinois,Lake County,US
42.41667,-90.42902,Galena,Illinois,Jo Daviess County,US
40.94782,-90.37124,Galesburg,Illinois,Knox County,US
41.16754,-90.04261,Galva,Illinois,Henry County,US
41.18559,-88.30978,Gardner,Illinois,Grundy County,US
41.44809,-90.15428,Geneseo,Illinois,Henry County,US
41.88753,-88.30535,Geneva,Illinois,Kane County,US
42.09725,-88.69287,Genoa,Illinois,DeKalb County,US
42.13975,-89.82873,Georgetown,Illinois,Carroll County,US
40.76643,-89.46787,Germantown Hills,Illinois,Woodford County,US
40.45843,-88.3846,Gibson City,Illinois,Ford County,US
42.10336,-88.37286,Gilberts,Illinois,Kane County,US
40.7667,-87.99226,Gilman,Illinois,Iroquois County,US
40.57254,-89.81344,Glasford,Illinois,Peoria County,US
41.87753,-88.06701,Glen Ellyn,Illinois,DuPage County,US
42.06975,-87.78784,Glenview,Illinois,Cook County,US
41.54253,-87.60227,Glenwood,Illinois,Cook County,US
41.6292,-87.93089,Goodings Grove,Illinois,Will County,US
42.13503,-87.75812,Glencoe,Illinois,Cook County,US
42.39308,-87.98674,Grandwood Park,Illinois,Lake County,US
41.24114,-87.64615,Grant Park,Illinois,Kankakee County,US
41.26115,-89.22759,Granville,Illinois,Putnam County,US
42.34447,-88.04175,Grayslake,Illinois,Lake County,US
42.29002,-87.90341,Green Oaks,Illinois,Lake County,US
41.47309,-90.35763,Green Rock,Illinois,Henry County,US
40.74337,-88.88146,Gridley,Illinois,McLean County,US
42.3703,-87.90202,Gurnee,Illinois,Lake County,US
42.34502,-88.06786,Hainesville,Illinois,Lake County,US
40.39643,-91.33904,Hamilton,Illinois,Hancock County,US
42.0978,-88.53036,Hampshire,Illinois,Kane County,US
41.55587,-90.4093,Hampton,Illinois,Rock Island County,US
40.6917,-89.79511,Hanna City,Illinois,Peoria County,US
41.99947,-88.14507,Hanover Park,Illinois,DuPage County,US
42.42224,-88.61371,Harvard,Illinois,McHenry County,US
41.61003,-87.64671,Harvey,Illinois,Cook County,US
41.96725,-87.80756,Harwood Heights,Illinois,Cook County,US
40.30004,-90.06095,Havana,Illinois,Mason County,US
42.21697,-88.04952,Hawthorn Woods,Illinois,Lake County,US
41.5717,-87.69449,Hazel Crest,Illinois,Cook County,US
42.47169,-88.43232,Hebron,Illinois,McHenry County,US
41.2542,-89.34231,Hennepin,Illinois,Putnam County,US
41.11142,-89.35648,Henry,Illinois,Marshall County,US
41.0492,-88.09783,Herscher,Illinois,Kankakee County,US
40.31337,-88.97369,Heyworth,Illinois,McLean County,US
41.72559,-87.82506,Hickory Hills,Illinois,Cook County,US
42.18169,-87.80034,Highland Park,Illinois,Lake County,US
42.19975,-87.80923,Highwood,Illinois,Lake County,US
41.95114,-89.06454,Hillcrest,Illinois,Ogle County,US
41.87781,-87.90284,Hillside,Illinois,Cook County,US
41.76892,-88.64091,Hinckley,Illinois,DeKalb County,US
41.80086,-87.93701,Hinsdale,Illinois,DuPage County,US
41.76892,-87.85783,Hodgkins,Illinois,Cook County,US
42.04281,-88.0798,Hoffman Estates,Illinois,Cook County,US
40.03476,-87.95809,Homer,Illinois,Champaign County,US
41.60003,-87.93811,Homer Glen,Illinois,Will County,US
41.73448,-87.73144,Hometown,Illinois,Cook County,US
41.55726,-87.6656,Homewood,Illinois,Cook County,US
40.46726,-87.66836,Hoopeston,Illinois,Vermilion County,US
40.60587,-88.9873,Hudson,Illinois,McLean County,US
42.16808,-88.42814,Huntley,Illinois,McHenry County,US
41.77031,-87.90228,Indian Head Park,Illinois,Cook County,US
41.52253,-88.04283,Ingalls Park,Illinois,Will County,US
42.11808,-88.09619,Inverness,Illinois,Cook County,US
42.27613,-88.19203,Island Lake,Illinois,Lake County,US
41.97503,-88.00729,Itasca,Illinois,DuPage County,US
42.38002,-88.24203,Johnsburg,Illinois,McHenry County,US
41.52519,-88.0834,Joliet,Illinois,Will County,US
41.74448,-87.83783,Justice,Illinois,Cook County,US
41.12003,-87.86115,Kankakee,Illinois,Kankakee County,US
42.08586,-87.71756,Kenilworth,Illinois,Cook County,US
41.24559,-89.92483,Kewanee,Illinois,Henry County,US
42.17058,-88.04785,Kildeer,Illinois,Lake County,US
42.09975,-88.75898,Kingston,Illinois,DeKalb County,US
42.09253,-88.85121,Kirkland,Illinois,DeKalb County,US
42.28613,-87.88563,Knollwood,Illinois,Lake County,US
42.19586,-88.11508,Knollwood,Illinois,Lake County,US
40.90837,-90.28485,Knoxville,Illinois,Knox County,US
41.80503,-87.86923,La Grange,Illinois,Cook County,US
41.83475,-87.86173,La Grange Park,Illinois,Cook County,US
40.58337,-90.96931,La Harpe,Illinois,Hancock County,US
41.33337,-89.09175,La Salle,Illinois,LaSalle County,US
41.02476,-89.4112,Lacon,Illinois,Marshall County,US
41.38253,-89.21897,Ladd,Illinois,Bureau County,US
42.21252,-88.15258,Lake Barrington,Illinois,Lake County,US
42.27891,-87.83424,Lake Bluff,Illinois,Lake County,US
42.47919,-88.13342,Lake Catherine,Illinois,Lake County,US
42.25863,-87.84063,Lake Forest,Illinois,Lake County,US
42.45446,-89.38956,Lake Summerset,Illinois,Winnebago County,US
42.41697,-88.07397,Lake Villa,Illinois,Lake County,US
42.19697,-88.09341,Lake Zurich,Illinois,Lake County,US
42.18169,-88.33036,Lake in the Hills,Illinois,McHenry County,US
40.20642,-88.36867,Lake of the Woods,Illinois,Champaign County,US
42.32863,-88.19897,Lakemoor,Illinois,McHenry County,US
42.22919,-88.35509,Lakewood,Illinois,McHenry County,US
41.2817,-88.14478,Lakewood Shores,Illinois,Will County,US
42.10225,-89.83345,Lanark,Illinois,Carroll County,US
41.56476,-87.53893,Lansing,Illinois,Cook County,US
40.35198,-88.76424,Le Roy,Illinois,McLean County,US
41.67364,-88.00173,Lemont,Illinois,Cook County,US
40.3931,-90.15484,Lewistown,Illinois,Fulton County,US
40.64142,-88.7834,Lexington,Illinois,McLean County,US
42.28308,-87.95313,Libertyville,Illinois,Lake County,US
40.14838,-89.36482,Lincoln,Illinois,Logan County,US
42.19002,-87.9084,Lincolnshire,Illinois,Lake County,US
42.00448,-87.73006,Lincolnwood,Illinois,Cook County,US
42.41058,-88.02619,Lindenhurst,Illinois,Lake County,US
41.80114,-88.07479,Lisle,Illinois,DuPage County,US
41.58948,-88.05784,Lockport,Illinois,Will County,US
41.88003,-88.00784,Lombard,Illinois,DuPage County,US
42.17836,-87.99785,Long Grove,Illinois,Lake County,US
42.37085,-88.12758,Long Lake,Illinois,Lake County,US
42.32002,-89.05816,Loves Park,Illinois,Winnebago County,US
41.52642,-87.53865,Lynwood,Illinois,Cook County,US
41.68364,-88.39368,Lynwood,Illinois,Kendall County,US
41.81337,-87.81811,Lyons,Illinois,Cook County,US
42.34724,-89.039,Machesney Park,Illinois,Winnebago County,US
40.53698,-89.35759,Mackinaw,Illinois,Tazewell County,US
40.45921,-90.6718,Macomb,Illinois,McDonough County,US
40.19531,-88.40422,Mahomet,Illinois,Champaign County,US
41.92975,-88.86092,Malta,Illinois,DeKalb County,US
41.42253,-87.98589,Manhattan,Illinois,Will County,US
40.42587,-89.77928,Manito,Illinois,Mason County,US
41.25059,-87.83143,Manteno,Illinois,Kankakee County,US
41.90753,-88.59925,Maple Park,Illinois,Kane County,US
42.24863,-88.60843,Marengo,Illinois,McHenry County,US
41.59365,-87.69477,Markham,Illinois,Cook County,US
40.03643,-88.95703,Maroa,Illinois,Macon County,US
40.61754,-89.60038,Marquette Heights,Illinois,Tazewell County,US
41.33087,-88.70813,Marseilles,Illinois,LaSalle County,US
40.20227,-89.69816,Mason City,Illinois,Mason County,US
41.50392,-87.7131,Matteson,Illinois,Cook County,US
41.8792,-87.84312,Maywood,Illinois,Cook County,US
41.24142,-88.41951,Mazon,Illinois,Grundy County,US
42.36835,-88.29259,McCullom Lake,Illinois,McHenry County,US
42.33335,-88.26675,McHenry,Illinois,McHenry County,US
41.90059,-87.85673,Melrose Park,Illinois,Cook County,US
41.54725,-89.11759,Mendota,Illinois,LaSalle County,US
41.6842,-87.70033,Merrionette Park,Illinois,Cook County,US
40.79059,-89.36064,Metamora,Illinois,Woodford County,US
41.62531,-87.71755,Midlothian,Illinois,Cook County,US
41.45309,-90.57208,Milan,Illinois,Rock Island County,US
40.62837,-87.69614,Milford,Illinois,Iroquois County,US
41.96336,-89.77456,Milledgeville,Illinois,Carroll County,US
40.43365,-89.31315,Minier,Illinois,Tazewell County,US
40.90448,-89.03452,Minonk,Illinois,Woodford County,US
41.45531,-88.26173,Minooka,Illinois,Grundy County,US
41.52614,-87.88922,Mokena,Illinois,Will County,US
41.5067,-90.51513,Moline,Illinois,Rock Island County,US
41.1667,-87.66281,Momence,Illinois,Kankakee County,US
41.42003,-87.74171,Monee,Illinois,Will County,US
40.91143,-90.64736,Monmouth,Illinois,Warren County,US
41.73058,-88.3459,Montgomery,Illinois,Kane County,US
40.02781,-88.5734,Monticello,Illinois,Piatt County,US
41.35725,-88.42118,Morris,Illinois,Grundy County,US
41.80975,-89.96512,Morrison,Illinois,Whiteside County,US
40.61282,-89.45926,Morton,Illinois,Tazewell County,US
42.04059,-87.78256,Morton Grove,Illinois,Cook County,US
42.09502,-89.97818,Mount Carroll,Illinois,Carroll County,US
42.05031,-89.43122,Mount Morris,Illinois,Ogle County,US
42.06642,-87.93729,Mount Prospect,Illinois,Cook County,US
40.01088,-89.28231,Mount Pulaski,Illinois,Logan County,US
42.26308,-88.00397,Mundelein,Illinois,Lake County,US
41.78586,-88.14729,Naperville,Illinois,DuPage County,US
40.55004,-91.38487,Nauvoo,Illinois,Hancock County,US
41.51198,-87.96561,New Lenox,Illinois,Will County,US
42.01892,-87.80284,Niles,Illinois,Cook County,US
40.5142,-88.99063,Normal,Illinois,McLean County,US
41.96336,-87.82728,Norridge,Illinois,Cook County,US
41.80614,-88.3273,North Aurora,Illinois,Kane County,US
42.2078,-88.14063,North Barrington,Illinois,Lake County,US
42.32558,-87.84118,North Chicago,Illinois,Lake County,US
40.61504,-89.62232,North Pekin,Illinois,Tazewell County,US
40.71754,-89.58426,North Peoria,Illinois,Peoria County,US
41.84281,-87.82311,North Riverside,Illinois,Cook County,US
42.12753,-87.82895,Northbrook,Illinois,Cook County,US
42.09975,-87.7809,Northfield,Illinois,Cook County,US
41.91725,-87.89562,Northlake,Illinois,Cook County,US
41.83281,-87.92895,Oak Brook,Illinois,DuPage County,US
41.60281,-87.74394,Oak Forest,Illinois,Cook County,US
41.71087,-87.75811,Oak Lawn,Illinois,Cook County,US
41.88503,-87.7845,Oak Park,Illinois,Cook County,US
41.85003,-87.96451,Oakbrook Terrace,Illinois,DuPage County,US
40.11615,-87.77836,Oakwood,Illinois,Vermilion County,US
42.24641,-88.24286,Oakwood Hills,Illinois,McHenry County,US
41.00364,-88.52534,Odell,Illinois,Livingston County,US
41.29531,-89.05953,Oglesby,Illinois,LaSalle County,US
41.51337,-87.67421,Olympia Fields,Illinois,Cook County,US
40.71504,-88.00615,Onarga,Illinois,Iroquois County,US
40.93198,-90.94709,Oquawka,Illinois,Henderson County,US
42.01475,-89.33233,Oregon,Illinois,Ogle County,US
41.35476,-90.38152,Orion,Illinois,Henry County,US
41.58531,-87.84311,Orland Hills,Illinois,Cook County,US
41.63031,-87.85394,Orland Park,Illinois,Cook County,US
41.68281,-88.35146,Oswego,Illinois,Kendall County,US
41.34559,-88.84258,Ottawa,Illinois,LaSalle County,US
42.1103,-88.03424,Palatine,Illinois,Cook County,US
41.66809,-87.79644,Palos Heights,Illinois,Cook County,US
41.6967,-87.817,Palos Hills,Illinois,Cook County,US
41.66725,-87.83033,Palos Park,Illinois,Cook County,US
42.34836,-87.88424,Park City,Illinois,Lake County,US
41.49142,-87.67449,Park Forest,Illinois,Cook County,US
42.01114,-87.84062,Park Ridge,Illinois,Cook County,US
40.46031,-88.09532,Paxton,Illinois,Ford County,US
42.31391,-89.35928,Pecatonica,Illinois,Winnebago County,US
40.56754,-89.64066,Pekin,Illinois,Tazewell County,US
40.69365,-89.58899,Peoria,Illinois,Peoria County,US
40.74726,-89.57398,Peoria Heights,Illinois,Peoria County,US
41.33226,-87.78532,Peotone,Illinois,Will County,US
41.32753,-89.12897,Peru,Illinois,LaSalle County,US
40.01172,-89.84817,Petersburg,Illinois,Menard County,US
40.00698,-88.1581,Philo,Illinois,Champaign County,US
41.61115,-87.63477,Phoenix,Illinois,Cook County,US
42.06864,-88.41342,Pingree Grove,Illinois,Kane County,US
42.40863,-88.20648,Pistakee Highlands,Illinois,McHenry County,US
41.62697,-88.20395,Plainfield,Illinois,Will County,US
41.66281,-88.53702,Plano,Illinois,Kendall County,US
41.98614,-89.57928,Polo,Illinois,Ogle County,US
40.88087,-88.62978,Pontiac,Illinois,Livingston County,US
42.36835,-88.82205,Poplar Grove,Illinois,Boone County,US
42.24252,-88.20203,Port Barrington,Illinois,McHenry County,US
41.60642,-90.33541,Port Byron,Illinois,Rock Island County,US
41.6317,-87.68144,Posen,Illinois,Cook County,US
42.27863,-88.26092,Prairie Grove,Illinois,McHenry County,US
41.4917,-88.08172,Preston Heights,Illinois,Will County,US
41.36809,-89.46481,Princeton,Illinois,Bureau County,US
40.92976,-89.7576,Princeville,Illinois,Peoria County,US
41.67142,-89.93622,Prophetstown,Illinois,Whiteside County,US
42.0953,-87.93757,Prospect Heights,Illinois,Cook County,US
40.30837,-88.15588,Rantoul,Illinois,Champaign County,US
42.47585,-88.30593,Richmond,Illinois,McHenry County,US
40.36087,-89.36898,Richmond,Illinois,Tazewell County,US
41.48448,-87.70338,Richton Park,Illinois,Cook County,US
41.89781,-87.81395,River Forest,Illinois,Cook County,US
41.92586,-87.83589,River Grove,Illinois,Cook County,US
41.63337,-87.6331,Riverdale,Illinois,Cook County,US
41.83503,-87.82284,Riverside,Illinois,Cook County,US
42.16753,-87.89701,Riverwoods,Illinois,Lake County,US
40.79615,-89.1973,Roanoke,Illinois,Woodford County,US
41.64392,-87.70366,Robbins,Illinois,Cook County,US
41.92392,-89.06871,Rochelle,Illinois,Ogle County,US
41.77975,-89.689,Rock Falls,Illinois,Whiteside County,US
41.50948,-90.57875,Rock Island,Illinois,Rock Island County,US
41.50614,-88.1145,Rockdale,Illinois,Will County,US
42.27113,-89.094,Rockford,Illinois,Winnebago County,US
42.45252,-89.07233,Rockton,Illinois,Winnebago County,US
42.08419,-88.01313,Rolling Meadows,Illinois,Cook County,US
40.88309,-89.50259,Rome,Illinois,Peoria County,US
41.64753,-88.08951,Romeoville,Illinois,Will County,US
42.41335,-89.00927,Roscoe,Illinois,Winnebago County,US
41.98475,-88.07979,Roselle,Illinois,DuPage County,US
41.99531,-87.88451,Rosemont,Illinois,Cook County,US
40.3792,-87.66863,Rossville,Illinois,Vermilion County,US
42.35336,-88.09341,Round Lake,Illinois,Lake County,US
42.37169,-88.09008,Round Lake Beach,Illinois,Lake County,US
42.38002,-88.10425,Round Lake Heights,Illinois,Lake County,US
42.35697,-88.07675,Round Lake Park,Illinois,Lake County,US
40.12116,-90.56318,Rushville,Illinois,Schuyler County,US
41.02503,-87.71392,Saint Anne,Illinois,Kankakee County,US
41.91419,-88.30869,Saint Charles,Illinois,Kane County,US
40.1117,-88.0417,Saint Joseph,Illinois,Champaign County,US
41.64586,-88.62174,Sandwich,Illinois,DeKalb County,US
41.48837,-87.56754,Sauk Village,Illinois,Cook County,US
42.09447,-90.15679,Savanna,Illinois,Carroll County,US
40.05475,-88.25172,Savoy,Illinois,Champaign County,US
42.03336,-88.08341,Schaumburg,Illinois,Cook County,US
41.95586,-87.8709,Schiller Park,Illinois,Cook County,US
41.31114,-88.60979,Seneca,Illinois,LaSalle County,US
40.7692,-87.56392,Sheldon,Illinois,Iroquois County,US
41.53003,-88.6798,Sheridan,Illinois,LaSalle County,US
41.52003,-88.20173,Shorewood,Illinois,Will County,US
40.02503,-88.07337,Sidney,Illinois,Champaign County,US
41.51226,-90.41513,Silvis,Illinois,Rock Island County,US
42.03336,-87.73339,Skokie,Illinois,Cook County,US
42.09419,-88.30258,Sleepy Hollow,Illinois,Kane County,US
41.63364,-88.68119,Somonauk,Illinois,DeKalb County,US
42.09142,-88.12174,South Barrington,Illinois,Cook County,US
42.49307,-89.03678,South Beloit,Illinois,Winnebago County,US
41.48087,-87.63782,South Chicago Heights,Illinois,Cook County,US
41.99419,-88.2923,South Elgin,Illinois,Kane County,US
41.60087,-87.60699,South Holland,Illinois,Cook County,US
40.49448,-89.65177,South Pekin,Illinois,Tazewell County,US
42.44363,-88.23648,Spring Grove,Illinois,McHenry County,US
41.32754,-89.19981,Spring Valley,Illinois,Bureau County,US
41.47003,-87.63643,Steger,Illinois,Cook County,US
41.78864,-89.69622,Sterling,Illinois,Whiteside County,US
41.82142,-87.78283,Stickney,Illinois,Cook County,US
42.10725,-89.17927,Stillman Valley,Illinois,Ogle County,US
42.34974,-90.00679,Stockton,Illinois,Jo Daviess County,US
41.90559,-87.88367,Stone Park,Illinois,Cook County,US
42.02558,-88.17841,Streamwood,Illinois,Cook County,US
41.12087,-88.83535,Streator,Illinois,LaSalle County,US
41.76142,-88.44369,Sugar Grove,Illinois,Kane County,US
41.78809,-87.81033,Summit,Illinois,Cook County,US
41.98892,-88.68675,Sycamore,Illinois,DeKalb County,US
42.37391,-88.01091,Third Lake,Illinois,Lake County,US
40.2417,-88.18421,Thomasboro,Illinois,Champaign County,US
41.56809,-87.6081,Thornton,Illinois,Cook County,US
40.09531,-87.64752,Tilton,Illinois,Vermilion County,US
41.57337,-87.78449,Tinley Park,Illinois,Cook County,US
41.00226,-89.13342,Toluca,Illinois,Marshall County,US
41.09365,-89.86483,Toulon,Illinois,Stark County,US
42.23197,-88.15202,Tower Lake,Illinois,Lake County,US
40.52754,-89.4926,Tremont,Illinois,Tazewell County,US
40.49337,-89.0798,Twin Grove,Illinois,McLean County,US
41.59226,-87.68533,University Park,Illinois,Cook County,US
40.11059,-88.20727,Urbana,Illinois,Champaign County,US
42.39863,-88.05258,Venetian Village,Illinois,Lake County,US
42.21947,-87.97952,Vernon Hills,Illinois,Lake County,US
41.88975,-87.98895,Villa Park,Illinois,DuPage County,US
42.32613,-88.16786,Volo,Illinois,Lake County,US
42.42863,-87.92397,Wadsworth,Illinois,Lake County,US
41.5567,-89.59343,Walnut,Illinois,Bureau County,US
42.4964,-89.98957,Warren,Illinois,Jo Daviess County,US
41.81781,-88.1734,Warrenville,Illinois,DuPage County,US
40.35921,-91.4346,Warsaw,Illinois,Hancock County,US
41.93808,-88.40452,Wasco,Illinois,Kane County,US
40.9192,-89.2912,Washburn,Illinois,Woodford County,US
40.70365,-89.40731,Washington,Illinois,Tazewell County,US
41.7717,-88.77369,Waterman,Illinois,DeKalb County,US
40.77615,-87.73642,Watseka,Illinois,Iroquois County,US
42.25891,-88.13925,Wauconda,Illinois,Lake County,US
42.36363,-87.84479,Waukegan,Illinois,Lake County,US
41.95086,-88.2423,Wayne,Illinois,DuPage County,US
41.05253,-89.05036,Wenona,Illinois,Marshall County,US
41.88475,-88.20396,West Chicago,Illinois,DuPage County,US
42.09808,-88.28286,West Dundee,Illinois,Kane County,US
40.69254,-89.62788,West Peoria,Illinois,Peoria County,US
41.85059,-87.882,Westchester,Illinois,Cook County,US
41.80975,-87.90062,Western Springs,Illinois,Cook County,US
41.79586,-87.97562,Westmont,Illinois,DuPage County,US
40.04226,-87.63863,Westville,Illinois,Vermilion County,US
41.86614,-88.10701,Wheaton,Illinois,DuPage County,US
42.13919,-87.92896,Wheeling,Illinois,Cook County,US
41.74087,-87.86033,Willow Springs,Illinois,Cook County,US
41.76975,-87.93589,Willowbrook,Illinois,DuPage County,US
41.45781,-87.53643,Willowbrook,Illinois,Will County,US
42.07225,-87.72284,Wilmette,Illinois,Cook County,US
41.30781,-88.14672,Wilmington,Illinois,Will County,US
41.8617,-88.1609,Winfield,Illinois,DuPage County,US
42.26613,-89.24122,Winnebago,Illinois,Winnebago County,US
42.10808,-87.7359,Winnetka,Illinois,Cook County,US
42.47891,-87.82368,Winthrop Harbor,Illinois,Lake County,US
42.3853,-88.34731,Wonder Lake,Illinois,McHenry County,US
41.96336,-87.97896,Wood Dale,Illinois,DuPage County,US
41.74697,-88.05034,Woodridge,Illinois,DuPage County,US
42.31474,-88.4487,Woodstock,Illinois,McHenry County,US
41.68975,-87.79728,Worth,Illinois,Cook County,US
41.0617,-89.77316,Wyoming,Illinois,Stark County,US
41.64114,-88.44729,Yorkville,Illinois,Kendall County,US
42.44613,-87.83285,Zion,Illinois,Lake County,US
41.43893,-87.11142,Aberdeen,Indiana,Porter County,US
41.03838,-86.02805,Akron,Indiana,Fulton County,US
40.30088,-85.24191,Albany,Indiana,Delaware County,US
41.3956,-85.42442,Albion,Indiana,Noble County,US
40.26282,-85.67581,Alexandria,Indiana,Madison County,US
40.10532,-85.68025,Anderson,Indiana,Madison County,US
40.86254,-85.60165,Andrews,Indiana,Huntington County,US
41.63477,-84.99941,Angola,Indiana,Steuben County,US
40.17587,-86.02165,Arcadia,Indiana,Hamilton County,US
41.2378,-86.21465,Argos,Indiana,Marshall County,US
40.2942,-87.2489,Attica,Indiana,Fountain County,US
41.36699,-85.05886,Auburn,Indiana,DeKalb County,US
41.36588,-85.23886,Avilla,Indiana,Noble County,US
41.20726,-86.60196,Bass Lake,Indiana,Starke County,US
40.50837,-86.84168,Battle Ground,Indiana,Tippecanoe County,US
40.65782,-84.95191,Berne,Indiana,Adams County,US
40.73866,-85.17164,Bluffton,Indiana,Wells County,US
41.2956,-86.11639,Bourbon,Indiana,Marshall County,US
41.44644,-86.14806,Bremen,Indiana,Marshall County,US
41.72144,-85.81749,Bristol,Indiana,Elkhart County,US
40.60281,-86.86723,Brookston,Indiana,White County,US
41.62587,-87.13337,Burns Harbor,Indiana,Porter County,US
41.42977,-84.87135,Butler,Indiana,DeKalb County,US
41.36476,-87.44115,Cedar Lake,Indiana,Lake County,US
40.11254,-85.59692,Chesterfield,Indiana,Madison County,US
41.61059,-87.0642,Chesterton,Indiana,Porter County,US
41.2306,-85.31942,Churubusco,Indiana,Whitley County,US
40.12393,-86.01332,Cicero,Indiana,Hamilton County,US
41.15727,-85.48831,Columbia City,Indiana,Whitley County,US
40.57754,-85.87332,Converse,Indiana,Miami County,US
40.1417,-87.39474,Covington,Indiana,Fountain County,US
40.04115,-86.87445,Crawfordsville,Indiana,Montgomery County,US
41.41698,-87.36531,Crown Point,Indiana,Lake County,US
41.21893,-86.42306,Culver,Indiana,Marshall County,US
40.01671,-86.4,Dale,Indiana,Boone County,US
40.12115,-85.55803,Daleville,Indiana,Delaware County,US
40.3742,-86.7689,Dayton,Indiana,Tippecanoe County,US
41.19504,-87.19864,DeMotte,Indiana,Jasper County,US
40.8306,-84.92913,Decatur,Indiana,Adams County,US
40.58754,-86.67501,Delphi,Indiana,Carroll County,US
40.75643,-86.39361,Dunkirk,Indiana,Cass County,US
40.37532,-85.20941,Dunkirk,Indiana,Jay County,US
41.4942,-87.52171,Dyer,Indiana,Lake County,US
41.63783,-85.92166,Dunlap,Indiana,Elkhart County,US
41.6392,-87.45476,East Chicago,Indiana,Lake County,US
40.34032,-85.3508,Eaton,Indiana,Delaware County,US
40.10337,-85.73414,Edgewood,Indiana,Madison County,US
41.68199,-85.97667,Elkhart,Indiana,Elkhart County,US
40.27698,-85.84192,Elwood,Indiana,Madison County,US
40.41532,-85.65053,Fairmount,Indiana,Grant County,US
40.18782,-85.12747,Farmland,Indiana,Randolph County,US
41.56671,-86.55196,Fish Lake,Indiana,LaPorte County,US
40.54726,-86.52444,Flora,Indiana,Carroll County,US
41.1306,-85.12886,Fort Wayne,Indiana,Allen County,US
40.6167,-87.32085,Fowler,Indiana,Benton County,US
40.27948,-86.51084,Frankfort,Indiana,Clinton County,US
41.73088,-84.93274,Fremont,Indiana,Steuben County,US
40.22282,-85.77887,Frankton,Indiana,Madison County,US
40.57893,-86.19027,Galveston,Indiana,Cass County,US
41.34949,-85.13553,Garrett,Indiana,DeKalb County,US
41.59337,-87.34643,Gary,Indiana,Lake County,US
40.48726,-85.61303,Gas City,Indiana,Grant County,US
40.59199,-84.95719,Geneva,Indiana,Adams County,US
40.7406,-86.50473,Georgetown,Indiana,Cass County,US
41.72949,-86.22834,Georgetown,Indiana,Saint Joseph County,US
40.76337,-87.29363,Goodland,Indiana,Newton County,US
41.58227,-85.83444,Goshen,Indiana,Elkhart County,US
41.21088,-84.96691,Grabill,Indiana,Allen County,US
41.75338,-86.11084,Granger,Indiana,Saint Joseph County,US
40.47809,-85.96665,Greentown,Indiana,Howard County,US
41.52837,-87.42365,Griffith,Indiana,Lake County,US
41.61338,-86.24528,Gulivoire Park,Indiana,Saint Joseph County,US
41.53366,-84.91274,Hamilton,Indiana,Steuben County,US
41.58337,-87.50004,Hammond,Indiana,Lake County,US
41.19616,-84.91969,Harlan,Indiana,Allen County,US
40.45115,-85.36997,Hartford City,Indiana,Blackford County,US
41.31865,-87.20031,Hebron,Indiana,Porter County,US
41.55365,-87.45198,Highland,Indiana,Lake County,US
41.53226,-87.25504,Hobart,Indiana,Lake County,US
41.71032,-86.53419,Hudson Lake,Indiana,LaPorte County,US
41.22838,-85.17247,Huntertown,Indiana,Allen County,US
40.8831,-85.49748,Huntington,Indiana,Huntington County,US
40.42726,-86.12555,Indian Heights,Indiana,Howard County,US
40.47976,-85.62775,Jonesboro,Indiana,Grant County,US
41.44144,-85.26498,Kendallville,Indiana,Noble County,US
40.77032,-87.4453,Kentland,Indiana,Newton County,US
41.4806,-86.69169,Kingsford Heights,Indiana,LaPorte County,US
40.48643,-86.1336,Kokomo,Indiana,Howard County,US
41.4181,-86.48585,Koontz Lake,Indiana,Starke County,US
41.31671,-87.02586,Kouts,Indiana,Porter County,US
41.29588,-86.62501,Knox,Indiana,Starke County,US
41.6106,-86.72252,LaPorte,Indiana,LaPorte County,US
40.4167,-86.87529,Lafayette,Indiana,Tippecanoe County,US
41.64172,-85.41665,Lagrange,Indiana,LaGrange County,US
41.33087,-87.39476,Lake Dalecarlia,Indiana,Lake County,US
41.57504,-87.23892,Lake Station,Indiana,Lake County,US
41.41032,-87.21309,Lakes of the Four Seasons,Indiana,Porter County,US
40.06837,-85.84831,Lapel,Indiana,Madison County,US
40.04837,-86.46917,Lebanon,Indiana,Boone County,US
41.21255,-85.01664,Leo-Cedarville,Indiana,Allen County,US
41.46588,-85.58748,Ligonier,Indiana,Noble County,US
40.75448,-86.35667,Logansport,Indiana,Cass County,US
41.73893,-86.85697,Long Beach,Indiana,LaPorte County,US
41.29142,-87.42059,Lowell,Indiana,Lake County,US
40.04977,-84.93969,Lynn,Indiana,Randolph County,US
40.55837,-85.65914,Marion,Indiana,Grant County,US
40.82462,-85.33884,Markle,Indiana,Huntington County,US
41.17338,-86.03472,Mentone,Indiana,Kosciusko County,US
41.48281,-87.33281,Merrillville,Indiana,Lake County,US
41.70754,-86.89503,Michigan City,Indiana,LaPorte County,US
41.67533,-85.7061,Middlebury,Indiana,Elkhart County,US
40.05727,-85.5372,Middletown,Indiana,Henry County,US
41.40977,-85.84555,Milford,Indiana,Kosciusko County,US
41.66199,-86.15862,Mishawaka,Indiana,Saint Joseph County,US
40.86782,-86.8789,Monon,Indiana,White County,US
40.97477,-84.8683,Monroeville,Indiana,Allen County,US
40.74532,-86.76473,Monticello,Indiana,White County,US
40.55393,-85.27747,Montpelier,Indiana,Blackford County,US
40.94615,-87.45336,Morocco,Indiana,Newton County,US
40.66949,-85.82415,Mount Vernon,Indiana,Wabash County,US
40.34448,-86.66528,Mulberry,Indiana,Clinton County,US
40.19338,-85.38636,Muncie,Indiana,Delaware County,US
41.56448,-87.51254,Munster,Indiana,Lake County,US
41.44283,-86.00139,Nappanee,Indiana,Elkhart County,US
41.70032,-86.50946,New Carlisle,Indiana,Saint Joseph County,US
41.55837,-87.27448,New Chicago,Indiana,Lake County,US
41.0706,-85.01441,New Haven,Indiana,Allen County,US
41.50033,-85.82805,New Paris,Indiana,Elkhart County,US
40.04559,-86.0086,Noblesville,Indiana,Hamilton County,US
41.21504,-86.77585,North Judson,Indiana,Starke County,US
41.53421,-86.42723,North Liberty,Indiana,Saint Joseph County,US
41.0006,-85.7686,North Manchester,Indiana,Wabash County,US
41.3256,-85.69776,North Webster,Indiana,Kosciusko County,US
41.62281,-87.1917,Ogden Dunes,Indiana,Porter County,US
41.66505,-86.07584,Osceola,Indiana,Saint Joseph County,US
40.8806,-85.16636,Ossian,Indiana,Wells County,US
40.49059,-87.0964,Otterbein,Indiana,Benton County,US
40.51976,-87.24779,Oxford,Indiana,Benton County,US
40.18893,-85.20413,Parker City,Indiana,Randolph County,US
40.75365,-86.06888,Peru,Indiana,Miami County,US
41.20032,-85.70554,Pierceton,Indiana,Kosciusko County,US
41.34366,-86.30973,Plymouth,Indiana,Marshall County,US
41.57587,-87.17615,Portage,Indiana,Porter County,US
41.61559,-87.0742,Porter,Indiana,Porter County,US
40.43449,-84.97775,Portland,Indiana,Jay County,US
40.34893,-85.14997,Redkey,Indiana,Jay County,US
40.76087,-87.15085,Remington,Indiana,Jasper County,US
40.9367,-87.15086,Rensselaer,Indiana,Jasper County,US
40.96255,-85.37331,Roanoke,Indiana,Huntington County,US
41.06476,-86.21583,Rochester,Indiana,Fulton County,US
41.49616,-85.37665,Rome City,Indiana,Noble County,US
41.1417,-87.31475,Roselawn,Indiana,Newton County,US
40.41698,-86.59472,Rossville,Indiana,Clinton County,US
40.41754,-86.27138,Russiaville,Indiana,Howard County,US
41.45004,-87.47004,Saint John,Indiana,Lake County,US
41.47892,-87.45476,Schererville,Indiana,Lake County,US
40.37365,-86.9489,Shadeland,Indiana,Tippecanoe County,US
40.13504,-86.22055,Sheridan,Indiana,Hamilton County,US
41.75422,-85.975,Simonton Lake,Indiana,Elkhart County,US
41.68338,-86.25001,South Bend,Indiana,Saint Joseph County,US
41.54198,-87.13726,South Haven,Indiana,Porter County,US
41.08477,-85.62804,South Whitley,Indiana,Whitley County,US
40.57198,-85.76915,Sweetser,Indiana,Grant County,US
41.42783,-85.75249,Syracuse,Indiana,Kosciusko County,US
40.12948,-86.60667,Thorntown,Indiana,Boone County,US
40.28226,-86.0411,Tipton,Indiana,Tipton County,US
41.53922,-85.53971,Topeka,Indiana,LaGrange County,US
41.69837,-86.8592,Trail Creek,Indiana,LaPorte County,US
41.24588,-85.44192,Tri-Lakes,Indiana,Whitley County,US
40.20199,-84.80913,Union City,Indiana,Randolph County,US
40.4756,-85.49442,Upland,Indiana,Grant County,US
41.47309,-87.06114,Valparaiso,Indiana,Porter County,US
40.11309,-87.26251,Veedersburg,Indiana,Fountain County,US
40.79782,-85.82054,Wabash,Indiana,Wabash County,US
41.53616,-86.02083,Wakarusa,Indiana,Elkhart County,US
41.46671,-86.48307,Walkerton,Indiana,Saint Joseph County,US
40.66087,-86.24194,Walton,Indiana,Cass County,US
41.4306,-86.89836,Wanatah,Indiana,LaPorte County,US
40.68282,-85.4272,Warren,Indiana,Huntington County,US
41.2381,-85.85305,Warsaw,Indiana,Kosciusko County,US
41.43199,-85.01997,Waterloo,Indiana,DeKalb County,US
40.42587,-86.90807,West Lafayette,Indiana,Tippecanoe County,US
40.04282,-86.12749,Westfield,Indiana,Hamilton County,US
41.54143,-86.90058,Westville,Indiana,LaPorte County,US
41.67976,-87.49449,Whiting,Indiana,Lake County,US
40.28837,-87.2939,Williamsport,Indiana,Warren County,US
41.05143,-86.60306,Winamac,Indiana,Pulaski County,US
40.17199,-84.98135,Winchester,Indiana,Randolph County,US
41.22727,-85.82193,Winona Lake,Indiana,Kosciusko County,US
41.40531,-87.27531,Winfield,Indiana,Lake County,US
40.75809,-87.04168,Wolcott,Indiana,White County,US
41.12533,-84.8533,Woodburn,Indiana,Allen County,US
40.17365,-85.49414,Yorktown,Indiana,Delaware County,US
42.10482,-70.94532,Abington,Massachusetts,Plymouth County,US
42.48509,-71.43284,Acton,Massachusetts,Middlesex County,US
41.68066,-70.90782,Acushnet,Massachusetts,Bristol County,US
42.62425,-73.1176,Adams,Massachusetts,Berkshire County,US
42.06954,-72.61481,Agawam,Massachusetts,Hampden County,US
42.85842,-70.93005,Amesbury,Massachusetts,Essex County,US
42.37537,-72.51925,Amherst Center,Massachusetts,Hampshire County,US
42.65843,-71.137,Andover,Massachusetts,Essex County,US
42.41537,-71.15644,Arlington,Massachusetts,Middlesex County,US
42.6362,-71.90785,Ashburnham,Massachusetts,Worcester County,US
42.67787,-71.82035,Ashby,Massachusetts,Middlesex County,US
42.52647,-72.78843,Ashfield,Massachusetts,Franklin County,US
42.26121,-71.4634,Ashland,Massachusetts,Middlesex County,US
41.79594,-71.06782,Assonet,Massachusetts,Bristol County,US
42.59592,-72.22675,Athol,Massachusetts,Worcester County,US
41.94454,-71.28561,Attleboro,Massachusetts,Bristol County,US
42.19454,-71.83563,Auburn,Massachusetts,Worcester County,US
42.13066,-71.04116,Avon,Massachusetts,Norfolk County,US
42.5612,-71.58979,Ayer,Massachusetts,Middlesex County,US
42.60842,-72.07591,Baldwinville,Massachusetts,Worcester County,US
41.70011,-70.29947,Barnstable,Massachusetts,Barnstable County,US
42.42287,-72.10508,Barre,Massachusetts,Worcester County,US
42.33203,-73.08288,Becket,Massachusetts,Berkshire County,US
42.49065,-71.27617,Bedford,Massachusetts,Middlesex County,US
42.27704,-72.40092,Belchertown,Massachusetts,Hampshire County,US
42.08676,-71.47451,Bellingham,Massachusetts,Norfolk County,US
42.39593,-71.17867,Belmont,Massachusetts,Middlesex County,US
41.84593,-71.08282,Berkley,Massachusetts,Bristol County,US
42.3812,-71.63701,Berlin,Massachusetts,Worcester County,US
42.67092,-72.54953,Bernardston,Massachusetts,Franklin County,US
42.55843,-70.88005,Beverly,Massachusetts,Essex County,US
42.55343,-70.85366,Beverly Cove,Massachusetts,Essex County,US
42.55843,-71.26895,Billerica,Massachusetts,Middlesex County,US
42.01788,-71.54117,Blackstone,Massachusetts,Worcester County,US
41.61177,-70.93837,Bliss Corner,Massachusetts,Bristol County,US
42.43343,-71.60784,Bolton,Massachusetts,Worcester County,US
42.21259,-72.34536,Bondsville,Massachusetts,Hampden County,US
42.35843,-71.05977,Boston,Massachusetts,Suffolk County,US
41.74122,-70.59892,Bourne,Massachusetts,Barnstable County,US
42.6612,-70.99672,Boxford,Massachusetts,Essex County,US
42.39176,-71.70368,Boylston,Massachusetts,Worcester County,US
42.22232,-70.99949,Braintree,Massachusetts,Norfolk County,US
41.76011,-70.0828,Brewster,Massachusetts,Barnstable County,US
41.99038,-70.97504,Bridgewater,Massachusetts,Plymouth County,US
42.12287,-72.20091,Brimfield,Massachusetts,Hampden County,US
42.08343,-71.01838,Brockton,Massachusetts,Plymouth County,US
42.33176,-71.12116,Brookline,Massachusetts,Norfolk County,US
42.59231,-72.79176,Buckland,Massachusetts,Franklin County,US
42.50482,-71.19561,Burlington,Massachusetts,Middlesex County,US
41.74538,-70.61809,Buzzards Bay,Massachusetts,Barnstable County,US
42.3751,-71.10561,Cambridge,Massachusetts,Middlesex County,US
42.15843,-71.14477,Canton,Massachusetts,Norfolk County,US
42.52926,-71.3495,Carlisle,Massachusetts,Middlesex County,US
41.88344,-70.76254,Carver,Massachusetts,Plymouth County,US
41.64872,-70.34808,Centerville,Massachusetts,Barnstable County,US
42.62786,-72.86982,Charlemont,Massachusetts,Franklin County,US
42.13565,-71.97007,Charlton,Massachusetts,Worcester County,US
41.68206,-69.95974,Chatham,Massachusetts,Barnstable County,US
42.59981,-71.36728,Chelmsford,Massachusetts,Middlesex County,US
42.39176,-71.03283,Chelsea,Massachusetts,Suffolk County,US
42.39175,-72.83982,Chesterfield,Massachusetts,Hampshire County,US
42.1487,-72.60787,Chicopee,Massachusetts,Hampden County,US
42.41676,-71.68285,Clinton,Massachusetts,Worcester County,US
42.32093,-71.36423,Cochituate,Massachusetts,Middlesex County,US
42.24177,-70.80365,Cohasset,Massachusetts,Norfolk County,US
42.67314,-72.69676,Colrain,Massachusetts,Franklin County,US
42.46037,-71.34895,Concord,Massachusetts,Middlesex County,US
42.50981,-72.69953,Conway,Massachusetts,Franklin County,US
42.26898,-71.52395,Cordaville,Massachusetts,Worcester County,US
41.61678,-70.43697,Cotuit,Massachusetts,Barnstable County,US
42.4737,-73.16621,Dalton,Massachusetts,Berkshire County,US
42.57509,-70.93005,Danvers,Massachusetts,Essex County,US
42.24177,-71.16616,Dedham,Massachusetts,Norfolk County,US
41.73539,-70.19391,Dennis,Massachusetts,Barnstable County,US
41.65845,-70.12863,Dennis Port,Massachusetts,Barnstable County,US
41.81399,-71.12032,Dighton,Massachusetts,Bristol County,US
42.05426,-71.73951,Douglas,Massachusetts,Worcester County,US
42.24593,-71.28283,Dover,Massachusetts,Norfolk County,US
42.67037,-71.30201,Dracut,Massachusetts,Middlesex County,US
42.0451,-71.93007,Dudley,Massachusetts,Worcester County,US
42.67509,-71.48284,Dunstable,Massachusetts,Middlesex County,US
42.04177,-70.67226,Duxbury,Massachusetts,Plymouth County,US
42.03343,-70.95921,East Bridgewater,Massachusetts,Plymouth County,US
42.22787,-72.04674,East Brookfield,Massachusetts,Worcester County,US
41.74261,-70.16196,East Dennis,Massachusetts,Barnstable County,US
42.07232,-71.7134,East Douglas,Massachusetts,Worcester County,US
41.70011,-70.02724,East Harwich,Massachusetts,Barnstable County,US
42.06454,-72.51259,East Longmeadow,Massachusetts,Hampden County,US
42.66537,-71.57312,East Pepperell,Massachusetts,Middlesex County,US
41.74177,-70.45169,East Sandwich,Massachusetts,Barnstable County,US
41.83011,-69.97391,Eastham,Massachusetts,Barnstable County,US
42.26676,-72.66898,Easthampton,Massachusetts,Hampshire County,US
42.02454,-71.12866,Easton,Massachusetts,Bristol County,US
41.38901,-70.51336,Edgartown,Massachusetts,Dukes County,US
42.60009,-72.39814,Erving,Massachusetts,Franklin County,US
42.63204,-70.78283,Essex,Massachusetts,Essex County,US
42.40843,-71.05366,Everett,Massachusetts,Middlesex County,US
41.6376,-70.90365,Fairhaven,Massachusetts,Bristol County,US
41.70149,-71.15505,Fall River,Massachusetts,Bristol County,US
41.5515,-70.61475,Falmouth,Massachusetts,Barnstable County,US
42.11621,-72.11341,Fiskdale,Massachusetts,Worcester County,US
42.58342,-71.8023,Fitchburg,Massachusetts,Worcester County,US
41.69177,-70.49947,Forestdale,Massachusetts,Barnstable County,US
42.06538,-71.24783,Foxborough,Massachusetts,Norfolk County,US
42.27926,-71.41617,Framingham,Massachusetts,Middlesex County,US
42.29732,-71.43701,Framingham Center,Massachusetts,Middlesex County,US
42.08343,-71.39673,Franklin,Massachusetts,Norfolk County,US
41.76677,-71.03282,Freetown,Massachusetts,Bristol County,US
42.57509,-71.99813,Gardner,Massachusetts,Worcester County,US
42.64036,-72.49953,Gill,Massachusetts,Franklin County,US
42.61593,-70.66199,Gloucester,Massachusetts,Essex County,US
42.20704,-71.68562,Grafton,Massachusetts,Worcester County,US
42.25648,-72.5162,Granby,Massachusetts,Hampshire County,US
42.06676,-72.86149,Granville,Massachusetts,Hampden County,US
42.19592,-73.36206,Great Barrington,Massachusetts,Berkshire County,US
42.58759,-72.59953,Greenfield,Massachusetts,Franklin County,US
42.76037,-71.03145,Groveland,Massachusetts,Essex County,US
42.34176,-72.58842,Hadley,Massachusetts,Hampshire County,US
41.99121,-70.86199,Halifax,Massachusetts,Plymouth County,US
42.2562,-71.76757,Hamilton,Massachusetts,Worcester County,US
42.06398,-72.41342,Hampden,Massachusetts,Hampden County,US
42.0751,-70.88004,Hanson,Massachusetts,Plymouth County,US
42.11316,-70.81199,Hanover,Massachusetts,Plymouth County,US
42.35009,-72.19952,Hardwick,Massachusetts,Worcester County,US
42.50009,-71.58284,Harvard,Massachusetts,Worcester County,US
41.68622,-70.07585,Harwich,Massachusetts,Barnstable County,US
41.66678,-70.07863,Harwich Port,Massachusetts,Barnstable County,US
42.37092,-72.59814,Hatfield,Massachusetts,Hampshire County,US
42.7762,-71.07728,Haverhill,Massachusetts,Essex County,US
41.62094,-71.06199,Head of Westport,Massachusetts,Bristol County,US
42.24177,-70.88977,Hingham,Massachusetts,Plymouth County,US
42.4387,-73.12538,Hinsdale,Massachusetts,Berkshire County,US
42.1551,-71.00866,Holbrook,Massachusetts,Norfolk County,US
42.35176,-71.86341,Holden,Massachusetts,Worcester County,US
42.06398,-72.1573,Holland,Massachusetts,Hampden County,US
42.2001,-71.4245,Holliston,Massachusetts,Middlesex County,US
42.20426,-72.6162,Holyoke,Massachusetts,Hampden County,US
42.13065,-71.54117,Hopedale,Massachusetts,Worcester County,US
42.22871,-71.52256,Hopkinton,Massachusetts,Middlesex County,US
42.25425,-73.36622,Housatonic,Massachusetts,Berkshire County,US
42.4737,-72.00619,Hubbardston,Massachusetts,Worcester County,US
42.39176,-71.56618,Hudson,Massachusetts,Middlesex County,US
42.30204,-70.90782,Hull,Massachusetts,Plymouth County,US
41.65289,-70.2828,Hyannis,Massachusetts,Barnstable County,US
42.67926,-70.84116,Ipswich,Massachusetts,Essex County,US
42.30982,-71.12033,Jamaica Plain,Massachusetts,Suffolk County,US
41.99455,-70.72448,Kingston,Massachusetts,Plymouth County,US
42.45565,-71.67312,Lancaster,Massachusetts,Worcester County,US
42.51731,-73.22816,Lanesborough,Massachusetts,Berkshire County,US
42.70704,-71.16311,Lawrence,Massachusetts,Essex County,US
42.30425,-73.24816,Lee,Massachusetts,Berkshire County,US
42.24593,-71.90868,Leicester,Massachusetts,Worcester County,US
42.35648,-73.28483,Lenox,Massachusetts,Berkshire County,US
42.52509,-71.75979,Leominster,Massachusetts,Worcester County,US
42.45203,-72.50148,Leverett,Massachusetts,Franklin County,US
42.44732,-71.2245,Lexington,Massachusetts,Middlesex County,US
42.42593,-71.30395,Lincoln,Massachusetts,Middlesex County,US
42.54593,-71.47451,Littleton Common,Massachusetts,Middlesex County,US
42.0501,-72.58287,Longmeadow,Massachusetts,Hampden County,US
42.63342,-71.31617,Lowell,Massachusetts,Middlesex County,US
42.16009,-72.47592,Ludlow,Massachusetts,Hampden County,US
42.59453,-71.72452,Lunenburg,Massachusetts,Worcester County,US
42.46676,-70.94949,Lynn,Massachusetts,Essex County,US
42.53898,-71.04811,Lynnfield,Massachusetts,Essex County,US
42.4251,-71.06616,Malden,Massachusetts,Middlesex County,US
42.03343,-71.21894,Mansfield,Massachusetts,Bristol County,US
42.5001,-70.85783,Marblehead,Massachusetts,Essex County,US
41.7001,-70.76281,Marion,Massachusetts,Plymouth County,US
42.34593,-71.55229,Marlborough,Massachusetts,Middlesex County,US
42.09177,-70.70559,Marshfield,Massachusetts,Plymouth County,US
42.14594,-70.73976,Marshfield Hills,Massachusetts,Plymouth County,US
41.65622,-70.41614,Marstons Mills,Massachusetts,Barnstable County,US
41.64844,-70.48114,Mashpee,Massachusetts,Barnstable County,US
41.65844,-70.81615,Mattapoisett,Massachusetts,Plymouth County,US
42.43343,-71.44951,Maynard,Massachusetts,Middlesex County,US
42.1876,-71.30645,Medfield,Massachusetts,Norfolk County,US
42.41843,-71.10616,Medford,Massachusetts,Middlesex County,US
42.14176,-71.39673,Medway,Massachusetts,Norfolk County,US
42.45843,-71.06616,Melrose,Massachusetts,Middlesex County,US
42.10565,-71.55229,Mendon,Massachusetts,Worcester County,US
42.83065,-71.00228,Merrimac,Massachusetts,Essex County,US
42.7262,-71.19089,Methuen,Massachusetts,Essex County,US
42.59509,-71.01616,Middleton,Massachusetts,Essex County,US
42.13982,-71.51617,Milford,Massachusetts,Worcester County,US
42.19398,-71.76007,Millbury,Massachusetts,Worcester County,US
42.58203,-72.49259,Millers Falls,Massachusetts,Franklin County,US
42.1676,-71.35784,Millis,Massachusetts,Norfolk County,US
42.02788,-71.5809,Millville,Massachusetts,Worcester County,US
42.24954,-71.06616,Milton,Massachusetts,Norfolk County,US
42.10426,-72.31897,Monson,Massachusetts,Hampden County,US
41.71955,-70.61198,Monument Beach,Massachusetts,Barnstable County,US
42.53564,-72.53509,Montague,Massachusetts,Franklin County,US
42.42649,-70.91894,Nahant,Massachusetts,Essex County,US
41.28346,-70.09946,Nantucket,Massachusetts,Nantucket County,US
42.28343,-71.3495,Natick,Massachusetts,Middlesex County,US
42.28343,-71.23283,Needham,Massachusetts,Norfolk County,US
41.63622,-70.93421,New Bedford,Massachusetts,Bristol County,US
42.12287,-73.22872,New Marlborough,Massachusetts,Berkshire County,US
42.81259,-70.87728,Newburyport,Massachusetts,Essex County,US
42.33704,-71.20922,Newton,Massachusetts,Middlesex County,US
42.11954,-71.32506,Norfolk,Massachusetts,Norfolk County,US
42.70092,-73.10871,North Adams,Massachusetts,Berkshire County,US
42.41037,-72.53092,North Amherst,Massachusetts,Hampshire County,US
42.26676,-72.08285,North Brookfield,Massachusetts,Worcester County,US
42.18343,-72.59953,North Chicopee,Massachusetts,Hampden County,US
41.86511,-69.99113,North Eastham,Massachusetts,Barnstable County,US
41.64594,-70.61836,North Falmouth,Massachusetts,Barnstable County,US
41.8576,-70.94226,North Lakeville,Massachusetts,Plymouth County,US
42.09316,-70.79254,North Pembroke,Massachusetts,Plymouth County,US
41.97094,-70.68281,North Plymouth,Massachusetts,Plymouth County,US
42.57509,-71.07867,North Reading,Massachusetts,Middlesex County,US
42.21899,-70.7856,North Scituate,Massachusetts,Plymouth County,US
41.88927,-71.33005,North Seekonk,Massachusetts,Bristol County,US
41.66038,-71.08838,North Westport,Massachusetts,Bristol County,US
42.32509,-72.6412,Northampton,Massachusetts,Hampshire County,US
42.31954,-71.64118,Northborough,Massachusetts,Worcester County,US
42.15148,-71.64951,Northbridge,Massachusetts,Worcester County,US
42.69592,-72.45287,Northfield,Massachusetts,Franklin County,US
41.96677,-71.18699,Norton,Massachusetts,Bristol County,US
42.16177,-70.79393,Norwell,Massachusetts,Plymouth County,US
42.19454,-71.1995,Norwood,Massachusetts,Norfolk County,US
41.45428,-70.56197,Oak Bluffs,Massachusetts,Dukes County,US
42.35287,-72.04535,Oakham,Massachusetts,Worcester County,US
41.72927,-71.20921,Ocean Grove,Massachusetts,Bristol County,US
41.74177,-70.65781,Onset,Massachusetts,Plymouth County,US
42.59036,-72.30981,Orange,Massachusetts,Franklin County,US
41.78983,-69.98974,Orleans,Massachusetts,Barnstable County,US
41.62844,-70.38697,Osterville,Massachusetts,Barnstable County,US
42.19315,-73.09177,Otis,Massachusetts,Berkshire County,US
42.11676,-71.86479,Oxford,Massachusetts,Worcester County,US
42.15843,-72.32869,Palmer,Massachusetts,Hampden County,US
42.3112,-71.92813,Paxton,Massachusetts,Worcester County,US
42.52787,-70.92866,Peabody,Massachusetts,Essex County,US
42.39315,-72.4037,Pelham,Massachusetts,Hampshire County,US
42.66592,-71.5884,Pepperell,Massachusetts,Middlesex County,US
42.5487,-72.13286,Phillipston,Massachusetts,Worcester County,US
42.52926,-71.22811,Pinehurst,Massachusetts,Middlesex County,US
42.45008,-73.24538,Pittsfield,Massachusetts,Berkshire County,US
42.00427,-71.33283,Plainville,Massachusetts,Norfolk County,US
41.95844,-70.66726,Plymouth,Massachusetts,Plymouth County,US
41.95288,-70.81448,Plympton,Massachusetts,Plymouth County,US
41.68622,-70.61614,Pocasset,Massachusetts,Barnstable County,US
42.4487,-71.8773,Princeton,Massachusetts,Worcester County,US
42.05844,-70.17864,Provincetown,Massachusetts,Barnstable County,US
42.25288,-71.00227,Quincy,Massachusetts,Norfolk County,US
42.1626,-71.04116,Randolph,Massachusetts,Norfolk County,US
41.94871,-71.0731,Raynham,Massachusetts,Bristol County,US
41.92371,-71.05227,Raynham Center,Massachusetts,Bristol County,US
42.52565,-71.09533,Reading,Massachusetts,Middlesex County,US
41.84038,-71.24949,Rehoboth,Massachusetts,Bristol County,US
42.37314,-73.36761,Richmond,Massachusetts,Berkshire County,US
41.73177,-70.82004,Rochester,Massachusetts,Plymouth County,US
42.13066,-70.91616,Rockland,Massachusetts,Plymouth County,US
42.65565,-70.62032,Rockport,Massachusetts,Essex County,US
42.71676,-70.87866,Rowley,Massachusetts,Essex County,US
42.67759,-72.18786,Royalston,Massachusetts,Worcester County,US
42.36954,-71.94813,Rutland,Massachusetts,Worcester County,US
41.77011,-70.52836,Sagamore,Massachusetts,Barnstable County,US
42.51954,-70.89672,Salem,Massachusetts,Essex County,US
42.84176,-70.86061,Salisbury,Massachusetts,Essex County,US
41.759,-70.49392,Sandwich,Massachusetts,Barnstable County,US
42.46482,-71.01005,Saugus,Massachusetts,Essex County,US
42.19593,-70.72587,Scituate,Massachusetts,Plymouth County,US
41.80843,-71.337,Seekonk,Massachusetts,Bristol County,US
42.12371,-71.17866,Sharon,Massachusetts,Norfolk County,US
42.58981,-72.68842,Shelburne,Massachusetts,Franklin County,US
42.60425,-72.73926,Shelburne Falls,Massachusetts,Franklin County,US
42.23899,-71.36978,Sherborn,Massachusetts,Middlesex County,US
42.5437,-71.64951,Shirley,Massachusetts,Middlesex County,US
42.29593,-71.71285,Shrewsbury,Massachusetts,Worcester County,US
42.45648,-72.40981,Shutesbury,Massachusetts,Franklin County,US
41.63899,-70.99115,Smith Mills,Massachusetts,Bristol County,US
41.76955,-71.12866,Somerset,Massachusetts,Bristol County,US
42.3876,-71.0995,Somerville,Massachusetts,Middlesex County,US
42.34037,-72.50509,South Amherst,Massachusetts,Hampshire County,US
42.61037,-71.93897,South Ashburnham,Massachusetts,Worcester County,US
42.33343,-71.04949,South Boston,Massachusetts,Suffolk County,US
42.47731,-72.60787,South Deerfield,Massachusetts,Franklin County,US
41.68956,-70.15641,South Dennis,Massachusetts,Barnstable County,US
42.25842,-72.57453,South Hadley,Massachusetts,Hampshire County,US
42.44454,-71.68701,South Lancaster,Massachusetts,Worcester County,US
42.50982,-70.94949,South Peabody,Massachusetts,Essex County,US
41.66678,-70.18474,South Yarmouth,Massachusetts,Barnstable County,US
42.22926,-72.73009,Southampton,Massachusetts,Hampshire County,US
42.30565,-71.52451,Southborough,Massachusetts,Worcester County,US
42.0751,-72.03341,Southbridge,Massachusetts,Worcester County,US
42.05482,-72.77037,Southwick,Massachusetts,Hampden County,US
42.24398,-71.9923,Spencer,Massachusetts,Worcester County,US
42.10148,-72.58981,Springfield,Massachusetts,Hampden County,US
42.43759,-71.76063,Sterling,Massachusetts,Worcester County,US
42.28759,-73.32039,Stockbridge,Massachusetts,Berkshire County,US
42.4801,-71.0995,Stoneham,Massachusetts,Middlesex County,US
42.1251,-71.10227,Stoughton,Massachusetts,Norfolk County,US
42.43704,-71.50562,Stow,Massachusetts,Middlesex County,US
42.10843,-72.07869,Sturbridge,Massachusetts,Worcester County,US
42.38343,-71.41617,Sudbury,Massachusetts,Middlesex County,US
42.24454,-71.77174,Sunderland,Massachusetts,Worcester County,US
42.1501,-71.76285,Sutton,Massachusetts,Worcester County,US
42.47093,-70.91755,Swampscott,Massachusetts,Essex County,US
41.74816,-71.18977,Swansea,Massachusetts,Bristol County,US
41.9001,-71.08977,Taunton,Massachusetts,Bristol County,US
41.56455,-70.59586,Teaticket,Massachusetts,Barnstable County,US
42.55564,-72.06758,Templeton,Massachusetts,Worcester County,US
42.61065,-71.23422,Tewksbury,Massachusetts,Middlesex County,US
42.63759,-70.9495,Topsfield,Massachusetts,Essex County,US
42.66676,-71.70507,Townsend,Massachusetts,Middlesex County,US
41.99344,-70.04975,Truro,Massachusetts,Barnstable County,US
42.60425,-72.55648,Turners Falls,Massachusetts,Franklin County,US
42.67676,-71.42451,Tyngsboro,Massachusetts,Middlesex County,US
42.17454,-71.60229,Upton,Massachusetts,Worcester County,US
42.07732,-71.62951,Uxbridge,Massachusetts,Worcester County,US
41.45428,-70.60364,Vineyard Haven,Massachusetts,Dukes County,US
42.50648,-71.07283,Wakefield,Massachusetts,Middlesex County,US
42.06954,-72.2223,Wales,Massachusetts,Hampden County,US
42.14177,-71.2495,Walpole,Massachusetts,Norfolk County,US
42.37649,-71.23561,Waltham,Massachusetts,Middlesex County,US
42.25981,-72.2398,Ware,Massachusetts,Hampshire County,US
41.76677,-70.72615,Wareham Center,Massachusetts,Plymouth County,US
42.21259,-72.19119,Warren,Massachusetts,Worcester County,US
42.37093,-71.18283,Watertown,Massachusetts,Middlesex County,US
42.3626,-71.36145,Wayland,Massachusetts,Middlesex County,US
42.0501,-71.88007,Webster,Massachusetts,Worcester County,US
42.29649,-71.29256,Wellesley,Massachusetts,Norfolk County,US
41.93761,-70.0328,Wellfleet,Massachusetts,Barnstable County,US
42.54814,-72.39675,Wendell,Massachusetts,Franklin County,US
42.60426,-70.89116,Wenham,Massachusetts,Essex County,US
42.36676,-71.78563,West Boylston,Massachusetts,Worcester County,US
42.01899,-71.00782,West Bridgewater,Massachusetts,Plymouth County,US
41.68122,-69.99113,West Chatham,Massachusetts,Barnstable County,US
42.45843,-71.39534,West Concord,Massachusetts,Middlesex County,US
42.23537,-72.14119,West Brookfield,Massachusetts,Worcester County,US
41.66456,-70.1728,West Dennis,Massachusetts,Barnstable County,US
41.60427,-70.63447,West Falmouth,Massachusetts,Barnstable County,US
42.80148,-70.98978,West Newbury,Massachusetts,Essex County,US
42.10704,-72.62037,West Springfield,Massachusetts,Hampden County,US
42.34592,-73.36622,West Stockbridge,Massachusetts,Berkshire County,US
41.38122,-70.67447,West Tisbury,Massachusetts,Dukes County,US
41.78983,-70.76031,West Wareham,Massachusetts,Plymouth County,US
41.65011,-70.24113,West Yarmouth,Massachusetts,Barnstable County,US
42.26954,-71.61618,Westborough,Massachusetts,Worcester County,US
42.12509,-72.74954,Westfield,Massachusetts,Hampden County,US
42.57926,-71.43784,Westford,Massachusetts,Middlesex County,US
42.30287,-72.77454,Westhampton,Massachusetts,Hampshire County,US
42.54592,-71.91063,Westminster,Massachusetts,Worcester County,US
42.36676,-71.30311,Weston,Massachusetts,Middlesex County,US
42.21399,-71.2245,Westwood,Massachusetts,Norfolk County,US
41.73538,-70.73198,Weweantic,Massachusetts,Plymouth County,US
42.22093,-70.93977,Weymouth,Massachusetts,Norfolk County,US
42.43981,-72.63481,Whately,Massachusetts,Franklin County,US
41.8001,-70.63475,White Island Shores,Massachusetts,Plymouth County,US
42.11121,-71.66618,Whitinsville,Massachusetts,Worcester County,US
42.08066,-70.9356,Whitman,Massachusetts,Plymouth County,US
42.12371,-72.43147,Wilbraham,Massachusetts,Hampden County,US
42.39314,-72.73009,Williamsburg,Massachusetts,Hampshire County,US
42.71202,-73.20372,Williamstown,Massachusetts,Berkshire County,US
42.54648,-71.17367,Wilmington,Massachusetts,Middlesex County,US
42.6862,-72.04397,Winchendon,Massachusetts,Worcester County,US
42.45232,-71.137,Winchester,Massachusetts,Middlesex County,US
42.3751,-70.98283,Winthrop,Massachusetts,Suffolk County,US
42.47926,-71.15228,Woburn,Massachusetts,Middlesex County,US
42.26259,-71.80229,Worcester,Massachusetts,Worcester County,US
42.06677,-71.32811,Wrentham,Massachusetts,Norfolk County,US
41.70567,-70.22863,Yarmouth,Massachusetts,Barnstable County,US
41.70205,-70.24947,Yarmouth Port,Massachusetts,Barnstable County,US
43.53425,-70.90978,Acton,Maine,York County,US
44.61841,-67.74416,Addison,Maine,Washington County,US
44.53229,-69.44254,Albion,Maine,Kennebec County,US
44.28924,-69.25088,Appleton,Maine,Knox County,US
43.38259,-70.47783,Arundel,Maine,York County,US
44.09785,-70.23117,Auburn,Maine,Androscoggin County,US
44.31062,-69.77949,Augusta,Maine,Kennebec County,US
44.80118,-68.77781,Bangor,Maine,Penobscot County,US
44.38758,-68.2039,Bar Harbor,Maine,Hancock County,US
43.91064,-69.8206,Bath,Maine,Sagadahoc County,US
44.42591,-69.00642,Belfast,Maine,Waldo County,US
44.44729,-69.83255,Belgrade,Maine,Kennebec County,US
44.58618,-69.55088,Benton,Maine,Kennebec County,US
44.40423,-70.79062,Bethel,Maine,Oxford County,US
43.49258,-70.45338,Biddeford,Maine,York County,US
43.87647,-69.63366,Boothbay,Maine,Lincoln County,US
43.8523,-69.6281,Boothbay Harbor,Maine,Lincoln County,US
45.06673,-68.93781,Bradford,Maine,Penobscot County,US
44.9209,-68.62809,Bradley,Maine,Penobscot County,US
44.79674,-68.76142,Brewer,Maine,Penobscot County,US
44.05479,-70.71284,Bridgton,Maine,Cumberland County,US
43.95758,-69.50921,Bristol,Maine,Lincoln County,US
44.55035,-69.12087,Brooks,Maine,Waldo County,US
43.93813,-70.90868,Brownfield,Maine,Oxford County,US
45.307,-69.03337,Brownville,Maine,Piscataquis County,US
43.91452,-69.96533,Brunswick,Maine,Cumberland County,US
44.28951,-70.36534,Buckfield,Maine,Oxford County,US
44.57369,-68.79559,Bucksport,Maine,Hancock County,US
44.69284,-69.42755,Burnham,Maine,Waldo County,US
43.63786,-70.51894,Buxton,Maine,York County,US
45.18896,-67.2786,Calais,Maine,Washington County,US
44.2098,-69.06476,Camden,Maine,Knox County,US
44.76173,-69.56144,Canaan,Maine,Somerset County,US
44.4408,-70.31649,Canton,Maine,Oxford County,US
43.1937,-70.62089,Cape Neddick,Maine,York County,US
46.8606,-68.01197,Caribou,Maine,Aroostook County,US
44.38785,-68.79975,Castine,Maine,Hancock County,US
45.08506,-69.04059,Charleston,Maine,Penobscot County,US
44.25035,-69.71727,Chelsea,Maine,Kennebec County,US
44.6073,-67.92584,Cherryfield,Maine,Washington County,US
44.55117,-70.08617,Chesterville,Maine,Franklin County,US
44.47868,-69.51726,China,Maine,Kennebec County,US
44.48145,-70.1995,Chisholm,Maine,Franklin County,US
44.63784,-69.5031,Clinton,Maine,Kennebec County,US
44.92117,-69.26171,Corinna,Maine,Penobscot County,US
43.8048,-70.80117,Cornish,Maine,York County,US
44.83673,-69.67311,Cornville,Maine,Somerset County,US
43.79647,-70.25894,Cumberland Center,Maine,Cumberland County,US
44.01925,-69.23977,Cushing,Maine,Knox County,US
44.03286,-69.51866,Damariscotta,Maine,Lincoln County,US
44.69174,-68.66198,Dedham,Maine,Hancock County,US
44.22397,-68.67753,Deer Isle,Maine,Hancock County,US
43.97035,-70.8034,Denmark,Maine,Oxford County,US
45.02395,-69.28977,Dexter,Maine,Penobscot County,US
44.53395,-70.4559,Dixfield,Maine,Oxford County,US
44.68035,-69.16282,Dixmont,Maine,Penobscot County,US
45.18339,-69.22699,Dover-Foxcroft,Maine,Piscataquis County,US
44.73924,-67.38999,East Machias,Maine,Washington County,US
45.62755,-68.57448,East Millinocket,Maine,Penobscot County,US
46.64115,-67.90947,Easton,Maine,Aroostook County,US
44.90619,-66.98998,Eastport,Maine,Washington County,US
44.82618,-68.69337,Eddington,Maine,Penobscot County,US
43.95841,-69.6306,Edgecomb,Maine,Lincoln County,US
43.15314,-70.80006,Eliot,Maine,York County,US
44.54341,-68.41946,Ellsworth,Maine,Hancock County,US
45.24894,-68.56836,Enfield,Maine,Penobscot County,US
44.8209,-69.11115,Etna,Maine,Penobscot County,US
44.5884,-69.59866,Fairfield,Maine,Somerset County,US
43.72953,-70.24199,Falmouth,Maine,Cumberland County,US
43.7348,-70.20783,Falmouth Foreside,Maine,Cumberland County,US
44.24451,-69.77143,Farmingdale,Maine,Kennebec County,US
44.67062,-70.15117,Farmington,Maine,Franklin County,US
44.40896,-70.03367,Fayette,Maine,Kennebec County,US
46.77227,-67.83391,Fort Fairfield,Maine,Aroostook County,US
47.25865,-68.58949,Fort Kent,Maine,Aroostook County,US
44.6098,-68.8767,Frankfort,Maine,Waldo County,US
44.58702,-68.23224,Franklin,Maine,Hancock County,US
43.85702,-70.10311,Freeport,Maine,Cumberland County,US
43.98369,-69.33394,Friendship,Maine,Knox County,US
44.01646,-70.98062,Fryeburg,Maine,Oxford County,US
44.23007,-69.77532,Gardiner,Maine,Kennebec County,US
45.0384,-69.16032,Garland,Maine,Penobscot County,US
43.67952,-70.44422,Gorham,Maine,Cumberland County,US
44.47841,-68.03834,Gouldsboro,Maine,Hancock County,US
45.08034,-68.65086,Greenbush,Maine,Penobscot County,US
44.18979,-70.14033,Greene,Maine,Androscoggin County,US
45.45949,-69.59061,Greenville,Maine,Piscataquis County,US
44.2859,-69.79088,Hallowell,Maine,Kennebec County,US
44.74452,-68.83698,Hampden,Maine,Penobscot County,US
44.52924,-68.25363,Hancock,Maine,Hancock County,US
43.80175,-69.98421,Harpswell Center,Maine,Cumberland County,US
44.11035,-70.67923,Harrison,Maine,Cumberland County,US
44.37284,-70.34673,Hartford,Maine,Oxford County,US
44.19813,-70.40645,Hebron,Maine,Oxford County,US
44.81007,-68.91337,Hermon,Maine,Penobscot County,US
43.87868,-70.8034,Hiram,Maine,Oxford County,US
46.05394,-67.86668,Hodgdon,Maine,Aroostook County,US
44.75285,-68.67892,Holden,Maine,Penobscot County,US
43.60508,-70.59311,Hollis Center,Maine,York County,US
46.12616,-67.8403,Houlton,Maine,Aroostook County,US
45.23867,-68.66364,Howland,Maine,Penobscot County,US
45.00118,-68.88059,Hudson,Maine,Penobscot County,US
44.50395,-70.21617,Jay,Maine,Franklin County,US
44.20674,-69.45254,Jefferson,Maine,Lincoln County,US
44.53286,-67.59833,Jonesport,Maine,Washington County,US
44.91951,-68.9317,Kenduskeag,Maine,Penobscot County,US
43.38397,-70.54478,Kennebunk,Maine,York County,US
43.36175,-70.47672,Kennebunkport,Maine,York County,US
44.95922,-70.15395,Kingfield,Maine,Franklin County,US
43.08342,-70.70783,Kittery Point,Maine,York County,US
43.08814,-70.73616,Kittery,Maine,York County,US
43.66369,-70.73478,Lake Arrowhead,Maine,York County,US
43.39453,-70.85089,Lebanon,Maine,York County,US
44.3034,-70.1195,Leeds,Maine,Androscoggin County,US
44.86924,-68.93476,Levant,Maine,Penobscot County,US
44.10035,-70.21478,Lewiston,Maine,Androscoggin County,US
43.68841,-70.79367,Limerick,Maine,York County,US
46.90866,-67.82585,Limestone,Maine,Aroostook County,US
43.73174,-70.71089,Limington,Maine,York County,US
45.36228,-68.50502,Lincoln,Maine,Penobscot County,US
44.28119,-69.00865,Lincolnville,Maine,Waldo County,US
44.03146,-70.1045,Lisbon,Maine,Androscoggin County,US
43.99619,-70.06061,Lisbon Falls,Maine,Androscoggin County,US
44.38396,-70.24922,Livermore,Maine,Androscoggin County,US
44.47534,-70.18811,Livermore Falls,Maine,Androscoggin County,US
44.12674,-70.89173,Lovell,Maine,Oxford County,US
44.71508,-67.46138,Machias,Maine,Washington County,US
44.69869,-67.39471,Machiasport,Maine,Washington County,US
47.35532,-68.32171,Madawaska,Maine,Aroostook County,US
46.88421,-67.94725,Madawaska,Maine,Aroostook County,US
44.79756,-69.87978,Madison,Maine,Somerset County,US
44.32451,-69.86033,Manchester,Maine,Kennebec County,US
44.11174,-70.39172,Mechanic Falls,Maine,Androscoggin County,US
45.60894,-68.53086,Medway,Maine,Penobscot County,US
44.5609,-70.54534,Mexico,Maine,Oxford County,US
44.53536,-67.88083,Milbridge,Maine,Washington County,US
44.94618,-68.64392,Milford,Maine,Penobscot County,US
45.65727,-68.70976,Millinocket,Maine,Penobscot County,US
45.25366,-68.98587,Milo,Maine,Piscataquis County,US
44.08563,-70.32006,Minot,Maine,Androscoggin County,US
44.23868,-70.03561,Monmouth,Maine,Kennebec County,US
44.50118,-69.98756,Mount Vernon,Maine,Kennebec County,US
43.96285,-70.28255,New Gloucester,Maine,Cumberland County,US
44.63895,-70.01561,New Sharon,Maine,Franklin County,US
44.83534,-69.27394,Newport,Maine,Penobscot County,US
43.64813,-70.84701,Newfield,Maine,York County,US
44.07952,-69.48505,Nobleboro,Maine,Lincoln County,US
44.71312,-69.79061,Norridgewock,Maine,Somerset County,US
43.9348,-69.81588,North Bath,Maine,Sagadahoc County,US
43.3037,-70.73339,North Berwick,Maine,York County,US
43.83424,-70.43839,North Windham,Maine,Cumberland County,US
44.33786,-68.96142,Northport,Maine,Waldo County,US
44.21396,-70.54478,Norway,Maine,Oxford County,US
44.54034,-69.72199,Oakland,Maine,Kennebec County,US
43.24898,-70.59922,Ogunquit,Maine,York County,US
43.51731,-70.37755,Old Orchard Beach,Maine,York County,US
44.93423,-68.64531,Old Town,Maine,Penobscot County,US
44.57035,-68.73586,Orland,Maine,Hancock County,US
44.88312,-68.67198,Orono,Maine,Penobscot County,US
44.73118,-68.82643,Orrington,Maine,Penobscot County,US
44.0823,-69.05726,Owls Head,Maine,Knox County,US
44.13174,-70.49311,Oxford,Maine,Oxford County,US
44.40785,-69.47393,Palermo,Maine,Waldo County,US
44.84645,-69.35866,Palmyra,Maine,Somerset County,US
44.25979,-70.50062,Paris,Maine,Oxford County,US
43.72702,-70.92868,Parsonsfield,Maine,York County,US
45.99644,-68.44614,Patten,Maine,Penobscot County,US
44.46452,-68.71114,Penobscot,Maine,Hancock County,US
44.50673,-70.40534,Peru,Maine,Oxford County,US
43.82064,-69.81477,Phippsburg,Maine,Sagadahoc County,US
44.78256,-69.38338,Pittsfield,Maine,Somerset County,US
44.22174,-69.7556,Pittston,Maine,Kennebec County,US
44.76729,-69.21033,Plymouth,Maine,Penobscot County,US
44.06063,-70.39367,Poland,Maine,Androscoggin County,US
43.79591,-70.93256,Porter,Maine,Oxford County,US
43.66147,-70.25533,Portland,Maine,Cumberland County,US
46.68115,-68.01586,Presque Isle,Maine,Aroostook County,US
44.23035,-69.76671,Randolph,Maine,Kennebec County,US
43.90146,-70.47033,Raymond,Maine,Cumberland County,US
44.38785,-69.96672,Readfield,Maine,Kennebec County,US
44.0873,-69.79893,Richmond,Maine,Sagadahoc County,US
44.18452,-69.07615,Rockport,Maine,Knox County,US
44.58506,-69.86922,Rome,Maine,Kennebec County,US
44.55367,-70.5509,Rumford,Maine,Oxford County,US
44.1198,-70.10755,Sabattus,Maine,Androscoggin County,US
43.50092,-70.44283,Saco,Maine,York County,US
44.91006,-69.41005,Saint Albans,Maine,Somerset County,US
44.01647,-69.19893,Saint George,Maine,Knox County,US
43.43925,-70.77422,Sanford (historical),Maine,York County,US
45.16478,-69.35644,Sangerville,Maine,Piscataquis County,US
43.57814,-70.32172,Scarborough,Maine,Cumberland County,US
44.36174,-69.19504,Searsmont,Maine,Waldo County,US
44.30369,-68.61614,Sedgwick,Maine,Hancock County,US
43.54064,-70.84812,Shapleigh,Maine,York County,US
44.41312,-69.72893,Sidney,Maine,Kennebec County,US
44.76506,-69.71922,Skowhegan,Maine,Somerset County,US
43.23453,-70.8095,South Berwick,Maine,York County,US
43.10814,-70.77755,South Eliot,Maine,York County,US
44.22368,-70.51339,South Paris,Maine,Oxford County,US
43.64147,-70.24088,South Portland,Maine,Cumberland County,US
43.63897,-70.31533,South Portland Gardens,Maine,Cumberland County,US
43.41119,-70.74256,South Sanford,Maine,York County,US
44.05147,-69.12782,South Thomaston,Maine,Knox County,US
43.73619,-70.42366,South Windham,Maine,Cumberland County,US
43.46675,-70.79367,Springvale,Maine,York County,US
43.79397,-70.65256,Steep Falls,Maine,Cumberland County,US
44.89173,-69.14282,Stetson,Maine,Penobscot County,US
44.51098,-67.96662,Steuben,Maine,Washington County,US
44.48952,-68.85698,Stockton Springs,Maine,Waldo County,US
44.15619,-68.66669,Stonington,Maine,Hancock County,US
44.80756,-70.2209,Strong,Maine,Franklin County,US
44.52036,-68.19668,Sullivan,Maine,Hancock County,US
44.49591,-68.50169,Surry,Maine,Hancock County,US
44.52119,-68.99781,Swanville,Maine,Waldo County,US
44.07897,-69.18171,Thomaston,Maine,Knox County,US
43.92758,-69.97588,Topsham,Maine,Sagadahoc County,US
44.25369,-68.35141,Tremont,Maine,Hancock County,US
44.43897,-68.37002,Trenton,Maine,Hancock County,US
44.66479,-69.24088,Troy,Maine,Waldo County,US
44.25646,-70.25617,Turner,Maine,Androscoggin County,US
47.15727,-67.9353,Van Buren,Maine,Aroostook County,US
44.45923,-69.67755,Vassalboro,Maine,Kennebec County,US
44.83868,-68.70531,Veazie,Maine,Penobscot County,US
44.04814,-68.8317,Vinalhaven,Maine,Knox County,US
44.09536,-69.3756,Waldoboro,Maine,Lincoln County,US
44.12036,-69.24005,Warren,Maine,Knox County,US
44.27369,-69.36727,Washington,Maine,Knox County,US
43.53564,-70.71506,Waterboro,Maine,York County,US
44.55201,-69.63171,Waterville,Maine,Kennebec County,US
44.34868,-70.06616,Wayne,Maine,Kennebec County,US
43.32397,-70.59144,Wells Beach Station,Maine,York County,US
44.32423,-70.57395,West Paris,Maine,Oxford County,US
43.57036,-70.38783,West Scarborough,Maine,Cumberland County,US
43.67703,-70.37116,Westbrook,Maine,Cumberland County,US
44.17007,-69.62532,Whitefield,Maine,Lincoln County,US
44.59284,-70.22812,Wilton,Maine,Franklin County,US
44.31063,-69.5806,Windsor,Maine,Kennebec County,US
44.54701,-69.62116,Winslow,Maine,Kennebec County,US
44.63785,-68.84504,Winterport,Maine,Waldo County,US
44.30507,-69.977,Winthrop,Maine,Kennebec County,US
44.00286,-69.6656,Wiscasset,Maine,Lincoln County,US
43.91869,-69.80116,Woolwich,Maine,Sagadahoc County,US
43.80064,-70.18672,Yarmouth,Maine,Cumberland County,US
43.17148,-70.60894,York Beach,Maine,York County,US
43.13676,-70.64561,York Harbor,Maine,York County,US
41.89755,-84.03717,Adrian,Michigan,Lenawee County,US
42.2431,-84.75303,Albion,Michigan,Calhoun County,US
42.61858,-82.5323,Algonac,Michigan,Saint Clair County,US
42.5292,-85.8553,Allegan,Michigan,Allegan County,US
42.25754,-83.21104,Allen Park,Michigan,Wayne County,US
42.97225,-85.95365,Allendale,Michigan,Ottawa County,US
43.37892,-84.65973,Alma,Michigan,Gratiot County,US
42.92058,-83.04493,Almont,Michigan,Lapeer County,US
45.06168,-83.43275,Alpena,Michigan,Alpena County,US
42.27756,-83.74088,Ann Arbor,Michigan,Washtenaw County,US
42.79142,-83.84634,Argentine,Michigan,Genesee County,US
42.8442,-82.88437,Armada,Michigan,Macomb County,US
42.08866,-85.23471,Athens,Michigan,Calhoun County,US
45.00473,-84.14389,Atlanta,Michigan,Montmorency County,US
44.41085,-83.33219,Au Sable,Michigan,Iosco County,US
43.60336,-84.0697,Auburn,Michigan,Bay County,US
42.68753,-83.2341,Auburn Hills,Michigan,Oakland County,US
43.80196,-83.00078,Bad Axe,Michigan,Huron County,US
43.90112,-85.85173,Baldwin,Michigan,Lake County,US
42.31254,-86.11308,Bangor,Michigan,Van Buren County,US
46.77854,-88.48902,Baraga,Michigan,Baraga County,US
42.81864,-84.44859,Bath,Michigan,Clinton County,US
42.3173,-85.17816,Battle Creek,Michigan,Calhoun County,US
43.59447,-83.88886,Bay City,Michigan,Bay County,US
43.88225,-84.48473,Beaverton,Michigan,Gladwin County,US
43.09003,-83.6944,Beecher,Michigan,Genesee County,US
42.79697,-86.12588,Beechwood,Michigan,Ottawa County,US
43.09781,-85.22891,Belding,Michigan,Ionia County,US
44.98028,-85.21117,Bellaire,Michigan,Antrim County,US
42.20476,-83.48521,Belleville,Michigan,Wayne County,US
42.44337,-85.01805,Bellevue,Michigan,Eaton County,US
42.11671,-86.45419,Benton Harbor,Michigan,Berrien County,US
42.13115,-86.40724,Benton Heights,Michigan,Berrien County,US
42.50309,-83.18354,Berkley,Michigan,Oakland County,US
41.94643,-86.3389,Berrien Springs,Michigan,Berrien County,US
46.48134,-90.05295,Bessemer,Michigan,Gogebic County,US
44.63194,-86.09092,Beulah,Michigan,Benzie County,US
42.52392,-83.22326,Beverly Hills,Michigan,Oakland County,US
43.69808,-85.48366,Big Rapids,Michigan,Mecosta County,US
42.51587,-83.27326,Bingham Farms,Michigan,Oakland County,US
43.25086,-83.79413,Birch Run,Michigan,Saginaw County,US
42.5467,-83.21132,Birmingham,Michigan,Oakland County,US
41.83255,-83.86244,Blissfield,Michigan,Lenawee County,US
42.58364,-83.24549,Bloomfield Hills,Michigan,Oakland County,US
45.21668,-85.01394,Boyne City,Michigan,Charlevoix County,US
43.40808,-84.475,Breckenridge,Michigan,Gratiot County,US
43.35947,-83.88164,Bridgeport,Michigan,Saginaw County,US
41.9431,-86.55697,Bridgman,Michigan,Berrien County,US
42.52948,-83.78022,Brighton,Michigan,Livingston County,US
41.87227,-85.1947,Bronson,Michigan,Branch County,US
42.10587,-84.24828,Brooklyn,Michigan,Jackson County,US
43.21225,-82.98966,Brown City,Michigan,Sanilac County,US
42.31893,-85.14249,Brownlee Park,Michigan,Calhoun County,US
41.82727,-86.36112,Buchanan,Michigan,Berrien County,US
43.4203,-83.89858,Buena Vista,Michigan,Saginaw County,US
43.23669,-83.90636,Burt,Michigan,Saginaw County,US
42.99947,-83.61634,Burton,Michigan,Genesee County,US
42.81225,-85.72281,Byron Center,Michigan,Kent County,US
44.25195,-85.40116,Cadillac,Michigan,Wexford County,US
42.7892,-85.51669,Caledonia,Michigan,Kent County,US
43.57919,-85.3017,Canadian Lakes,Michigan,Mecosta County,US
42.30865,-83.48216,Canton,Michigan,Wayne County,US
43.01253,-82.92799,Capac,Michigan,Saint Clair County,US
42.05921,-83.39077,Carleton,Michigan,Monroe County,US
43.49073,-83.39885,Caro,Michigan,Tuscola County,US
43.45864,-83.93025,Carrollton,Michigan,Saginaw County,US
43.17698,-84.84639,Carson City,Michigan,Montcalm County,US
43.60085,-83.17467,Cass City,Michigan,Tuscola County,US
41.91171,-86.01001,Cassopolis,Michigan,Cass County,US
43.22336,-85.55142,Cedar Springs,Michigan,Kent County,US
42.48504,-83.0277,Center Line,Michigan,Macomb County,US
41.92338,-85.52832,Centreville,Michigan,Saint Joseph County,US
45.31806,-85.2584,Charlevoix,Michigan,Charlevoix County,US
42.56365,-84.83582,Charlotte,Michigan,Eaton County,US
45.64696,-84.47448,Cheboygan,Michigan,Cheboygan County,US
42.31809,-84.0205,Chelsea,Michigan,Washtenaw County,US
43.18475,-84.11497,Chesaning,Michigan,Saginaw County,US
43.81947,-84.76863,Clare,Michigan,Clare County,US
42.73586,-83.41883,Clarkston,Michigan,Oakland County,US
42.53337,-83.14632,Clawson,Michigan,Oakland County,US
42.07199,-83.97161,Clinton,Michigan,Lenawee County,US
42.58698,-82.91992,Clinton,Michigan,Macomb County,US
43.17753,-83.73413,Clio,Michigan,Genesee County,US
41.94033,-85.00052,Coldwater,Michigan,Branch County,US
43.75669,-84.58584,Coleman,Michigan,Midland County,US
42.18615,-86.30836,Coloma,Michigan,Berrien County,US
41.95838,-85.32498,Colon,Michigan,Saint Joseph County,US
43.03864,-85.67003,Comstock Park,Michigan,Kent County,US
42.17782,-84.64302,Concord,Michigan,Jackson County,US
41.84116,-85.6686,Constantine,Michigan,Saint Joseph County,US
43.06391,-85.93477,Coopersville,Michigan,Ottawa County,US
42.98197,-84.11775,Corunna,Michigan,Shiawassee County,US
43.27558,-82.62104,Croswell,Michigan,Sanilac County,US
46.09801,-88.33402,Crystal Falls,Michigan,Iron County,US
42.84086,-85.66364,Cutlerville,Michigan,Kent County,US
43.03475,-83.51801,Davison,Michigan,Genesee County,US
42.84226,-84.56915,DeWitt,Michigan,Clinton County,US
42.32226,-83.17631,Dearborn,Michigan,Wayne County,US
42.33698,-83.27326,Dearborn Heights,Michigan,Wayne County,US
42.1081,-85.97446,Decatur,Michigan,Van Buren County,US
42.33143,-83.04575,Detroit,Michigan,Wayne County,US
41.93116,-83.32688,Detroit Beach,Michigan,Monroe County,US
42.33837,-83.88856,Dexter,Michigan,Washtenaw County,US
42.64559,-84.64887,Dimondale,Michigan,Eaton County,US
47.11965,-88.51151,Dollar Bay,Michigan,Houghton County,US
42.64336,-86.20059,Douglas,Michigan,Allegan County,US
41.98421,-86.10862,Dowagiac,Michigan,Cass County,US
41.95727,-83.65966,Dundee,Michigan,Monroe County,US
42.91198,-83.98468,Durand,Michigan,Shiawassee County,US
47.41381,-88.29566,Eagle River,Michigan,Keweenaw County,US
42.94114,-85.61003,East Grand Rapids,Michigan,Kent County,US
45.15806,-85.12423,East Jordan,Michigan,Charlevoix County,US
42.73698,-84.48387,East Lansing,Michigan,Ingham County,US
44.27946,-83.49025,East Tawas,Michigan,Iosco County,US
42.46837,-82.95547,Eastpointe,Michigan,Macomb County,US
42.3031,-85.55028,Eastwood,Michigan,Kalamazoo County,US
42.5092,-84.65581,Eaton Rapids,Michigan,Eaton County,US
42.24448,-83.14576,Ecorse,Michigan,Wayne County,US
42.7467,-84.59359,Edgemont Park,Michigan,Ingham County,US
43.40809,-85.03863,Edmore,Michigan,Montcalm County,US
41.7956,-86.08084,Edwardsburg,Michigan,Cass County,US
44.89556,-85.41646,Elk Rapids,Michigan,Antrim County,US
45.74525,-87.06458,Escanaba,Michigan,Delta County,US
43.6153,-83.84192,Essexville,Michigan,Bay County,US
43.90058,-85.2581,Evart,Michigan,Osceola County,US
42.08699,-86.45586,Fair Plain,Michigan,Berrien County,US
42.46448,-83.37632,Farmington,Michigan,Oakland County,US
42.48531,-83.37716,Farmington Hills,Michigan,Oakland County,US
42.59392,-86.1017,Fennville,Michigan,Allegan County,US
42.79781,-83.70495,Fenton,Michigan,Genesee County,US
42.46059,-83.13465,Ferndale,Michigan,Oakland County,US
43.08446,-86.22033,Ferrysburg,Michigan,Ottawa County,US
42.09643,-83.29187,Flat Rock,Michigan,Wayne County,US
43.01253,-83.68746,Flint,Michigan,Genesee County,US
43.06308,-83.85107,Flushing,Michigan,Genesee County,US
42.95947,-85.48975,Forest Hills,Michigan,Kent County,US
43.0017,-84.73972,Fowler,Michigan,Clinton County,US
42.66059,-84.07301,Fowlerville,Michigan,Livingston County,US
43.33169,-83.73802,Frankenmuth,Michigan,Saginaw County,US
44.63361,-86.23454,Frankfort,Michigan,Benzie County,US
42.52226,-83.30604,Franklin,Michigan,Oakland County,US
42.5392,-82.94937,Fraser,Michigan,Macomb County,US
43.52503,-84.12276,Freeland,Michigan,Saginaw County,US
43.46752,-85.942,Fremont,Michigan,Newaygo County,US
43.13196,-86.15478,Fruitport,Michigan,Muskegon County,US
42.28865,-85.41806,Galesburg,Michigan,Kalamazoo County,US
42.32559,-83.33104,Garden City,Michigan,Wayne County,US
45.02751,-84.67475,Gaylord,Michigan,Otsego County,US
42.09504,-83.18965,Gibraltar,Michigan,Wayne County,US
45.85274,-87.0218,Gladstone,Michigan,Delta County,US
43.98085,-84.4864,Gladwin,Michigan,Gladwin County,US
42.91697,-83.50634,Goodrich,Michigan,Genesee County,US
42.92753,-83.62995,Grand Blanc,Michigan,Genesee County,US
43.06307,-86.22839,Grand Haven,Michigan,Ottawa County,US
42.75337,-84.74638,Grand Ledge,Michigan,Eaton County,US
42.96336,-85.66809,Grand Rapids,Michigan,Kent County,US
42.90975,-85.76309,Grandville,Michigan,Kent County,US
42.25087,-84.21301,Grass Lake,Michigan,Jackson County,US
44.6614,-84.71475,Grayling,Michigan,Crawford County,US
43.17753,-85.2528,Greenville,Michigan,Montcalm County,US
44.78306,-85.63869,Greilickville,Michigan,Leelanau County,US
42.12921,-83.14437,Grosse Ile,Michigan,Wayne County,US
42.38615,-82.91186,Grosse Pointe,Michigan,Wayne County,US
42.4092,-82.89186,Grosse Pointe Farms,Michigan,Wayne County,US
42.37587,-82.93742,Grosse Pointe Park,Michigan,Wayne County,US
42.4367,-82.87686,Grosse Pointe Shores,Michigan,Wayne County,US
42.44365,-82.90686,Grosse Pointe Woods,Michigan,Wayne County,US
46.28106,-87.44097,Gwinn,Michigan,Marquette County,US
42.39282,-83.04964,Hamtramck,Michigan,Wayne County,US
47.12687,-88.58096,Hancock,Michigan,Houghton County,US
43.84474,-82.65132,Harbor Beach,Michigan,Huron County,US
45.43168,-84.992,Harbor Springs,Michigan,Emmet County,US
42.43309,-82.92408,Harper Woods,Michigan,Wayne County,US
44.01919,-84.79947,Harrison,Michigan,Clare County,US
44.6564,-83.29469,Harrisville,Michigan,Alcona County,US
43.69834,-86.36397,Hart,Michigan,Oceana County,US
42.20671,-86.16669,Hartford,Michigan,Van Buren County,US
46.49466,-87.35431,Harvey,Michigan,Marquette County,US
42.74698,-84.40108,Haslett,Michigan,Ingham County,US
42.64587,-85.29084,Hastings,Michigan,Barry County,US
42.46254,-83.10409,Hazel Park,Michigan,Oakland County,US
43.41475,-84.23054,Hemlock,Michigan,Saginaw County,US
42.40559,-83.09687,Highland Park,Michigan,Wayne County,US
41.92005,-84.63051,Hillsdale,Michigan,Hillsdale County,US
42.78752,-86.10893,Holland,Michigan,Ottawa County,US
42.79197,-83.62773,Holly,Michigan,Oakland County,US
42.64059,-84.51525,Holt,Michigan,Ingham County,US
42.14588,-84.80886,Homer,Michigan,Calhoun County,US
47.12187,-88.56901,Houghton,Michigan,Houghton County,US
44.31474,-84.76475,Houghton Lake,Michigan,Roscommon County,US
43.39558,-85.46782,Howard City,Michigan,Montcalm County,US
42.60726,-83.9294,Howell,Michigan,Livingston County,US
44.75973,-83.54442,Hubbard Lake,Michigan,Alcona County,US
41.85505,-84.35384,Hudson,Michigan,Lenawee County,US
42.87086,-85.86504,Hudsonville,Michigan,Ottawa County,US
42.48059,-83.16687,Huntington Woods,Michigan,Oakland County,US
43.02475,-83.07772,Imlay City,Michigan,Lapeer County,US
45.41251,-84.61254,Indian River,Michigan,Cheboygan County,US
42.98725,-85.07112,Ionia,Michigan,Ionia County,US
45.82023,-88.06596,Iron Mountain,Michigan,Dickinson County,US
46.09273,-88.64235,Iron River,Michigan,Iron County,US
46.45467,-90.17101,Ironwood,Michigan,Gogebic County,US
46.48855,-87.66764,Ishpeming,Michigan,Marquette County,US
43.2917,-84.6075,Ithaca,Michigan,Gratiot County,US
42.24587,-84.40135,Jackson,Michigan,Jackson County,US
42.90725,-85.79198,Jenison,Michigan,Ottawa County,US
41.98421,-84.6619,Jonesville,Michigan,Hillsdale County,US
42.29171,-85.58723,Kalamazoo,Michigan,Kalamazoo County,US
44.73417,-85.17589,Kalkaska,Michigan,Kalkaska County,US
42.60809,-83.34382,Keego Harbor,Michigan,Oakland County,US
43.22002,-85.75115,Kent City,Michigan,Kent County,US
42.86947,-85.64475,Kentwood,Michigan,Kent County,US
43.75613,-83.3569,Kilmanagh,Michigan,Huron County,US
45.79496,-88.07207,Kingsford,Michigan,Dickinson County,US
44.58473,-85.5359,Kingsley,Michigan,Grand Traverse County,US
46.7566,-88.45291,L'Anse,Michigan,Baraga County,US
42.89031,-84.35136,Laingsburg,Michigan,Shiawassee County,US
44.33529,-85.21505,Lake City,Michigan,Missaukee County,US
42.84614,-83.70773,Lake Fenton,Michigan,Genesee County,US
47.19409,-88.40734,Lake Linden,Michigan,Houghton County,US
42.22087,-86.36947,Lake Michigan Beach,Michigan,Berrien County,US
42.78476,-85.13834,Lake Odessa,Michigan,Ionia County,US
42.78448,-83.23966,Lake Orion,Michigan,Oakland County,US
42.29838,-85.2111,Lakeview,Michigan,Calhoun County,US
43.44642,-85.2742,Lakeview,Michigan,Montcalm County,US
43.37112,-86.26034,Lakewood Club,Michigan,Muskegon County,US
41.76588,-83.62799,Lambertville,Michigan,Monroe County,US
42.73253,-84.55553,Lansing,Michigan,Ingham County,US
43.05142,-83.31883,Lapeer,Michigan,Lapeer County,US
42.49642,-83.22271,Lathrup Village,Michigan,Oakland County,US
47.23743,-88.44317,Laurium,Michigan,Houghton County,US
42.16726,-85.84695,Lawton,Michigan,Van Buren County,US
45.02305,-85.75981,Leland,Michigan,Leelanau County,US
42.45143,-84.43247,Leslie,Michigan,Ingham County,US
44.8839,-84.30557,Lewiston,Michigan,Montmorency County,US
43.26808,-82.53076,Lexington,Michigan,Sanilac County,US
42.25059,-83.17854,Lincoln Park,Michigan,Wayne County,US
42.81447,-83.78245,Linden,Michigan,Genesee County,US
42.04393,-84.75746,Litchfield,Michigan,Hillsdale County,US
42.36837,-83.35271,Livonia,Michigan,Wayne County,US
42.93364,-85.34196,Lowell,Michigan,Kent County,US
43.95528,-86.45258,Ludington,Michigan,Mason County,US
41.80699,-83.44243,Luna Pier,Michigan,Monroe County,US
42.48587,-83.1052,Madison Heights,Michigan,Oakland County,US
42.15032,-84.03772,Manchester,Michigan,Washtenaw County,US
44.24445,-86.32425,Manistee,Michigan,Manistee County,US
44.90223,-85.06088,Mancelona,Michigan,Antrim County,US
45.95775,-86.24625,Manistique,Michigan,Schoolcraft County,US
44.41084,-85.39894,Manton,Michigan,Wexford County,US
42.02588,-85.81556,Marcellus,Michigan,Cass County,US
42.71948,-82.49213,Marine City,Michigan,Saint Clair County,US
43.32697,-83.08022,Marlette,Michigan,Sanilac County,US
46.54354,-87.39542,Marquette,Michigan,Marquette County,US
42.27226,-84.96331,Marshall,Michigan,Calhoun County,US
42.91253,-82.48686,Marysville,Michigan,Saint Clair County,US
42.5792,-84.44358,Mason,Michigan,Ingham County,US
42.20948,-85.78445,Mattawan,Michigan,Van Buren County,US
42.28254,-83.1752,Melvindale,Michigan,Wayne County,US
42.89642,-82.76881,Memphis,Michigan,Macomb County,US
45.10776,-87.61427,Menominee,Michigan,Menominee County,US
42.23309,-84.32718,Michigan Center,Michigan,Jackson County,US
42.71309,-85.46196,Middleville,Michigan,Barry County,US
43.61558,-84.24721,Midland,Michigan,Midland County,US
42.08532,-83.68244,Milan,Michigan,Washtenaw County,US
42.59364,-83.59939,Milford,Michigan,Oakland County,US
43.28141,-83.52968,Millington,Michigan,Tuscola County,US
44.65224,-84.12973,Mio,Michigan,Oscoda County,US
41.91643,-83.39771,Monroe,Michigan,Monroe County,US
43.41668,-86.35701,Montague,Michigan,Muskegon County,US
43.17669,-83.89274,Montrose,Michigan,Genesee County,US
41.71949,-84.218,Morenci,Michigan,Lenawee County,US
42.59726,-82.87798,Mount Clemens,Michigan,Macomb County,US
43.11864,-83.69496,Mount Morris,Michigan,Genesee County,US
43.59781,-84.76751,Mount Pleasant,Michigan,Isabella County,US
46.4112,-86.64926,Munising,Michigan,Alger County,US
43.23418,-86.24839,Muskegon,Michigan,Muskegon County,US
43.20113,-86.23895,Muskegon Heights,Michigan,Muskegon County,US
42.16059,-84.24606,Napoleon,Michigan,Jackson County,US
42.60281,-85.09305,Nashville,Michigan,Barry County,US
46.4991,-87.6118,Negaunee,Michigan,Marquette County,US
42.68114,-82.73686,New Baltimore,Michigan,Macomb County,US
41.79393,-86.74392,New Buffalo,Michigan,Berrien County,US
42.72948,-82.80131,New Haven,Michigan,Macomb County,US
43.09364,-84.15331,New Haven,Michigan,Shiawassee County,US
43.41974,-85.80005,Newaygo,Michigan,Newaygo County,US
46.355,-85.50956,Newberry,Michigan,Luce County,US
41.82977,-86.25418,Niles,Michigan,Berrien County,US
43.22947,-83.19661,North Branch,Michigan,Lapeer County,US
43.25613,-86.26756,North Muskegon,Michigan,Muskegon County,US
43.04558,-85.60059,Northview,Michigan,Kent County,US
42.43115,-83.48327,Northville,Michigan,Wayne County,US
43.1689,-86.26395,Norton Shores,Michigan,Muskegon County,US
45.7869,-87.90374,Norway,Michigan,Dickinson County,US
42.48059,-83.47549,Novi,Michigan,Oakland County,US
42.45948,-83.18271,Oak Park,Michigan,Oakland County,US
42.72226,-84.42747,Okemos,Michigan,Ingham County,US
42.44143,-84.92415,Olivet,Michigan,Eaton County,US
46.87105,-89.31403,Ontonagon,Michigan,Ontonagon County,US
42.58309,-83.35938,Orchard Lake,Michigan,Oakland County,US
42.85225,-83.443,Ortonville,Michigan,Oakland County,US
42.46059,-85.69641,Otsego,Michigan,Allegan County,US
43.00586,-84.37164,Ovid,Michigan,Clinton County,US
42.9978,-84.17664,Owosso,Michigan,Shiawassee County,US
42.82475,-83.26466,Oxford,Michigan,Oakland County,US
42.3281,-85.56973,Parchment,Michigan,Kalamazoo County,US
42.21782,-85.89112,Paw Paw,Michigan,Van Buren County,US
42.21226,-86.27197,Paw Paw Lake,Michigan,Berrien County,US
42.6267,-82.59769,Pearl Beach,Michigan,Saint Clair County,US
42.82642,-84.21941,Perry,Michigan,Shiawassee County,US
41.90116,-83.71494,Petersburg,Michigan,Monroe County,US
45.37334,-84.95533,Petoskey,Michigan,Emmet County,US
43.83002,-83.26996,Pigeon,Michigan,Huron County,US
42.457,-83.94791,Pinckney,Michigan,Livingston County,US
43.85363,-83.96499,Pinconning,Michigan,Bay County,US
42.44004,-85.6489,Plainwell,Michigan,Allegan County,US
42.47115,-83.14215,Pleasant Ridge,Michigan,Oakland County,US
42.37143,-83.47021,Plymouth,Michigan,Wayne County,US
42.63892,-83.29105,Pontiac,Michigan,Oakland County,US
42.97086,-82.42491,Port Huron,Michigan,Saint Clair County,US
42.20115,-85.58,Portage,Michigan,Kalamazoo County,US
42.8692,-84.90305,Portland,Michigan,Ionia County,US
42.6292,-84.73887,Potterville,Michigan,Eaton County,US
44.29835,-84.65197,Prudenville,Michigan,Roscommon County,US
41.94421,-84.88385,Quincy,Michigan,Branch County,US
45.80635,-87.98846,Quinnesec,Michigan,Dickinson County,US
44.83445,-85.28256,Rapid City,Michigan,Kalkaska County,US
43.18947,-85.93699,Ravenna,Michigan,Muskegon County,US
41.83949,-84.74801,Reading,Michigan,Hillsdale County,US
42.38337,-83.2966,Redford,Michigan,Wayne County,US
43.87502,-85.51005,Reed City,Michigan,Osceola County,US
43.45058,-83.69635,Reese,Michigan,Tuscola County,US
42.8092,-82.75576,Richmond,Michigan,Macomb County,US
42.27337,-83.13437,River Rouge,Michigan,Wayne County,US
42.17421,-83.17937,Riverview,Michigan,Wayne County,US
42.68059,-83.13382,Rochester,Michigan,Oakland County,US
42.65837,-83.14993,Rochester Hills,Michigan,Oakland County,US
43.12003,-85.56003,Rockford,Michigan,Kent County,US
42.07088,-83.2466,Rockwood,Michigan,Wayne County,US
45.4214,-83.81833,Rogers City,Michigan,Presque Isle County,US
42.80281,-83.01299,Romeo,Michigan,Macomb County,US
42.22226,-83.3966,Romulus,Michigan,Wayne County,US
43.1964,-86.27228,Roosevelt Park,Michigan,Muskegon County,US
44.49835,-84.59197,Roscommon,Michigan,Roscommon County,US
42.49726,-82.93714,Roseville,Michigan,Macomb County,US
42.48948,-83.14465,Royal Oak,Michigan,Oakland County,US
43.41947,-83.95081,Saginaw,Michigan,Saginaw County,US
43.29697,-84.14053,Saint Charles,Michigan,Saginaw County,US
44.36363,-84.41029,Saint Helen,Michigan,Roscommon County,US
45.86614,-84.72751,Saint Ignace,Michigan,Mackinac County,US
43.00114,-84.55915,Saint Johns,Michigan,Clinton County,US
42.10976,-86.48002,Saint Joseph,Michigan,Berrien County,US
43.40836,-84.60667,Saint Louis,Michigan,Gratiot County,US
42.16671,-83.78161,Saline,Michigan,Washtenaw County,US
44.31918,-83.6847,Sand Lake,Michigan,Iosco County,US
43.4203,-82.82966,Sandusky,Michigan,Sanilac County,US
42.92948,-85.21307,Saranac,Michigan,Ionia County,US
46.4953,-84.34532,Sault Ste. Marie,Michigan,Chippewa County,US
42.11421,-85.63778,Schoolcraft,Michigan,Kalamazoo County,US
43.95473,-86.28008,Scottville,Michigan,Mason County,US
43.73224,-83.45107,Sebewaing,Michigan,Huron County,US
42.67087,-83.03298,Shelby,Michigan,Macomb County,US
43.60862,-86.36396,Shelby,Michigan,Oceana County,US
43.52447,-84.69473,Shepherd,Michigan,Isabella County,US
43.4153,-84.05637,Shields,Michigan,Saginaw County,US
44.18335,-84.03527,Skidway Lake,Michigan,Ogemaw County,US
42.38754,-85.39667,South Gull Lake,Michigan,Kalamazoo County,US
42.40309,-86.27364,South Haven,Michigan,Van Buren County,US
42.46059,-83.65161,South Lyon,Michigan,Oakland County,US
41.89588,-83.41771,South Monroe,Michigan,Monroe County,US
42.06393,-83.26104,South Rockwood,Michigan,Monroe County,US
42.47337,-83.22187,Southfield,Michigan,Oakland County,US
42.21393,-83.19381,Southgate,Michigan,Wayne County,US
43.16086,-85.71004,Sparta,Michigan,Kent County,US
42.20504,-84.55274,Spring Arbor,Michigan,Jackson County,US
43.07696,-86.197,Spring Lake,Michigan,Ottawa County,US
42.32643,-85.23916,Springfield,Michigan,Calhoun County,US
42.82087,-82.48602,Saint Clair,Michigan,Saint Clair County,US
42.49698,-82.88881,Saint Clair Shores,Michigan,Macomb County,US
46.08107,-88.62708,"Stambaugh, Iron River",Michigan,Iron County,US
43.98308,-83.95888,Standish,Michigan,Arenac County,US
43.29253,-85.08141,Stanton,Michigan,Montcalm County,US
42.58031,-83.0302,Sterling Heights,Michigan,Macomb County,US
42.01449,-86.51947,Stevensville,Michigan,Berrien County,US
42.45115,-84.18051,Stockbridge,Michigan,Ingham County,US
42.49698,-85.42668,Stony Point,Michigan,Barry County,US
41.94143,-83.26493,Stony Point,Michigan,Monroe County,US
41.79922,-85.41915,Sturgis,Michigan,Saint Joseph County,US
42.95725,-83.83051,Swartz Creek,Michigan,Genesee County,US
42.61142,-83.32855,Sylvan Lake,Michigan,Oakland County,US
44.26946,-83.5147,Tawas City,Michigan,Iosco County,US
42.24087,-83.26965,Taylor,Michigan,Wayne County,US
42.00393,-83.94494,Tecumseh,Michigan,Lenawee County,US
41.77921,-83.56882,Temperance,Michigan,Monroe County,US
41.94394,-85.63249,Three Rivers,Michigan,Saint Joseph County,US
41.79865,-86.61058,Three Oaks,Michigan,Berrien County,US
44.76306,-85.62063,Traverse City,Michigan,Grand Traverse County,US
42.13949,-83.17826,Trenton,Michigan,Wayne County,US
46.5566,-87.43736,Trowbridge Park,Michigan,Marquette County,US
42.60559,-83.14993,Troy,Michigan,Oakland County,US
43.36279,-86.16478,Twin Lake,Michigan,Muskegon County,US
42.06671,-85.13609,Union City,Michigan,Branch County,US
42.62614,-83.03354,Utica,Michigan,Macomb County,US
42.19337,-84.39107,Vandercook Lake,Michigan,Jackson County,US
43.37197,-83.58329,Vassar,Michigan,Tuscola County,US
42.12005,-85.53278,Vicksburg,Michigan,Kalamazoo County,US
43.64364,-84.99725,Lake Isabella,Michigan,Isabella County,US
42.82781,-84.70082,Wacousta,Michigan,Clinton County,US
46.47523,-89.93989,Wakefield,Michigan,Gogebic County,US
43.00141,-85.76809,Walker,Michigan,Kent County,US
42.53781,-83.48105,Walled Lake,Michigan,Oakland County,US
42.47754,-83.0277,Warren,Michigan,Macomb County,US
42.69303,-83.41181,Waterford,Michigan,Oakland County,US
42.18671,-86.26058,Watervliet,Michigan,Berrien County,US
42.7392,-84.62081,Waverly,Michigan,Eaton County,US
42.67392,-85.64474,Wayland,Michigan,Allegan County,US
42.28143,-83.38632,Wayne,Michigan,Wayne County,US
42.66698,-84.17413,Webberville,Michigan,Ingham County,US
44.27641,-84.23861,West Branch,Michigan,Ogemaw County,US
46.48355,-87.70097,West Ishpeming,Michigan,Marquette County,US
41.91393,-83.4316,West Monroe,Michigan,Monroe County,US
42.3242,-83.40021,Westland,Michigan,Wayne County,US
42.30282,-85.63362,Westwood,Michigan,Kalamazoo County,US
43.5503,-85.772,White Cloud,Michigan,Newaygo County,US
41.79811,-85.64332,White Pigeon,Michigan,Saint Joseph County,US
43.41001,-86.34868,Whitehall,Michigan,Muskegon County,US
42.4397,-83.7453,Whitmore Lake,Michigan,Livingston County,US
42.68892,-84.28302,Williamston,Michigan,Ingham County,US
42.52476,-83.53633,Wixom,Michigan,Oakland County,US
43.25474,-86.10978,Wolf Lake,Michigan,Muskegon County,US
42.5567,-83.47383,Wolverine Lake,Michigan,Oakland County,US
42.13893,-83.2416,Woodhaven,Michigan,Wayne County,US
41.94005,-83.31326,Woodland Beach,Michigan,Monroe County,US
42.21421,-83.14992,Wyandotte,Michigan,Wayne County,US
42.91336,-85.70531,Wyoming,Michigan,Kent County,US
43.13003,-82.79826,Yale,Michigan,Saint Clair County,US
42.24115,-83.61299,Ypsilanti,Michigan,Washtenaw County,US
42.81252,-86.01865,Zeeland,Michigan,Ottawa County,US
43.47641,-83.92053,Zilwaukee,Michigan,Saginaw County,US
47.29969,-96.51535,Ada,Minnesota,Norman County,US
43.63497,-95.9328,Adrian,Minnesota,Nobles County,US
44.90275,-92.78354,Afton,Minnesota,Washington County,US
46.53301,-93.71025,Aitkin,Minnesota,Aitkin County,US
45.62996,-94.57,Albany,Minnesota,Stearns County,US
43.64801,-93.36827,Albert Lea,Minnesota,Freeborn County,US
45.23774,-93.65441,Albertville,Minnesota,Wright County,US
45.88524,-95.37754,Alexandria,Minnesota,Douglas County,US
45.2333,-93.29134,Andover,Minnesota,Anoka County,US
45.19774,-93.38718,Anoka,Minnesota,Anoka County,US
45.26274,-94.12443,Annandale,Minnesota,Wright County,US
44.73191,-93.21772,Apple Valley,Minnesota,Dakota County,US
45.19691,-96.01977,Appleton,Minnesota,Swift County,US
45.05024,-93.15661,Arden Hills,Minnesota,Ramsey County,US
44.6083,-94.08053,Arlington,Minnesota,Sibley County,US
46.88022,-92.09047,Arnold,Minnesota,Saint Louis County,US
45.13885,-94.77806,Atwater,Minnesota,Kandiyohi County,US
47.52993,-92.23712,Aurora,Minnesota,Saint Louis County,US
43.66663,-92.97464,Austin,Minnesota,Mower County,US
45.60913,-94.45167,Avon,Minnesota,Stearns County,US
47.70853,-91.9446,Babbitt,Minnesota,Saint Louis County,US
47.52162,-95.39835,Bagley,Minnesota,Clearwater County,US
46.65218,-96.41979,Barnesville,Minnesota,Clay County,US
48.71247,-94.59993,Baudette,Minnesota,Lake of the Woods County,US
46.3433,-94.28667,Baxter,Minnesota,Crow Wing County,US
45.02136,-92.78104,Bayport,Minnesota,Washington County,US
45.3933,-93.87692,Becker,Minnesota,Sherburne County,US
44.62274,-93.76857,Belle Plaine,Minnesota,Scott County,US
47.47356,-94.88028,Bemidji,Minnesota,Beltrami County,US
45.31496,-95.60003,Benson,Minnesota,Swift County,US
45.33246,-93.74608,Big Lake,Minnesota,Sherburne County,US
45.06108,-92.97605,Birchwood,Minnesota,Washington County,US
44.76746,-94.89555,Bird Island,Minnesota,Renville County,US
45.1608,-93.23495,Blaine,Minnesota,Anoka County,US
43.86663,-93.05103,Blooming Prairie,Minnesota,Steele County,US
44.8408,-93.29828,Bloomington,Minnesota,Hennepin County,US
43.63746,-94.10218,Blue Earth,Minnesota,Faribault County,US
45.72274,-93.17078,Braham,Minnesota,Isanti County,US
46.35802,-94.20083,Brainerd,Minnesota,Crow Wing County,US
45.48524,-92.96188,Branch,Minnesota,Chisago County,US
46.26357,-96.58813,Breckenridge,Minnesota,Wilkin County,US
46.59001,-94.21982,Breezy Point,Minnesota,Crow Wing County,US
45.07608,-93.33273,Brooklyn Center,Minnesota,Hennepin County,US
45.09413,-93.35634,Brooklyn Park,Minnesota,Hennepin County,US
45.17191,-93.87469,Buffalo,Minnesota,Wright County,US
44.76774,-93.27772,Burnsville,Minnesota,Dakota County,US
44.03274,-92.64546,Byron,Minnesota,Olmsted County,US
43.63469,-91.49681,Caledonia,Minnesota,Houston County,US
45.57274,-93.22439,Cambridge,Minnesota,Isanti County,US
44.70885,-96.27643,Canby,Minnesota,Yellow Medicine County,US
44.50691,-92.90548,Cannon Falls,Minnesota,Goodhue County,US
46.66383,-92.42491,Carlton,Minnesota,Carlton County,US
44.76357,-93.62579,Carver,Minnesota,Carver County,US
45.39385,-92.8166,Center City,Minnesota,Chisago County,US
45.16302,-93.05578,Centerville,Minnesota,Anoka County,US
45.18885,-93.39745,Champlin,Minnesota,Hennepin County,US
44.86219,-93.53079,Chanhassen,Minnesota,Carver County,US
44.78941,-93.60218,Chaska,Minnesota,Carver County,US
43.84552,-92.18905,Chatfield,Minnesota,Fillmore County,US
45.37358,-92.88994,Chisago City,Minnesota,Chisago County,US
47.4891,-92.8838,Chisholm,Minnesota,Saint Louis County,US
45.14858,-93.15161,Circle Pines,Minnesota,Anoka County,US
44.95496,-95.3664,Clara City,Minnesota,Chippewa County,US
45.41941,-94.04887,Clearwater,Minnesota,Wright County,US
46.72161,-92.45936,Cloquet,Minnesota,Carlton County,US
47.26356,-93.62022,Cohasset,Minnesota,Itasca County,US
45.0758,-94.18998,Cokato,Minnesota,Wright County,US
47.28883,-93.42771,Coleraine,Minnesota,Itasca County,US
45.59441,-94.36305,Collegeville,Minnesota,Stearns County,US
45.4558,-94.42888,Cold Spring,Minnesota,Stearns County,US
44.77163,-93.78135,Cologne,Minnesota,Carver County,US
45.0408,-93.263,Columbia Heights,Minnesota,Anoka County,US
45.11997,-93.28773,Coon Rapids,Minnesota,Anoka County,US
45.09524,-93.54746,Corcoran,Minnesota,Hennepin County,US
44.82774,-92.94382,Cottage Grove,Minnesota,Washington County,US
44.60885,-95.67419,Cottonwood,Minnesota,Lyon County,US
47.77414,-96.60812,Crookston,Minnesota,Polk County,US
46.48218,-93.95776,Crosby,Minnesota,Crow Wing County,US
46.65941,-94.11387,Cross Lake,Minnesota,Crow Wing County,US
45.03274,-93.36023,Crystal,Minnesota,Hennepin County,US
45.08163,-94.30693,Dassel,Minnesota,Meeker County,US
44.93274,-96.05448,Dawson,Minnesota,Lac qui Parle County,US
45.24385,-93.51496,Dayton,Minnesota,Hennepin County,US
44.92969,-93.52246,Deephaven,Minnesota,Hennepin County,US
45.04191,-93.78913,Delano,Minnesota,Wright County,US
45.08997,-92.97244,Dellwood,Minnesota,Washington County,US
46.81718,-95.84533,Detroit Lakes,Minnesota,Becker County,US
46.87663,-96.70341,Dilworth,Minnesota,Clay County,US
44.02802,-92.85464,Dodge Center,Minnesota,Dodge County,US
46.78327,-92.10658,Duluth,Minnesota,Saint Louis County,US
44.42941,-93.20188,Dundas,Minnesota,Rice County,US
44.80413,-93.16689,Eagan,Minnesota,Dakota County,US
44.16497,-93.88134,Eagle Lake,Minnesota,Blue Earth County,US
45.31941,-93.20245,East Bethel,Minnesota,Anoka County,US
47.92998,-97.02452,East Grand Forks,Minnesota,Polk County,US
46.40802,-94.35584,East Gull Lake,Minnesota,Cass County,US
44.85469,-93.47079,Eden Prairie,Minnesota,Hennepin County,US
45.32607,-94.54611,Eden Valley,Minnesota,Meeker County,US
43.87247,-96.12864,Edgerton,Minnesota,Pipestone County,US
44.88969,-93.34995,Edina,Minnesota,Hennepin County,US
45.99413,-95.97672,Elbow Lake,Minnesota,Grant County,US
44.13024,-92.25156,Elgin,Minnesota,Wabasha County,US
45.30385,-93.56718,Elk River,Minnesota,Sherburne County,US
47.90324,-91.86709,Ely,Minnesota,Saint Louis County,US
46.70578,-92.36325,Esko,Minnesota,Carlton County,US
47.46243,-92.53991,Eveleth,Minnesota,Saint Louis County,US
44.9033,-93.56635,Excelsior,Minnesota,Hennepin County,US
43.9883,-92.2285,Eyota,Minnesota,Olmsted County,US
44.52913,-94.72082,Fairfax,Minnesota,Renville County,US
43.65218,-94.46108,Fairmont,Minnesota,Martin County,US
44.99163,-93.16633,Falcon Heights,Minnesota,Ramsey County,US
44.29496,-93.26883,Faribault,Minnesota,Rice County,US
44.64024,-93.14355,Farmington,Minnesota,Dakota County,US
46.28302,-96.07756,Fergus Falls,Minnesota,Otter Tail County,US
45.66469,-93.9097,Foley,Minnesota,Benton County,US
45.27886,-92.98522,Forest Lake,Minnesota,Washington County,US
47.57635,-95.75141,Fosston,Minnesota,Polk County,US
46.72801,-95.70088,Frazee,Minnesota,Becker County,US
45.08608,-93.26328,Fridley,Minnesota,Anoka County,US
43.87052,-95.60029,Fulda,Minnesota,Murray County,US
44.55302,-94.22053,Gaylord,Minnesota,Sibley County,US
47.48882,-92.46491,Gilbert,Minnesota,Saint Louis County,US
44.76913,-94.15164,Glencoe,Minnesota,McLeod County,US
45.65024,-95.38976,Glenwood,Minnesota,Pope County,US
46.87524,-96.57896,Glyndon,Minnesota,Clay County,US
45.00969,-93.34912,Golden Valley,Minnesota,Hennepin County,US
44.40052,-92.6238,Goodhue,Minnesota,Goodhue County,US
44.06246,-91.69571,Goodview,Minnesota,Winona County,US
47.75045,-90.33427,Grand Marais,Minnesota,Cook County,US
43.7058,-92.57212,Grand Meadow,Minnesota,Mower County,US
47.23717,-93.53021,Grand Rapids,Minnesota,Itasca County,US
44.80996,-95.54558,Granite Falls,Minnesota,Yellow Medicine County,US
45.08441,-92.91049,Grant,Minnesota,Washington County,US
45.1033,-93.69135,Greenfield,Minnesota,Hennepin County,US
48.77443,-96.94645,Hallock,Minnesota,Kittson County,US
45.25024,-93.24995,Ham Lake,Minnesota,Anoka County,US
45.1558,-93.66635,Hanover,Minnesota,Wright County,US
43.55524,-92.01016,Harmony,Minnesota,Fillmore County,US
45.58635,-92.97466,Harris,Minnesota,Chisago County,US
44.7433,-92.85243,Hastings,Minnesota,Dakota County,US
46.88079,-96.31673,Hawley,Minnesota,Clay County,US
43.89052,-92.84769,Hayfield,Minnesota,Dodge County,US
44.74385,-94.71555,Hector,Minnesota,Renville County,US
46.80689,-92.23825,Hermantown,Minnesota,Saint Louis County,US
47.42715,-92.93769,Hibbing,Minnesota,Saint Louis County,US
46.01134,-92.94437,Hinckley,Minnesota,Pine County,US
44.92496,-93.46273,Hopkins,Minnesota,Hennepin County,US
45.0608,-94.07331,Howard Lake,Minnesota,Wright County,US
47.51965,-92.13851,Hoyt Lakes,Minnesota,Saint Louis County,US
45.15997,-92.99327,Hugo,Minnesota,Washington County,US
44.88774,-94.36971,Hutchinson,Minnesota,McLeod County,US
45.02524,-93.70746,Independence,Minnesota,Hennepin County,US
48.60105,-93.41098,International Falls,Minnesota,Koochiching County,US
44.84802,-93.04272,Inver Grove Heights,Minnesota,Dakota County,US
45.49024,-93.24773,Isanti,Minnesota,Isanti County,US
44.4633,-96.24726,Ivanhoe,Minnesota,Lincoln County,US
43.62079,-94.9886,Jackson,Minnesota,Jackson County,US
44.11608,-93.708,Janesville,Minnesota,Waseca County,US
44.66691,-93.6269,Jordan,Minnesota,Scott County,US
44.02996,-92.75074,Kasson,Minnesota,Dodge County,US
47.39966,-93.07242,Keewatin,Minnesota,Itasca County,US
44.27219,-92.98548,Kenyon,Minnesota,Goodhue County,US
43.82802,-91.30403,La Crescent,Minnesota,Houston County,US
44.44968,-92.2682,Lake City,Minnesota,Wabasha County,US
44.1058,-94.21885,Lake Crystal,Minnesota,Blue Earth County,US
44.9958,-92.87938,Lake Elmo,Minnesota,Washington County,US
45.4433,-93.58996,Zimmerman,Minnesota,Sherburne County,US
44.9208,-92.76687,Lake Saint Croix Beach,Minnesota,Washington County,US
46.48552,-94.36056,Lake Shore,Minnesota,Cass County,US
43.67746,-95.17166,Lakefield,Minnesota,Jackson County,US
44.95636,-92.76576,Lakeland,Minnesota,Washington County,US
44.64969,-93.24272,Lakeville,Minnesota,Dakota County,US
44.99858,-93.20578,Lauderdale,Minnesota,Ramsey County,US
44.38941,-93.73023,Le Center,Minnesota,Le Sueur County,US
44.46135,-93.91524,Le Sueur,Minnesota,Le Sueur County,US
44.88385,-94.04164,Lester Prairie,Minnesota,McLeod County,US
43.98441,-91.86932,Lewiston,Minnesota,Winona County,US
45.14247,-93.16328,Lexington,Minnesota,Anoka County,US
45.38941,-92.84799,Lindstrom,Minnesota,Chisago County,US
45.16024,-93.08883,Lino Lakes,Minnesota,Anoka County,US
45.12718,-94.52805,Litchfield,Minnesota,Meeker County,US
45.02691,-93.08772,Little Canada,Minnesota,Ramsey County,US
45.97635,-94.3625,Little Falls,Minnesota,Morrison County,US
47.86801,-95.11055,Little Rock,Minnesota,Beltrami County,US
44.98663,-93.57162,Long Lake,Minnesota,Hennepin County,US
45.97469,-94.86558,Long Prairie,Minnesota,Todd County,US
44.48024,-93.42856,Lonsdale,Minnesota,Rice County,US
43.65414,-96.21281,Luverne,Minnesota,Rock County,US
44.05079,-94.4183,Madelia,Minnesota,Watonwan County,US
45.00968,-96.19588,Madison,Minnesota,Lac qui Parle County,US
44.20441,-93.81551,Madison Lake,Minnesota,Blue Earth County,US
47.31524,-95.96865,Mahnomen,Minnesota,Mahnomen County,US
45.06969,-92.9516,Mahtomedi,Minnesota,Washington County,US
44.16358,-93.9994,Mankato,Minnesota,Blue Earth County,US
44.06913,-92.75575,Mantorville,Minnesota,Dodge County,US
45.07246,-93.45579,Maple Grove,Minnesota,Hennepin County,US
45.22913,-94.00192,Maple Lake,Minnesota,Wright County,US
45.00719,-93.65579,Maple Plain,Minnesota,Hennepin County,US
43.92885,-93.95606,Mapleton,Minnesota,Blue Earth County,US
44.95302,-92.99522,Maplewood,Minnesota,Ramsey County,US
44.4469,-95.78835,Marshall,Minnesota,Lyon County,US
44.88496,-93.88775,Mayer,Minnesota,Carver County,US
44.17413,-93.24632,Medford,Minnesota,Steele County,US
45.03524,-93.58246,Medina,Minnesota,Hennepin County,US
45.67469,-94.80752,Melrose,Minnesota,Stearns County,US
46.75385,-95.09808,Menahga,Minnesota,Wadena County,US
44.88358,-93.13827,Mendota Heights,Minnesota,Dakota County,US
45.7558,-93.65441,Milaca,Minnesota,Mille Lacs County,US
44.97997,-93.26384,Minneapolis,Minnesota,Hennepin County,US
44.55885,-95.98559,Minneota,Minnesota,Lyon County,US
44.9133,-93.50329,Minnetonka,Minnesota,Hennepin County,US
44.94107,-93.4419,Minnetonka Mills,Minnesota,Hennepin County,US
44.9383,-93.71774,Minnetrista,Minnesota,Hennepin County,US
44.94803,-95.71701,Montevideo,Minnesota,Chippewa County,US
44.43885,-93.58134,Montgomery,Minnesota,Le Sueur County,US
45.30552,-93.79414,Monticello,Minnesota,Wright County,US
45.06496,-93.91108,Montrose,Minnesota,Wright County,US
46.87386,-96.76951,Moorhead,Minnesota,Clay County,US
46.45411,-92.76187,Moose Lake,Minnesota,Carlton County,US
45.8769,-93.29384,Mora,Minnesota,Kanabec County,US
45.58607,-95.91394,Morris,Minnesota,Stevens County,US
44.93663,-93.66607,Mound,Minnesota,Hennepin County,US
45.10497,-93.20856,Mounds View,Minnesota,Ramsey County,US
47.53243,-92.62351,Mountain Iron,Minnesota,Saint Louis County,US
43.93885,-94.92971,Mountain Lake,Minnesota,Cottonwood County,US
45.06552,-93.20189,New Brighton,Minnesota,Ramsey County,US
45.03802,-93.38662,New Hope,Minnesota,Hennepin County,US
45.30108,-94.94418,New London,Minnesota,Kandiyohi County,US
44.5433,-93.57607,New Prague,Minnesota,Le Sueur County,US
43.89385,-93.49383,New Richland,Minnesota,Waseca County,US
44.31246,-94.46053,New Ulm,Minnesota,Brown County,US
46.51802,-95.37615,New York Mills,Minnesota,Otter Tail County,US
44.86636,-93.00049,Newport,Minnesota,Washington County,US
44.27608,-94.18746,Nicollet,Minnesota,Nicollet County,US
46.52052,-94.28861,Nisswa,Minnesota,Crow Wing County,US
45.51135,-92.98022,North Branch,Minnesota,Chisago County,US
44.1733,-94.03385,North Mankato,Minnesota,Nicollet County,US
45.10274,-93.07911,North Oaks,Minnesota,Ramsey County,US
45.01247,-92.99188,North Saint Paul,Minnesota,Ramsey County,US
44.4583,-93.1616,Northfield,Minnesota,Rice County,US
44.76802,-93.92747,Norwood (historical),Minnesota,Carver County,US
44.77357,-93.92163,Norwood Young America,Minnesota,Carver County,US
45.3408,-93.3269,Oak Grove,Minnesota,Anoka County,US
45.03136,-92.79298,Oak Park Heights,Minnesota,Washington County,US
44.96302,-92.96494,Oakdale,Minnesota,Washington County,US
46.93191,-96.77897,Oakport,Minnesota,Clay County,US
44.77635,-94.98972,Olivia,Minnesota,Renville County,US
44.97135,-93.6044,Orono,Minnesota,Hennepin County,US
44.16608,-92.53491,Oronoco,Minnesota,Olmsted County,US
45.30469,-96.44478,Ortonville,Minnesota,Big Stone County,US
45.86691,-95.15225,Osakis,Minnesota,Douglas County,US
45.11941,-93.40245,Osseo,Minnesota,Hennepin County,US
45.27413,-93.59135,Otsego,Minnesota,Wright County,US
44.08385,-93.22604,Owatonna,Minnesota,Steele County,US
46.92218,-95.05863,Park Rapids,Minnesota,Hubbard County,US
46.15302,-95.32892,Parkers Prairie,Minnesota,Otter Tail County,US
47.53104,-92.57907,Parkville,Minnesota,Saint Louis County,US
45.38052,-94.71195,Paynesville,Minnesota,Stearns County,US
46.57079,-96.08311,Pelican Rapids,Minnesota,Otter Tail County,US
46.60302,-94.30944,Pequot Lakes,Minnesota,Crow Wing County,US
46.5944,-95.57254,Perham,Minnesota,Otter Tail County,US
45.98163,-94.10471,Pierz,Minnesota,Morrison County,US
45.82607,-92.96854,Pine City,Minnesota,Pine County,US
44.20135,-92.6463,Pine Island,Minnesota,Goodhue County,US
44.00053,-96.31753,Pipestone,Minnesota,Pipestone County,US
44.16497,-92.17156,Plainview,Minnesota,Wabasha County,US
45.01052,-93.45551,Plymouth,Minnesota,Hennepin County,US
43.67024,-92.08322,Preston,Minnesota,Fillmore County,US
45.56997,-93.58163,Princeton,Minnesota,Mille Lacs County,US
44.7133,-93.42273,Prior Lake,Minnesota,Scott County,US
46.74716,-92.22547,Proctor,Minnesota,Saint Louis County,US
45.2611,-93.45,Ramsey,Minnesota,Anoka County,US
47.87635,-95.01694,Red Lake,Minnesota,Beltrami County,US
47.88219,-96.27421,Red Lake Falls,Minnesota,Red Lake County,US
44.56247,-92.5338,Red Wing,Minnesota,Goodhue County,US
47.87857,-94.91305,Redby,Minnesota,Beltrami County,US
44.5394,-95.11694,Redwood Falls,Minnesota,Redwood County,US
44.78913,-95.21167,Renville,Minnesota,Renville County,US
45.75191,-94.22027,Rice,Minnesota,Benton County,US
44.8833,-93.283,Richfield,Minnesota,Hennepin County,US
45.45413,-94.51833,Richmond,Minnesota,Stearns County,US
45.03219,-93.33856,Robbinsdale,Minnesota,Hennepin County,US
44.02163,-92.4699,Rochester,Minnesota,Olmsted County,US
45.75746,-92.96243,Rock Creek,Minnesota,Pine County,US
45.0883,-93.73441,Rockford,Minnesota,Wright County,US
45.47191,-94.34083,Rockville,Minnesota,Stearns County,US
45.18885,-93.55301,Rogers,Minnesota,Hennepin County,US
48.84609,-95.76277,Roseau,Minnesota,Roseau County,US
44.73941,-93.12577,Rosemount,Minnesota,Dakota County,US
45.00608,-93.15661,Roseville,Minnesota,Ramsey County,US
45.82997,-94.29361,Royalton,Minnesota,Morrison County,US
45.68551,-92.96549,Rush City,Minnesota,Chisago County,US
43.8083,-91.75293,Rushford,Minnesota,Fillmore County,US
45.02052,-93.218,Saint Anthony,Minnesota,Hennepin County,US
45.47858,-94.15415,Saint Augusta,Minnesota,Stearns County,US
44.90552,-93.74746,Saint Bonifacius,Minnesota,Hennepin County,US
43.96941,-92.06433,Saint Charles,Minnesota,Winona County,US
45.5608,-94.16249,Saint Cloud,Minnesota,Stearns County,US
45.38691,-93.3594,Saint Francis,Minnesota,Anoka County,US
43.98246,-94.62692,Saint James,Minnesota,Watonwan County,US
45.56496,-94.31833,Saint Joseph,Minnesota,Stearns County,US
44.9483,-93.34801,Saint Louis Park,Minnesota,Hennepin County,US
45.20996,-93.66496,Saint Michael,Minnesota,Wright County,US
44.94441,-93.09327,Saint Paul,Minnesota,Ramsey County,US
44.84219,-92.99132,Saint Paul Park,Minnesota,Washington County,US
44.32358,-93.95801,Saint Peter,Minnesota,Nicollet County,US
46.13106,-92.86742,Sandstone,Minnesota,Pine County,US
45.62163,-94.20694,Sartell,Minnesota,Stearns County,US
45.73747,-94.95252,Sauk Centre,Minnesota,Stearns County,US
45.59191,-94.1661,Sauk Rapids,Minnesota,Benton County,US
44.77913,-93.33634,Savage,Minnesota,Scott County,US
45.25358,-92.80577,Scandia,Minnesota,Washington County,US
45.38691,-92.74771,Shafer,Minnesota,Chisago County,US
44.79802,-93.5269,Shakopee,Minnesota,Scott County,US
43.65218,-94.72692,Sherburn,Minnesota,Martin County,US
45.07913,-93.14717,Shoreview,Minnesota,Ramsey County,US
44.9008,-93.58912,Shorewood,Minnesota,Hennepin County,US
47.29436,-91.25739,Silver Bay,Minnesota,Lake County,US
43.98774,-95.75585,Slayton,Minnesota,Murray County,US
44.29718,-94.72415,Sleepy Eye,Minnesota,Brown County,US
44.89274,-93.03494,South Saint Paul,Minnesota,Dakota County,US
45.23302,-94.94001,Spicer,Minnesota,Kandiyohi County,US
43.56108,-91.63598,Spring Grove,Minnesota,Houston County,US
45.10774,-93.238,Spring Lake Park,Minnesota,Anoka County,US
44.93524,-93.63218,Spring Park,Minnesota,Hennepin County,US
43.68691,-92.38906,Spring Valley,Minnesota,Fillmore County,US
44.23885,-94.97582,Springfield,Minnesota,Brown County,US
45.4583,-94.19804,Saint Augusta,Minnesota,Stearns County,US
45.39802,-92.98744,Stacy,Minnesota,Chisago County,US
46.35552,-94.79224,Staples,Minnesota,Todd County,US
45.6144,-95.53115,Starbuck,Minnesota,Pope County,US
43.85552,-92.48851,Stewartville,Minnesota,Olmsted County,US
45.05636,-92.80604,Stillwater,Minnesota,Washington County,US
48.11914,-96.18115,Thief River Falls,Minnesota,Pennington County,US
44.90857,-93.59301,Tonka Bay,Minnesota,Hennepin County,US
44.23329,-95.61918,Tracy,Minnesota,Lyon County,US
43.82773,-94.43719,Truman,Minnesota,Martin County,US
47.02271,-91.67073,Two Harbors,Minnesota,Lake County,US
44.2783,-96.13475,Tyler,Minnesota,Lincoln County,US
45.05747,-93.07383,Vadnais Heights,Minnesota,Ramsey County,US
44.85857,-93.66163,Victoria,Minnesota,Carver County,US
46.16357,-93.75747,Vineland,Minnesota,Mille Lacs County,US
47.52326,-92.53657,Virginia,Minnesota,Saint Louis County,US
44.38386,-92.03294,Wabasha,Minnesota,Wabasha County,US
44.8508,-93.78691,Waconia,Minnesota,Carver County,US
46.44246,-95.13614,Wadena,Minnesota,Wadena County,US
45.55719,-94.22416,Waite Park,Minnesota,Stearns County,US
47.10135,-94.58722,Walker,Minnesota,Cass County,US
44.30441,-92.79047,Wanamingo,Minnesota,Goodhue County,US
48.19664,-96.77284,Warren,Minnesota,Marshall County,US
48.90527,-95.3144,Warroad,Minnesota,Roseau County,US
44.07774,-93.50744,Waseca,Minnesota,Waseca County,US
44.96357,-93.84719,Watertown,Minnesota,Carver County,US
44.21885,-93.568,Waterville,Minnesota,Le Sueur County,US
45.06663,-93.96636,Waverly,Minnesota,Wright County,US
44.97413,-93.50662,Wayzata,Minnesota,Hennepin County,US
43.74607,-93.72884,Wells,Minnesota,Faribault County,US
45.15969,-93.34967,West Coon Rapids,Minnesota,Hennepin County,US
44.91608,-93.10161,West Saint Paul,Minnesota,Dakota County,US
45.80441,-96.49923,Wheaton,Minnesota,Traverse County,US
45.08469,-93.00994,White Bear Lake,Minnesota,Ramsey County,US
45.12191,-95.04334,Willmar,Minnesota,Kandiyohi County,US
43.86635,-95.11694,Windom,Minnesota,Cottonwood County,US
43.76773,-94.16579,Winnebago,Minnesota,Faribault County,US
44.04996,-91.63932,Winona,Minnesota,Winona County,US
44.96385,-94.04747,Winsted,Minnesota,McLeod County,US
44.54302,-94.36637,Winthrop,Minnesota,Sibley County,US
44.92386,-92.95938,Woodbury,Minnesota,Washington County,US
43.61996,-95.5964,Worthington,Minnesota,Nobles County,US
45.33636,-92.99716,Wyoming,Minnesota,Chisago County,US
44.78274,-93.91358,Young America (historical),Minnesota,Carver County,US
44.29413,-92.66908,Zumbrota,Minnesota,Goodhue County,US
40.24861,-94.33107,Albany,Missouri,Gentry County,US
40.26833,-94.02829,Bethany,Missouri,Harrison County,US
40.12504,-91.62516,Canton,Missouri,Lewis County,US
40.48749,-94.41107,Grant City,Missouri,Worth County,US
40.42032,-91.71961,Kahoka,Missouri,Clark County,US
40.05138,-94.52412,King City,Missouri,Gentry County,US
40.19475,-92.58325,Kirksville,Missouri,Adair County,US
40.02337,-92.49158,La Plata,Missouri,Macon County,US
40.52086,-92.52797,Lancaster,Missouri,Schuyler County,US
40.3461,-94.87247,Maryville,Missouri,Nodaway County,US
40.45781,-92.17129,Memphis,Missouri,Scotland County,US
40.20224,-93.12521,Milan,Missouri,Sullivan County,US
40.11838,-91.71211,Monticello,Missouri,Lewis County,US
40.13111,-95.23164,Mound City,Missouri,Holt County,US
40.40084,-93.5805,Princeton,Missouri,Mercer County,US
40.41111,-95.51693,Rock Port,Missouri,Atchison County,US
40.21777,-94.53829,Stanberry,Missouri,Gentry County,US
40.44028,-95.37776,Tarkio,Missouri,Atchison County,US
40.43946,-93.2341,Terre Haute,Missouri,Putnam County,US
40.0789,-93.61661,Trenton,Missouri,Grundy County,US
40.47696,-93.00326,Unionville,Missouri,Putnam County,US
46.03414,-99.3715,Ashley,North Dakota,McIntosh County,US
48.83917,-99.74487,Belcourt,North Dakota,Rolette County,US
48.48667,-99.20986,Cando,North Dakota,Towner County,US
47.44972,-99.12622,Carrington,North Dakota,Foster County,US
46.90053,-97.2112,Casselton,North Dakota,Cass County,US
48.79388,-97.62231,Cavalier,North Dakota,Pembina County,US
47.44444,-98.12398,Cooperstown,North Dakota,Griggs County,US
48.11278,-98.86512,Devils Lake,North Dakota,Ramsey County,US
46.00275,-98.52705,Ellendale,North Dakota,Dickey County,US
46.87719,-96.7898,Fargo,North Dakota,Cass County,US
47.64917,-99.62929,Fessenden,North Dakota,Wells County,US
47.51416,-97.83593,Finley,North Dakota,Steele County,US
46.10774,-97.63649,Forman,North Dakota,Sargent County,US
47.98,-98.9929,Fort Totten,North Dakota,Benson County,US
48.41221,-97.41063,Grafton,North Dakota,Walsh County,US
47.92526,-97.03285,Grand Forks,North Dakota,Grand Forks County,US
47.76972,-99.9354,Harvey,North Dakota,Wells County,US
47.40387,-97.06203,Hillsboro,North Dakota,Traill County,US
46.75886,-96.9037,Horace,North Dakota,Cass County,US
46.91054,-98.70844,Jamestown,North Dakota,Stutsman County,US
48.04278,-98.33621,Lakota,North Dakota,Nelson County,US
48.76,-98.36817,Langdon,North Dakota,Cavalier County,US
47.90666,-97.62675,Larimore,North Dakota,Grand Forks County,US
46.44163,-97.68121,Lisbon,North Dakota,Ransom County,US
47.49804,-97.32454,Mayville,North Dakota,Traill County,US
46.50831,-99.77122,Napoleon,North Dakota,Logan County,US
48.07139,-99.25236,Minnewaukan,North Dakota,Benson County,US
47.68,-99.1379,New Rockford,North Dakota,Eddy County,US
46.13858,-98.09038,Oakes,North Dakota,Dickey County,US
48.3986,-97.7412,Park River,North Dakota,Walsh County,US
48.85778,-99.61792,Rolla,North Dakota,Rolette County,US
48.36889,-99.99625,Rugby,North Dakota,Pierce County,US
46.5858,-97.4912,Sheldon,North Dakota,Ransom County,US
48.79806,-99.86486,Shell Valley,North Dakota,Rolette County,US
46.85471,-99.91594,Steele,North Dakota,Kidder County,US
46.92331,-98.00315,Valley City,North Dakota,Barnes County,US
46.26524,-96.60591,Wahpeton,North Dakota,Richland County,US
46.87497,-96.90036,West Fargo,North Dakota,Cass County,US
46.25692,-99.55706,Wishek,North Dakota,McIntosh County,US
42.55,-99.86262,Ainsworth,Nebraska,Brown County,US
41.69084,-98.00367,Albion,Nebraska,Boone County,US
40.09751,-99.36204,Alma,Nebraska,Harlan County,US
40.30417,-99.9004,Arapahoe,Nebraska,Furnas County,US
41.4525,-96.35113,Arlington,Nebraska,Washington County,US
41.03916,-96.36835,Ashland,Nebraska,Saunders County,US
42.53139,-98.97815,Atkinson,Nebraska,Holt County,US
40.39278,-95.83889,Auburn,Nebraska,Nemaha County,US
40.86723,-98.00422,Aurora,Nebraska,Hamilton County,US
41.88529,-98.5523,Bartlett,Nebraska,Wheeler County,US
42.58583,-99.53789,Bassett,Nebraska,Rock County,US
41.99945,-97.59839,Battle Creek,Nebraska,Madison County,US
40.26806,-96.74697,Beatrice,Nebraska,Gage County,US
40.13751,-99.82956,Beaver City,Nebraska,Furnas County,US
41.13667,-95.89084,Bellevue,Nebraska,Sarpy County,US
41.36472,-96.1578,Bennington,Nebraska,Douglas County,US
41.54444,-96.12502,Blair,Nebraska,Washington County,US
42.59889,-97.64562,Bloomfield,Nebraska,Knox County,US
41.93889,-99.86485,Brewster,Nebraska,Blaine County,US
41.40195,-99.63928,Broken Bow,Nebraska,Custer County,US
41.78167,-99.13315,Burwell,Nebraska,Garfield County,US
42.91139,-98.84926,Butte,Nebraska,Boyd County,US
42.60945,-97.87673,Center,Nebraska,Knox County,US
41.11585,-98.00172,Central City,Nebraska,Merrick County,US
41.18389,-96.1503,Chalco,Nebraska,Sarpy County,US
40.52168,-98.05533,Clay Center,Nebraska,Clay County,US
41.42973,-97.36838,Columbus,Nebraska,Platte County,US
40.85973,-99.98734,Cozad,Nebraska,Dawson County,US
42.46667,-97.90618,Creighton,Nebraska,Knox County,US
40.62778,-96.96142,Crete,Nebraska,Saline County,US
42.41555,-96.41836,Dakota City,Nebraska,Dakota County,US
41.25279,-97.13004,David City,Nebraska,Butler County,US
40.81667,-96.43029,Eagle,Nebraska,Cass County,US
41.28639,-96.23447,Elkhorn,Nebraska,Douglas County,US
40.59028,-99.86095,Elwood,Nebraska,Gosper County,US
40.13722,-97.18059,Fairbury,Nebraska,Jefferson County,US
40.06084,-95.60193,Falls City,Nebraska,Richardson County,US
40.09612,-98.95258,Franklin,Nebraska,Franklin County,US
41.43333,-96.49808,Fremont,Nebraska,Dodge County,US
40.65362,-97.28616,Friend,Nebraska,Saline County,US
41.36335,-97.96923,Fullerton,Nebraska,Nance County,US
40.52695,-97.59588,Geneva,Nebraska,Fillmore County,US
41.44862,-97.73061,Genoa,Nebraska,Nance County,US
40.74835,-98.8448,Gibbon,Nebraska,Buffalo County,US
40.92501,-98.34201,Grand Island,Nebraska,Hall County,US
41.54862,-98.53118,Greeley,Nebraska,Greeley County,US
41.14083,-96.23974,Gretna,Nebraska,Sarpy County,US
42.6225,-97.2645,Hartington,Nebraska,Cedar County,US
40.6189,-98.09727,Harvard,Nebraska,Clay County,US
40.58612,-98.38839,Hastings,Nebraska,Adams County,US
40.16639,-97.58588,Hebron,Nebraska,Thayer County,US
40.62,-96.62918,Hickman,Nebraska,Lancaster County,US
40.44029,-99.36982,Holdrege,Nebraska,Phelps County,US
40.69946,-99.08148,Kearney,Nebraska,Buffalo County,US
41.18389,-96.03113,La Vista,Nebraska,Sarpy County,US
40.78084,-99.7415,Lexington,Nebraska,Dawson County,US
40.8,-96.66696,Lincoln,Nebraska,Lancaster County,US
40.99778,-96.16224,Louisville,Nebraska,Cass County,US
41.27557,-98.96675,Loup City,Nebraska,Sherman County,US
42.11305,-96.35642,Macy,Nebraska,Thurston County,US
41.82834,-97.45505,Madison,Nebraska,Madison County,US
40.77445,-97.05059,Milford,Nebraska,Seward County,US
40.49863,-98.94786,Minden,Nebraska,Kearney County,US
40.67667,-95.85917,Nebraska City,Nebraska,Otoe County,US
42.12862,-98.02979,Neligh,Nebraska,Antelope County,US
40.20168,-98.06782,Nelson,Nebraska,Nuckolls County,US
42.02834,-97.417,Norfolk,Nebraska,Madison County,US
41.46195,-96.77975,North Bend,Nebraska,Dodge County,US
42.45778,-98.64759,O'Neill,Nebraska,Holt County,US
41.83583,-96.46697,Oakland,Nebraska,Burt County,US
41.25861,-95.93779,Omaha,Nebraska,Douglas County,US
41.60334,-98.9262,Ord,Nebraska,Valley County,US
41.17974,-97.54755,Osceola,Nebraska,Polk County,US
41.15444,-96.04224,Papillion,Nebraska,Sarpy County,US
40.10833,-96.15445,Pawnee City,Nebraska,Pawnee County,US
42.11416,-96.70726,Pender,Nebraska,Thurston County,US
42.19917,-97.52672,Pierce,Nebraska,Pierce County,US
42.34973,-97.79201,Plainview,Nebraska,Pierce County,US
41.01139,-95.88223,Plattsmouth,Nebraska,Cass County,US
42.5625,-96.70559,Ponca,Nebraska,Dixon County,US
41.20528,-96.04252,Ralston,Nebraska,Douglas County,US
41.02612,-98.91258,Ravenna,Nebraska,Buffalo County,US
40.0889,-98.5195,Red Cloud,Nebraska,Webster County,US
41.21473,-98.45812,Saint Paul,Nebraska,Howard County,US
41.44723,-97.05948,Schuyler,Nebraska,Colfax County,US
40.90695,-97.09892,Seward,Nebraska,Seward County,US
40.77918,-98.73091,Shelton,Nebraska,Buffalo County,US
42.47388,-96.41364,South Sioux City,Nebraska,Dakota County,US
41.08194,-96.13446,Springfield,Nebraska,Sarpy County,US
41.95028,-97.22393,Stanton,Nebraska,Stanton County,US
42.82444,-99.74901,Springview,Nebraska,Keya Paha County,US
41.11418,-97.59894,Stromsburg,Nebraska,Polk County,US
40.02085,-98.07004,Superior,Nebraska,Nuckolls County,US
40.60557,-97.85921,Sutton,Nebraska,Clay County,US
40.65722,-96.1864,Syracuse,Nebraska,Otoe County,US
41.77028,-99.37872,Taylor,Nebraska,Loup County,US
40.36667,-96.19612,Tecumseh,Nebraska,Johnson County,US
41.77832,-96.22113,Tekamah,Nebraska,Burt County,US
41.31278,-96.34614,Valley,Nebraska,Douglas County,US
41.21139,-96.6203,Wahoo,Nebraska,Saunders County,US
42.26917,-96.86504,Wakefield,Nebraska,Dixon County,US
40.9175,-96.52834,Waverly,Nebraska,Lancaster County,US
42.23056,-97.01782,Wayne,Nebraska,Wayne County,US
40.87,-96.14057,Weeping Water,Nebraska,Cass County,US
41.84167,-96.70864,West Point,Nebraska,Cuming County,US
40.48139,-96.96058,Wilber,Nebraska,Saline County,US
41.98722,-96.91421,Wisner,Nebraska,Cuming County,US
40.82057,-98.60007,Wood River,Nebraska,Hall County,US
40.12222,-96.66252,Wymore,Nebraska,Gage County,US
40.86807,-97.592,York,Nebraska,York County,US
41.245,-96.39725,Yutan,Nebraska,Saunders County,US
43.61146,-71.79286,Alexandria,New Hampshire,Grafton County,US
43.15786,-71.40562,Allenstown Elementary School,New Hampshire,Merrimack County,US
43.14897,-72.36064,Alstead,New Hampshire,Cheshire County,US
43.43702,-71.82341,Andover,New Hampshire,Merrimack County,US
43.03091,-71.93897,Antrim,New Hampshire,Hillsborough County,US
43.69535,-71.63063,Ashland,New Hampshire,Grafton County,US
42.83842,-71.147,Atkinson,New Hampshire,Rockingham County,US
43.00453,-71.3484,Auburn,New Hampshire,Rockingham County,US
43.33397,-71.29284,Barnstead,New Hampshire,Belknap County,US
43.22286,-71.04701,Barrington,New Hampshire,Strafford County,US
42.94647,-71.5159,Bedford,New Hampshire,Hillsborough County,US
43.44536,-71.47785,Belmont,New Hampshire,Belknap County,US
44.46867,-71.18508,Berlin,New Hampshire,Coos County,US
43.31508,-71.62091,Boscawen,New Hampshire,Merrimack County,US
43.12064,-71.51146,Bow Bog,New Hampshire,Merrimack County,US
42.9787,-71.07284,Brentwood,New Hampshire,Rockingham County,US
43.63841,-71.73647,Bridgewater,New Hampshire,Grafton County,US
43.59119,-71.73675,Bristol,New Hampshire,Grafton County,US
42.73481,-71.65813,Brookline,New Hampshire,Hillsborough County,US
43.07786,-71.27673,Candia,New Hampshire,Rockingham County,US
43.33702,-71.56535,Canterbury,New Hampshire,Merrimack County,US
43.7098,-71.46035,Center Harbor,New Hampshire,Carroll County,US
43.23869,-72.42453,Charlestown,New Hampshire,Sullivan County,US
42.95675,-71.25728,Chester,New Hampshire,Rockingham County,US
42.8873,-72.47037,Chesterfield,New Hampshire,Cheshire County,US
43.24925,-71.39979,Chichester,New Hampshire,Merrimack County,US
43.37674,-72.34676,Claremont,New Hampshire,Sullivan County,US
44.89449,-71.49592,Colebrook,New Hampshire,Coos County,US
43.20814,-71.53757,Concord,New Hampshire,Merrimack County,US
43.22202,-71.71397,Contoocook,New Hampshire,Merrimack County,US
43.97924,-71.12035,Conway,New Hampshire,Carroll County,US
43.52563,-71.86175,Danbury,New Hampshire,Merrimack County,US
42.91259,-71.1245,Danville,New Hampshire,Rockingham County,US
43.07314,-71.84452,Deering,New Hampshire,Hillsborough County,US
44.23062,-71.61703,Deerfield,New Hampshire,Grafton County,US
42.88064,-71.32729,Derry,New Hampshire,Rockingham County,US
42.89175,-71.31201,Derry Village,New Hampshire,Rockingham County,US
43.19786,-70.87367,Dover,New Hampshire,Strafford County,US
42.90758,-72.06258,Dublin,New Hampshire,Cheshire County,US
43.13397,-70.92645,Durham,New Hampshire,Strafford County,US
43.24202,-71.53813,East Concord,New Hampshire,Merrimack County,US
42.92564,-71.01672,East Kingston,New Hampshire,Rockingham County,US
42.86814,-71.4834,East Merrimack,New Hampshire,Hillsborough County,US
43.76119,-70.99645,Effingham,New Hampshire,Carroll County,US
43.64063,-72.14398,Enfield,New Hampshire,Grafton County,US
43.03342,-71.07423,Epping,New Hampshire,Rockingham County,US
43.22286,-71.33201,Epsom,New Hampshire,Merrimack County,US
42.98148,-70.94783,Exeter,New Hampshire,Rockingham County,US
43.3898,-71.06506,Farmington,New Hampshire,Strafford County,US
42.78064,-72.14175,Fitzwilliam,New Hampshire,Cheshire County,US
43.44424,-71.6473,Franklin,New Hampshire,Merrimack County,US
43.8123,-71.03562,Freedom,New Hampshire,Carroll County,US
42.99092,-71.14256,Fremont,New Hampshire,Rockingham County,US
43.54758,-71.40674,Gilford,New Hampshire,Belknap County,US
43.42425,-71.41452,Gilmanton,New Hampshire,Belknap County,US
43.02036,-71.60035,Goffstown,New Hampshire,Hillsborough County,US
44.38784,-71.17313,Gorham,New Hampshire,Coos County,US
43.55868,-71.94397,Grafton,New Hampshire,Grafton County,US
43.48952,-72.13759,Grantham,New Hampshire,Sullivan County,US
42.95064,-71.8723,Greenfield,New Hampshire,Hillsborough County,US
43.0362,-70.83283,Greenland,New Hampshire,Rockingham County,US
42.76731,-71.8123,Greenville,New Hampshire,Hillsborough County,US
44.59867,-71.5112,Groveton,New Hampshire,Coos County,US
42.87453,-71.18117,Hampstead,New Hampshire,Rockingham County,US
42.93759,-70.83894,Hampton,New Hampshire,Rockingham County,US
42.90731,-70.812,Hampton Beach,New Hampshire,Rockingham County,US
42.9162,-70.86366,Hampton Falls,New Hampshire,Rockingham County,US
43.70229,-72.28954,Hanover,New Hampshire,Grafton County,US
42.94508,-72.09647,Harrisville,New Hampshire,Cheshire County,US
44.03451,-72.06398,Haverhill,New Hampshire,Grafton County,US
43.1798,-71.8223,Henniker,New Hampshire,Merrimack County,US
43.52424,-71.70091,Hill,New Hampshire,Merrimack County,US
43.1148,-71.89508,Hillsboro,New Hampshire,Hillsborough County,US
42.78619,-72.48648,Hinsdale,New Hampshire,Cheshire County,US
43.73202,-71.58841,Holderness,New Hampshire,Grafton County,US
42.74314,-71.59174,Hollis,New Hampshire,Hillsborough County,US
43.09675,-71.46507,Hooksett,New Hampshire,Merrimack County,US
43.19147,-71.67535,Hopkinton,New Hampshire,Merrimack County,US
42.76481,-71.43979,Hudson,New Hampshire,Hillsborough County,US
42.81397,-72.02314,Jaffrey,New Hampshire,Cheshire County,US
44.41895,-71.47453,Jefferson,New Hampshire,Coos County,US
42.93369,-72.27814,Keene,New Hampshire,Cheshire County,US
42.92703,-70.94394,Kensington,New Hampshire,Rockingham County,US
42.93648,-71.05339,Kingston,New Hampshire,Rockingham County,US
43.52785,-71.47035,Laconia,New Hampshire,Belknap County,US
44.48895,-71.56925,Lancaster,New Hampshire,Coos County,US
43.64229,-72.25176,Lebanon,New Hampshire,Grafton County,US
43.12314,-71.01145,Lee,New Hampshire,Strafford County,US
43.23841,-72.21064,Lempster,New Hampshire,Sullivan County,US
42.84425,-71.47979,Litchfield,New Hampshire,Hillsborough County,US
44.30617,-71.77009,Littleton,New Hampshire,Grafton County,US
42.86509,-71.37395,Londonderry,New Hampshire,Rockingham County,US
43.80951,-72.15592,Lyme,New Hampshire,Grafton County,US
42.90758,-71.76646,Lyndeborough,New Hampshire,Hillsborough County,US
43.16925,-70.92395,Madbury,New Hampshire,Strafford County,US
43.89924,-71.1484,Madison,New Hampshire,Carroll County,US
42.99564,-71.45479,Manchester,New Hampshire,Hillsborough County,US
42.90425,-72.20786,Marlborough,New Hampshire,Cheshire County,US
42.7437,-71.76896,Mason,New Hampshire,Hillsborough County,US
43.65757,-71.50035,Meredith,New Hampshire,Belknap County,US
42.86509,-71.4934,Merrimack,New Hampshire,Hillsborough County,US
44.57339,-71.18508,Milan,New Hampshire,Coos County,US
42.83536,-71.64896,Milford,New Hampshire,Hillsborough County,US
42.89453,-71.67424,Mont Vernon,New Hampshire,Hillsborough County,US
43.7548,-71.39674,Moultonborough,New Hampshire,Carroll County,US
42.76537,-71.46757,Nashua,New Hampshire,Hillsborough County,US
42.97619,-71.69396,New Boston,New Hampshire,Hillsborough County,US
43.07231,-70.71616,New Castle,New Hampshire,Rockingham County,US
43.43675,-71.17229,New Durham,New Hampshire,Strafford County,US
42.74814,-71.85424,New Ipswich,New Hampshire,Hillsborough County,US
43.41396,-71.98508,New London,New Hampshire,Merrimack County,US
43.32146,-72.03592,Newbury,New Hampshire,Merrimack County,US
43.08286,-70.93506,Newmarket,New Hampshire,Rockingham County,US
43.36535,-72.17342,Newport,New Hampshire,Sullivan County,US
42.86953,-71.0345,Newton,New Hampshire,Rockingham County,US
44.05368,-71.1284,North Conway,New Hampshire,Carroll County,US
44.09034,-72.02648,North Haverhill,New Hampshire,Grafton County,US
42.97259,-70.82978,North Hampton,New Hampshire,Rockingham County,US
43.43313,-71.5923,Northfield,New Hampshire,Merrimack County,US
44.56339,-71.5587,Northumberland,New Hampshire,Coos County,US
43.19425,-71.1509,Northwood,New Hampshire,Rockingham County,US
43.11453,-71.09978,Nottingham,New Hampshire,Rockingham County,US
43.90535,-72.14009,Orford,New Hampshire,Grafton County,US
43.68536,-71.11673,Ossipee,New Hampshire,Carroll County,US
42.73453,-71.32451,Pelham,New Hampshire,Hillsborough County,US
43.14675,-71.45757,Pembroke,New Hampshire,Merrimack County,US
42.87064,-71.95175,Peterborough,New Hampshire,Hillsborough County,US
42.99425,-71.50729,Pinardville,New Hampshire,Hillsborough County,US
43.30591,-71.32423,Pittsfield,New Hampshire,Merrimack County,US
42.83648,-71.09478,Plaistow,New Hampshire,Rockingham County,US
43.75702,-71.68813,Plymouth,New Hampshire,Grafton County,US
43.07176,-70.76255,Portsmouth,New Hampshire,Rockingham County,US
43.0362,-71.1834,Raymond,New Hampshire,Rockingham County,US
42.75481,-72.27175,Richmond,New Hampshire,Cheshire County,US
42.7512,-72.0098,Rindge,New Hampshire,Cheshire County,US
43.30453,-70.97562,Rochester,New Hampshire,Strafford County,US
43.2362,-70.82034,Rollinsford,New Hampshire,Strafford County,US
43.80535,-71.81258,Rumney,New Hampshire,Grafton County,US
43.01342,-70.77089,Rye,New Hampshire,Rockingham County,US
42.78842,-71.20089,Salem,New Hampshire,Rockingham County,US
43.38008,-71.71702,Salisbury,New Hampshire,Merrimack County,US
43.48924,-71.5823,Sanbornton,New Hampshire,Belknap County,US
43.55425,-71.0309,Sanbornville,New Hampshire,Carroll County,US
42.9287,-71.18701,Sandown,New Hampshire,Rockingham County,US
43.79035,-71.41118,Sandwich,New Hampshire,Carroll County,US
42.89481,-70.87116,Seabrook,New Hampshire,Rockingham County,US
43.26175,-70.86534,Somersworth,New Hampshire,Strafford County,US
43.02647,-71.43534,South Hooksett,New Hampshire,Merrimack County,US
43.49507,-72.03342,Springfield,New Hampshire,Sullivan County,US
43.32703,-71.18423,Strafford,New Hampshire,Strafford County,US
44.65505,-71.55564,Stratford,New Hampshire,Coos County,US
43.05287,-70.89533,Stratham Station,New Hampshire,Rockingham County,US
43.38757,-72.08786,Sunapee,New Hampshire,Sullivan County,US
43.13064,-71.45312,Suncook,New Hampshire,Merrimack County,US
43.33424,-71.95147,Sutton,New Hampshire,Merrimack County,US
42.8698,-72.28175,Swanzey,New Hampshire,Cheshire County,US
43.8598,-71.26313,Tamworth,New Hampshire,Carroll County,US
42.81814,-71.85147,Temple,New Hampshire,Hillsborough County,US
43.89285,-71.67591,Thornton,New Hampshire,Grafton County,US
43.4423,-71.58896,Tilton,New Hampshire,Belknap County,US
42.82397,-72.18119,Troy,New Hampshire,Cheshire County,US
43.69647,-71.22201,Tuftonboro,New Hampshire,Carroll County,US
43.29396,-72.26037,Unity,New Hampshire,Sullivan County,US
43.56813,-71.03007,Wakefield,New Hampshire,Carroll County,US
43.0948,-71.73063,Weare,New Hampshire,Hillsborough County,US
43.32897,-71.71786,Webster,New Hampshire,Merrimack County,US
42.87008,-72.32175,West Swanzey,New Hampshire,Cheshire County,US
42.96203,-72.44231,Westmoreland,New Hampshire,Cheshire County,US
44.37312,-71.61008,Whitefield,New Hampshire,Coos County,US
43.45174,-71.91369,Wilmot,New Hampshire,Merrimack County,US
42.84342,-71.73507,Wilton,New Hampshire,Hillsborough County,US
42.77342,-72.38314,Winchester,New Hampshire,Cheshire County,US
42.80064,-71.30423,Windham,New Hampshire,Rockingham County,US
43.58397,-71.20729,Wolfeboro,New Hampshire,Carroll County,US
43.97757,-71.68508,Woodstock,New Hampshire,Grafton County,US
44.15229,-72.03731,Woodsville,New Hampshire,Grafton County,US
41.04149,-74.12903,Allendale,New Jersey,Bergen County,US
40.17789,-74.58349,Allentown,New Jersey,Monmouth County,US
40.95593,-73.93125,Alpine,New Jersey,Bergen County,US
40.66704,-75.1574,Alpha,New Jersey,Warren County,US
40.64093,-74.88128,Annandale,New Jersey,Hunterdon County,US
40.22039,-74.01208,Asbury Park,New Jersey,Monmouth County,US
40.40789,-74.03431,Atlantic Highlands,New Jersey,Monmouth County,US
40.58038,-74.28515,Avenel,New Jersey,Middlesex County,US
40.19234,-74.01597,Avon-by-the-Sea,New Jersey,Monmouth County,US
40.66871,-74.11431,Bayonne,New Jersey,Hudson County,US
40.81315,-74.84294,Beattystown,New Jersey,Warren County,US
40.68066,-74.64544,Bedminster,New Jersey,Somerset County,US
40.79371,-74.15014,Belleville,New Jersey,Essex County,US
40.42594,-74.08681,Belford,New Jersey,Monmouth County,US
40.17845,-74.0218,Belmar,New Jersey,Monmouth County,US
40.82982,-75.07767,Belvidere,New Jersey,Warren County,US
40.9276,-73.99736,Bergenfield,New Jersey,Bergen County,US
40.68343,-74.44265,Berkeley Heights,New Jersey,Union County,US
40.71871,-74.56932,Bernardsville,New Jersey,Somerset County,US
40.06539,-74.91906,Beverly,New Jersey,Burlington County,US
40.80677,-74.18542,Bloomfield,New Jersey,Essex County,US
41.00204,-74.32654,Bloomingdale,New Jersey,Passaic County,US
40.4976,-74.64738,Bloomingdale,New Jersey,Somerset County,US
40.87621,-74.02986,Bogota,New Jersey,Bergen County,US
40.9026,-74.4071,Boonton,New Jersey,Morris County,US
40.14622,-74.71183,Bordentown,New Jersey,Burlington County,US
40.56844,-74.53849,Bound Brook,New Jersey,Somerset County,US
40.20234,-74.01208,Bradley Beach,New Jersey,Monmouth County,US
40.56288,-74.6546,Bradley Gardens,New Jersey,Somerset County,US
40.76482,-75.01101,Brass Castle,New Jersey,Warren County,US
40.10789,-74.05653,Brielle,New Jersey,Monmouth County,US
40.40066,-74.29515,Brownville,New Jersey,Middlesex County,US
40.83371,-74.18292,Brookdale,New Jersey,Essex County,US
40.87121,-74.73405,Budd Lake,New Jersey,Morris County,US
40.07122,-74.86489,Burlington,New Jersey,Burlington County,US
41.00371,-74.34154,Butler,New Jersey,Morris County,US
40.83982,-74.27654,Caldwell,New Jersey,Essex County,US
40.71954,-74.83572,Califon,New Jersey,Hunterdon County,US
40.84038,-74.0907,Carlstadt,New Jersey,Bergen County,US
40.57733,-74.2282,Carteret,New Jersey,Middlesex County,US
40.04206,-74.29265,Cedar Glen West,New Jersey,Ocean County,US
40.85177,-74.22903,Cedar Grove,New Jersey,Essex County,US
40.74093,-74.38376,Chatham,New Jersey,Morris County,US
40.78427,-74.69683,Chester,New Jersey,Morris County,US
40.64094,-74.3107,Clark,New Jersey,Union County,US
40.30983,-74.4646,Clearbrook Park,New Jersey,Middlesex County,US
40.82149,-73.98764,Cliffside Park,New Jersey,Bergen County,US
40.44205,-74.21681,Cliffwood Beach,New Jersey,Monmouth County,US
40.85843,-74.16376,Clifton,New Jersey,Passaic County,US
40.63677,-74.90989,Clinton,New Jersey,Hunterdon County,US
40.97315,-73.96153,Closter,New Jersey,Bergen County,US
40.57455,-74.30209,Colonia,New Jersey,Middlesex County,US
40.31094,-74.44821,Concordia,New Jersey,Middlesex County,US
40.31622,-74.51376,Cranbury,New Jersey,Middlesex County,US
41.12426,-74.83989,Crandon Lakes,New Jersey,Sussex County,US
40.65844,-74.29959,Cranford,New Jersey,Union County,US
40.94149,-73.9593,Cresskill,New Jersey,Bergen County,US
40.37261,-74.51015,Dayton,New Jersey,Middlesex County,US
40.05067,-74.9535,Delanco,New Jersey,Burlington County,US
40.95732,-73.96347,Demarest,New Jersey,Bergen County,US
40.88399,-74.5621,Dover,New Jersey,Morris County,US
40.58927,-74.47182,Dunellen,New Jersey,Middlesex County,US
40.94065,-73.99681,Dumont,New Jersey,Bergen County,US
40.42788,-74.41598,East Brunswick,New Jersey,Middlesex County,US
40.28094,-74.25126,East Freehold,New Jersey,Monmouth County,US
40.8201,-74.36487,East Hanover,New Jersey,Morris County,US
40.74843,-74.16181,East Newark,New Jersey,Hudson County,US
40.76732,-74.20487,East Orange,New Jersey,Essex County,US
40.83399,-74.09709,East Rutherford,New Jersey,Bergen County,US
40.29622,-74.05097,Eatontown,New Jersey,Monmouth County,US
40.06817,-74.90072,Edgewater Park,New Jersey,Burlington County,US
40.51872,-74.4121,Edison,New Jersey,Middlesex County,US
40.82704,-73.97569,Edgewater,New Jersey,Bergen County,US
40.66399,-74.2107,Elizabeth,New Jersey,Union County,US
40.90399,-74.11848,Elmwood Park,New Jersey,Bergen County,US
40.97621,-74.02625,Emerson,New Jersey,Bergen County,US
40.89288,-73.97264,Englewood,New Jersey,Bergen County,US
40.88538,-73.95236,Englewood Cliffs,New Jersey,Bergen County,US
40.29733,-74.3582,Englishtown,New Jersey,Monmouth County,US
40.82454,-74.28459,Essex Fells,New Jersey,Essex County,US
40.26983,-74.79988,Ewing,New Jersey,Mercer County,US
40.36067,-74.03819,Fair Haven,New Jersey,Monmouth County,US
40.94038,-74.13181,Fair Lawn,New Jersey,Bergen County,US
40.88371,-74.30598,Fairfield,New Jersey,Essex County,US
40.8126,-73.99903,Fairview,New Jersey,Bergen County,US
40.37316,-74.08681,Fairview,New Jersey,Monmouth County,US
40.64094,-74.38348,Fanwood,New Jersey,Union County,US
40.1965,-74.16848,Farmingdale,New Jersey,Monmouth County,US
40.56316,-74.57766,Finderne,New Jersey,Somerset County,US
40.78788,-74.38821,Florham Park,New Jersey,Morris County,US
40.52927,-74.31598,Fords,New Jersey,Middlesex County,US
40.51233,-74.85933,Flemington,New Jersey,Hunterdon County,US
40.02984,-74.61849,Fort Dix,New Jersey,Burlington County,US
40.85093,-73.97014,Fort Lee,New Jersey,Bergen County,US
41.12204,-74.58044,Franklin,New Jersey,Sussex County,US
41.01676,-74.2057,Franklin Lakes,New Jersey,Bergen County,US
40.26011,-74.27376,Freehold,New Jersey,Monmouth County,US
40.52621,-75.06156,Frenchtown,New Jersey,Hunterdon County,US
40.88149,-74.1132,Garfield,New Jersey,Bergen County,US
40.65177,-74.32293,Garwood,New Jersey,Union County,US
40.7226,-74.66544,Gladstone,New Jersey,Somerset County,US
40.69677,-74.94072,Glen Gardner,New Jersey,Hunterdon County,US
40.80538,-74.20376,Glen Ridge,New Jersey,Essex County,US
40.96288,-74.13292,Glen Rock,New Jersey,Bergen County,US
40.6001,-74.6121,Green Knoll,New Jersey,Somerset County,US
40.16983,-74.67155,Groveville,New Jersey,Mercer County,US
40.79205,-74.00375,Guttenberg,New Jersey,Hudson County,US
40.88593,-74.04347,Hackensack,New Jersey,Bergen County,US
40.85399,-74.82906,Hackettstown,New Jersey,Warren County,US
41.15343,-74.57627,Hamburg,New Jersey,Sussex County,US
40.22733,-74.65321,Hamilton Square,New Jersey,Mercer County,US
40.70704,-74.956,Hampton,New Jersey,Hunterdon County,US
40.93565,-74.18626,Haledon,New Jersey,Passaic County,US
40.80454,-74.36682,Hanover,New Jersey,Morris County,US
41.05454,-74.93212,Hardwick,New Jersey,Warren County,US
40.98371,-73.97986,Harrington Park,New Jersey,Bergen County,US
40.74649,-74.15626,Harrison,New Jersey,Hudson County,US
40.85816,-74.0807,Hasbrouck Heights,New Jersey,Bergen County,US
40.96093,-73.99014,Haworth,New Jersey,Bergen County,US
40.94926,-74.15375,Hawthorne,New Jersey,Passaic County,US
40.38872,-74.57571,Heathcote,New Jersey,Middlesex County,US
40.37677,-74.4246,Helmetta,New Jersey,Middlesex County,US
40.66705,-74.89572,High Bridge,New Jersey,Hunterdon County,US
41.17676,-74.45655,Highland Lake,New Jersey,Sussex County,US
40.49594,-74.42432,Highland Park,New Jersey,Middlesex County,US
40.40372,-73.99153,Highlands,New Jersey,Monmouth County,US
40.26955,-74.52321,Hightstown,New Jersey,Mercer County,US
41.0026,-74.04042,Hillsdale,New Jersey,Bergen County,US
40.70121,-74.23015,Hillside,New Jersey,Union County,US
40.99649,-74.10125,Ho-Ho-Kus,New Jersey,Bergen County,US
40.74399,-74.03236,Hoboken,New Jersey,Hudson County,US
40.93288,-74.65933,Hopatcong,New Jersey,Sussex County,US
40.94399,-74.67072,Hopatcong Hills,New Jersey,Sussex County,US
40.38927,-74.76183,Hopewell,New Jersey,Mercer County,US
40.73232,-74.23487,Irvington,New Jersey,Essex County,US
40.57538,-74.32237,Iselin,New Jersey,Middlesex County,US
40.35261,-74.44015,Jamesburg,New Jersey,Middlesex County,US
40.72816,-74.07764,Jersey City,New Jersey,Hudson County,US
40.44177,-74.12986,Keansburg,New Jersey,Monmouth County,US
40.76843,-74.14542,Kearny,New Jersey,Hudson County,US
40.42094,-74.56071,Kendall Park,New Jersey,Middlesex County,US
40.87982,-74.61849,Kenvil,New Jersey,Morris County,US
40.67649,-74.2907,Kenilworth,New Jersey,Union County,US
40.43316,-74.19959,Keyport,New Jersey,Monmouth County,US
40.37538,-74.61349,Kingston,New Jersey,Somerset County,US
41.00176,-74.3671,Kinnelon,New Jersey,Morris County,US
40.15984,-74.02819,Lake Como,New Jersey,Monmouth County,US
41.01843,-74.66016,Lake Mohawk,New Jersey,Sussex County,US
40.95677,-74.49793,Lake Telemark,New Jersey,Morris County,US
40.01456,-74.31126,Lakehurst,New Jersey,Ocean County,US
40.09789,-74.21764,Lakewood,New Jersey,Ocean County,US
40.36594,-74.94294,Lambertville,New Jersey,Hunterdon County,US
40.45677,-74.24653,Laurence Harbor,New Jersey,Middlesex County,US
40.29733,-74.7296,Lawrenceville,New Jersey,Mercer County,US
40.64177,-74.836,Lebanon,New Jersey,Hunterdon County,US
40.01901,-74.29209,Leisure Knoll,New Jersey,Ocean County,US
40.04262,-74.18486,Leisure Village,New Jersey,Ocean County,US
40.03012,-74.16431,Leisure Village East,New Jersey,Ocean County,US
40.41733,-74.06208,Leonardo,New Jersey,Monmouth County,US
40.86149,-73.98819,Leonia,New Jersey,Bergen County,US
40.92427,-74.30209,Lincoln Park,New Jersey,Morris County,US
40.33067,-74.12097,Lincroft,New Jersey,Monmouth County,US
40.62205,-74.24459,Linden,New Jersey,Union County,US
40.86899,-74.2082,Little Falls,New Jersey,Passaic County,US
40.85288,-74.04208,Little Ferry,New Jersey,Bergen County,US
40.33678,-74.04708,Little Silver,New Jersey,Monmouth County,US
40.79593,-74.31487,Livingston,New Jersey,Essex County,US
40.88232,-74.0832,Lodi,New Jersey,Bergen County,US
40.30428,-73.99236,Long Branch,New Jersey,Monmouth County,US
40.78593,-74.78016,Long Valley,New Jersey,Morris County,US
40.81204,-74.12431,Lyndhurst,New Jersey,Bergen County,US
40.75982,-74.4171,Madison,New Jersey,Morris County,US
40.4515,-74.30792,Madison Park,New Jersey,Middlesex County,US
41.08871,-74.14376,Mahwah,New Jersey,Bergen County,US
40.12623,-74.0493,Manasquan,New Jersey,Monmouth County,US
40.54094,-74.58766,Manville,New Jersey,Somerset County,US
40.73121,-74.27348,Maplewood,New Jersey,Essex County,US
40.31539,-74.24626,Marlboro,New Jersey,Monmouth County,US
40.60121,-74.55905,Martinsville,New Jersey,Somerset County,US
40.41483,-74.22959,Matawan,New Jersey,Monmouth County,US
40.9026,-74.06181,Maywood,New Jersey,Bergen County,US
40.77593,-74.60071,Mendham,New Jersey,Morris County,US
40.23705,-74.68655,Mercerville,New Jersey,Mercer County,US
40.54316,-74.3632,Metuchen,New Jersey,Middlesex County,US
40.4976,-74.52932,Middlebush,New Jersey,Somerset County,US
40.5726,-74.49265,Middlesex,New Jersey,Middlesex County,US
40.98926,-74.1407,Midland Park,New Jersey,Bergen County,US
40.56871,-75.09462,Milford,New Jersey,Hunterdon County,US
40.45622,-74.44321,Milltown,New Jersey,Middlesex County,US
40.33039,-73.98153,Monmouth Beach,New Jersey,Monmouth County,US
40.379,-74.54654,Monmouth Junction,New Jersey,Middlesex County,US
40.82593,-74.20903,Montclair,New Jersey,Essex County,US
41.04676,-74.02292,Montvale,New Jersey,Bergen County,US
40.84121,-74.04514,Moonachie,New Jersey,Bergen County,US
40.3765,-74.24431,Morganville,New Jersey,Monmouth County,US
40.82177,-74.48099,Morris Plains,New Jersey,Morris County,US
40.79677,-74.48154,Morristown,New Jersey,Morris County,US
40.92593,-74.63488,Mount Arlington,New Jersey,Morris County,US
40.89482,-74.43293,Mountain Lakes,New Jersey,Morris County,US
40.67232,-74.35737,Mountainside,New Jersey,Union County,US
40.39955,-74.03542,Navesink,New Jersey,Monmouth County,US
40.20011,-74.02792,Neptune City,New Jersey,Monmouth County,US
40.89899,-74.70655,Netcong,New Jersey,Morris County,US
40.48622,-74.45182,New Brunswick,New Jersey,Middlesex County,US
40.06761,-74.53071,New Egypt,New Jersey,Ocean County,US
40.9351,-74.01903,New Milford,New Jersey,Bergen County,US
40.69843,-74.40154,New Providence,New Jersey,Union County,US
40.73566,-74.17237,Newark,New Jersey,Essex County,US
41.05815,-74.75267,Newton,New Jersey,Sussex County,US
40.78843,-74.1332,North Arlington,New Jersey,Bergen County,US
40.80427,-74.01208,North Bergen,New Jersey,Hudson County,US
40.86482,-74.2582,North Caldwell,New Jersey,Essex County,US
40.9551,-74.18598,North Haledon,New Jersey,Passaic County,US
40.43955,-74.11903,North Middletown,New Jersey,Monmouth County,US
40.6301,-74.42737,North Plainfield,New Jersey,Somerset County,US
40.77427,-74.32459,Northfield,New Jersey,Essex County,US
41.00649,-73.94903,Northvale,New Jersey,Bergen County,US
40.99815,-73.9618,Norwood,New Jersey,Bergen County,US
40.82232,-74.15987,Nutley,New Jersey,Essex County,US
40.27094,-74.01625,Oakhurst,New Jersey,Monmouth County,US
41.01315,-74.26431,Oakland,New Jersey,Bergen County,US
40.21206,-74.00653,Ocean Grove,New Jersey,Monmouth County,US
40.31817,-74.01514,Oceanport,New Jersey,Monmouth County,US
41.08176,-74.59238,Ogdensburg,New Jersey,Sussex County,US
40.41483,-74.36543,Old Bridge,New Jersey,Middlesex County,US
41.01065,-73.99125,Old Tappan,New Jersey,Bergen County,US
40.95871,-74.03681,Oradell,New Jersey,Bergen County,US
40.77066,-74.23265,Orange,New Jersey,Essex County,US
40.80315,-74.98962,Oxford,New Jersey,Warren County,US
40.84816,-73.99764,Palisades Park,New Jersey,Bergen County,US
40.00706,-75.02823,Palmyra,New Jersey,Burlington County,US
40.94454,-74.07542,Paramus,New Jersey,Bergen County,US
41.0376,-74.0407,Park Ridge,New Jersey,Bergen County,US
40.85788,-74.42599,Parsippany,New Jersey,Morris County,US
40.85677,-74.12848,Passaic,New Jersey,Passaic County,US
40.91677,-74.17181,Paterson,New Jersey,Passaic County,US
40.71677,-74.65655,Peapack,New Jersey,Somerset County,US
40.32844,-74.79072,Pennington,New Jersey,Mercer County,US
40.50677,-74.26542,Perth Amboy,New Jersey,Middlesex County,US
40.69371,-75.19018,Phillipsburg,New Jersey,Warren County,US
40.00317,-74.25653,Pine Lake Park,New Jersey,Ocean County,US
40.49927,-74.39904,Piscataway,New Jersey,Middlesex County,US
40.63371,-74.40737,Plainfield,New Jersey,Union County,US
40.33177,-74.5946,Plainsboro Center,New Jersey,Middlesex County,US
40.08317,-74.06819,Point Pleasant,New Jersey,Ocean County,US
40.09123,-74.04791,Point Pleasant Beach,New Jersey,Ocean County,US
41.00538,-74.2907,Pompton Lakes,New Jersey,Passaic County,US
40.43011,-74.09847,Port Monmouth,New Jersey,Monmouth County,US
40.56538,-74.26042,Port Reading,New Jersey,Middlesex County,US
40.34872,-74.65905,Princeton,New Jersey,Mercer County,US
40.31733,-74.61988,Princeton Junction,New Jersey,Mercer County,US
40.33177,-74.56377,Princeton Meadows,New Jersey,Middlesex County,US
40.24039,-74.76627,Prospect Park,New Jersey,Mercer County,US
40.93704,-74.17431,Prospect Park,New Jersey,Passaic County,US
40.60816,-74.27765,Rahway,New Jersey,Union County,US
41.05732,-74.14098,Ramsey,New Jersey,Bergen County,US
40.12095,-74.14375,Ramtown,New Jersey,Monmouth County,US
40.56955,-74.63294,Raritan,New Jersey,Somerset County,US
40.34705,-74.06431,Red Bank,New Jersey,Monmouth County,US
40.83427,-74.00875,Ridgefield,New Jersey,Bergen County,US
40.85704,-74.02153,Ridgefield Park,New Jersey,Bergen County,US
40.97926,-74.11653,Ridgewood,New Jersey,Bergen County,US
41.11343,-74.24543,Ringwood,New Jersey,Passaic County,US
40.92871,-74.03986,River Edge,New Jersey,Bergen County,US
40.99538,-74.01208,River Vale,New Jersey,Bergen County,US
40.99399,-74.30348,Riverdale,New Jersey,Morris County,US
40.00845,-74.99684,Riverton,New Jersey,Burlington County,US
40.0115,-75.01489,Riverton,New Jersey,Burlington County,US
40.21455,-74.61932,Robbinsville,New Jersey,Mercer County,US
40.34622,-74.28792,Robertsville,New Jersey,Monmouth County,US
40.90732,-74.07514,Rochelle Park,New Jersey,Bergen County,US
40.90121,-74.51432,Rockaway,New Jersey,Morris County,US
40.11594,-74.78627,Roebling,New Jersey,Burlington County,US
40.82066,-74.29376,Roseland,New Jersey,Essex County,US
40.66427,-74.2632,Roselle,New Jersey,Union County,US
40.66455,-74.26431,Roselle Park,New Jersey,Union County,US
40.3365,-74.47349,Rossmoor,New Jersey,Middlesex County,US
40.37205,-73.99903,Rumson,New Jersey,Monmouth County,US
40.82649,-74.10681,Rutherford,New Jersey,Bergen County,US
41.03176,-74.10209,Saddle River,New Jersey,Bergen County,US
40.89899,-74.09264,Saddle Brook,New Jersey,Bergen County,US
40.45927,-74.36098,Sayreville,New Jersey,Middlesex County,US
40.46538,-74.33043,Sayreville Junction,New Jersey,Middlesex County,US
40.65538,-74.38987,Scotch Plains,New Jersey,Union County,US
40.3615,-73.97403,Sea Bright,New Jersey,Monmouth County,US
40.13206,-74.03458,Sea Girt,New Jersey,Monmouth County,US
40.78955,-74.05653,Secaucus,New Jersey,Hudson County,US
40.55205,-74.25876,Sewaren,New Jersey,Middlesex County,US
40.194,-74.04875,Shark River Hills,New Jersey,Monmouth County,US
40.74788,-74.32543,Short Hills,New Jersey,Essex County,US
40.18261,-74.52932,Shrewsbury,New Jersey,Monmouth County,US
40.32955,-74.06153,Shrewsbury,New Jersey,Monmouth County,US
40.88677,-74.24098,Singac,New Jersey,Passaic County,US
40.53399,-74.45793,Society Hill,New Jersey,Middlesex County,US
40.4976,-74.48849,Somerset,New Jersey,Somerset County,US
40.57427,-74.60988,Somerville,New Jersey,Somerset County,US
40.47788,-74.2907,South Amboy,New Jersey,Middlesex County,US
40.17095,-74.02736,South Belmar,New Jersey,Monmouth County,US
40.55344,-74.53154,South Bound Brook,New Jersey,Somerset County,US
40.40816,-74.35432,South Old Bridge,New Jersey,Middlesex County,US
40.74899,-74.26126,South Orange,New Jersey,Essex County,US
40.57927,-74.41154,South Plainfield,New Jersey,Middlesex County,US
40.44649,-74.38598,South River,New Jersey,Middlesex County,US
40.39177,-74.39848,Spotswood,New Jersey,Middlesex County,US
40.15345,-74.02819,Spring Lake,New Jersey,Monmouth County,US
40.15039,-74.03097,Spring Lake Heights,New Jersey,Monmouth County,US
40.70491,-74.31723,Springfield,New Jersey,Union County,US
40.90288,-74.70905,Stanhope,New Jersey,Sussex County,US
40.39594,-74.21348,Strathmore,New Jersey,Monmouth County,US
40.86843,-74.64044,Succasunna,New Jersey,Morris County,US
40.74149,-74.35959,Summit,New Jersey,Union County,US
41.20982,-74.60766,Sussex,New Jersey,Sussex County,US
40.8976,-74.01597,Teaneck,New Jersey,Bergen County,US
40.41301,-74.60223,Ten Mile Run,New Jersey,Somerset County,US
40.92538,-73.96292,Tenafly,New Jersey,Bergen County,US
40.30428,-74.10042,Tinton Falls,New Jersey,Monmouth County,US
40.9051,-74.20987,Totowa,New Jersey,Passaic County,US
40.21705,-74.74294,Trenton,New Jersey,Mercer County,US
40.264,-74.49126,Twin Rivers,New Jersey,Mercer County,US
40.6976,-74.2632,Union,New Jersey,Union County,US
40.4465,-74.1782,Union Beach,New Jersey,Monmouth County,US
40.77955,-74.02375,Union City,New Jersey,Hudson County,US
40.84621,-74.20126,Upper Montclair,New Jersey,Essex County,US
41.05843,-74.09848,Upper Saddle River,New Jersey,Bergen County,US
40.82982,-74.24015,Verona,New Jersey,Essex County,US
40.87593,-74.54238,Victory Gardens,New Jersey,Morris County,US
40.15928,-74.31792,Vista Center,New Jersey,Ocean County,US
41.23676,-74.4871,Vernon Valley,New Jersey,Sussex County,US
41.01065,-74.11792,Waldwick,New Jersey,Bergen County,US
40.85316,-74.11375,Wallington,New Jersey,Bergen County,US
41.03815,-74.29404,Wanaque,New Jersey,Passaic County,US
40.23178,-74.02542,Wanamassa,New Jersey,Monmouth County,US
40.75843,-74.97934,Washington,New Jersey,Warren County,US
40.63788,-74.45099,Watchung,New Jersey,Somerset County,US
40.92538,-74.27654,Wayne,New Jersey,Passaic County,US
40.76955,-74.02042,Weehawken,New Jersey,Hudson County,US
40.16928,-74.03542,West Belmar,New Jersey,Monmouth County,US
40.84093,-74.30182,West Caldwell,New Jersey,Essex County,US
40.24206,-74.30126,West Freehold,New Jersey,Monmouth County,US
40.29039,-74.01764,West Long Branch,New Jersey,Monmouth County,US
41.13121,-74.36737,West Milford,New Jersey,Passaic County,US
40.78788,-74.01431,West New York,New Jersey,Hudson County,US
40.79871,-74.23904,West Orange,New Jersey,Essex County,US
40.88982,-74.19487,Woodland Park,New Jersey,Passaic County,US
40.65899,-74.34737,Westfield,New Jersey,Union County,US
40.5351,-74.59071,Weston,New Jersey,Somerset County,US
40.84454,-74.29959,Westville,New Jersey,Essex County,US
40.99121,-74.03264,Westwood,New Jersey,Bergen County,US
40.89315,-74.58183,Wharton,New Jersey,Morris County,US
40.19067,-74.70238,White Horse,New Jersey,Mercer County,US
40.92371,-74.51071,White Meadow Lake,New Jersey,Morris County,US
40.61538,-74.77044,Whitehouse Station,New Jersey,Hunterdon County,US
40.02789,-74.86905,Willingboro,New Jersey,Burlington County,US
40.6426,-74.28543,Winfield,New Jersey,Union County,US
40.84566,-74.08792,Wood-Ridge,New Jersey,Bergen County,US
40.5576,-74.28459,Woodbridge,New Jersey,Middlesex County,US
41.02343,-74.06653,Woodcliff Lake,New Jersey,Bergen County,US
41.00954,-74.17292,Wyckoff,New Jersey,Bergen County,US
40.30789,-74.33765,Yorketown,New Jersey,Monmouth County,US
43.80923,-76.02409,Adams,New York,Jefferson County,US
43.86006,-76.00548,Adams Center,New York,Jefferson County,US
42.10285,-77.23359,Addison,New York,Steuben County,US
41.10093,-74.11625,Airmont,New York,Rockland County,US
43.02089,-78.4953,Akron,New York,Erie County,US
42.65258,-73.75623,Albany,New York,Albany County,US
40.77343,-73.64318,Albertson,New York,Nassau County,US
43.24645,-78.19363,Albion,New York,Orleans County,US
42.90006,-78.49197,Alden,New York,Erie County,US
44.33588,-75.91773,Alexandria Bay,New York,Jefferson County,US
42.25424,-77.79055,Alfred,New York,Allegany County,US
42.09006,-78.49419,Allegany,New York,Cattaraugus County,US
42.70063,-74.03374,Altamont,New York,Albany County,US
40.97371,-72.14369,Amagansett,New York,Suffolk County,US
42.97839,-78.79976,Amherst,New York,Erie County,US
40.67899,-73.41707,Amityville,New York,Suffolk County,US
42.93869,-74.18819,Amsterdam,New York,Montgomery County,US
42.15646,-77.79555,Andover,New York,Allegany County,US
42.65478,-79.04893,Angola on the Lake,New York,Erie County,US
42.63839,-79.02782,Angola,New York,Erie County,US
42.06952,-76.15465,Apalachin,New York,Tioga County,US
40.94454,-72.62704,Aquebogue,New York,Suffolk County,US
42.53395,-78.42307,Arcade,New York,Wyoming County,US
41.01065,-73.84375,Ardsley,New York,Westchester County,US
41.69593,-73.8968,Arlington,New York,Dutchess County,US
41.12648,-73.71402,Armonk,New York,Westchester County,US
42.26036,-73.80957,Athens,New York,Greene County,US
40.58899,-73.72902,Atlantic Beach,New York,Nassau County,US
42.86423,-78.28029,Attica,New York,Wyoming County,US
42.93173,-76.56605,Auburn,New York,Cayuga County,US
42.63397,-73.55373,Averill Park,New York,Rensselaer County,US
42.91201,-77.74556,Avon,New York,Livingston County,US
40.69566,-73.32568,Babylon,New York,Suffolk County,US
42.29341,-75.47935,Bainbridge,New York,Chenango County,US
40.95621,-72.74427,Baiting Hollow,New York,Suffolk County,US
40.65649,-73.6093,Baldwin,New York,Nassau County,US
40.63955,-73.60846,Baldwin Harbor,New York,Nassau County,US
43.15868,-76.33271,Baldwinsville,New York,Onondaga County,US
43.00091,-73.84901,Ballston Spa,New York,Saratoga County,US
41.53482,-74.01486,Balmville,New York,Orange County,US
41.10954,-73.99625,Bardonia,New York,Rockland County,US
40.60455,-73.64402,Barnum Island,New York,Nassau County,US
42.99812,-78.18752,Batavia,New York,Genesee County,US
42.33702,-77.31776,Bath,New York,Steuben County,US
40.63316,-73.67041,Bay Park,New York,Nassau County,US
40.7251,-73.24539,Bay Shore,New York,Suffolk County,US
40.7501,-73.29123,Bay Wood,New York,Suffolk County,US
40.73843,-73.05067,Bayport,New York,Suffolk County,US
40.91065,-73.56207,Bayville,New York,Nassau County,US
41.50482,-73.96958,Beacon,New York,Dutchess County,US
41.20426,-73.64374,Bedford,New York,Westchester County,US
41.23676,-73.69458,Bedford Hills,New York,Westchester County,US
40.72427,-73.71513,Bellerose,New York,Nassau County,US
40.72066,-73.72596,Bellerose Terrace,New York,Nassau County,US
40.66871,-73.52707,Bellmore,New York,Nassau County,US
40.75704,-72.93927,Bellport,New York,Suffolk County,US
42.22312,-78.03445,Belmont,New York,Allegany County,US
40.60177,-73.99403,Bensonhurst,New York,Kings County,US
43.08534,-77.94223,Bergen,New York,Genesee County,US
40.74427,-73.48207,Bethpage,New York,Nassau County,US
42.1373,-76.93691,Big Flats,New York,Chemung County,US
42.78423,-78.62642,Billington Heights,New York,Erie County,US
42.09869,-75.91797,Binghamton,New York,Broome County,US
44.01256,-75.79437,Black River,New York,Jefferson County,US
42.79728,-78.82337,Blasdell,New York,Erie County,US
41.06343,-73.95764,Blauvelt,New York,Rockland County,US
40.6126,-74.1782,Bloomfield,New York,Richmond County,US
40.74399,-73.03455,Blue Point,New York,Suffolk County,US
40.76926,-73.11511,Bohemia,New York,Suffolk County,US
42.06673,-78.16779,Bolivar,New York,Allegany County,US
43.07118,-75.8888,Bolivar,New York,Madison County,US
43.48368,-75.33656,Boonville,New York,Oneida County,US
40.78121,-73.24623,Brentwood,New York,Suffolk County,US
43.23812,-76.14076,Brewerton,New York,Onondaga County,US
41.39732,-73.61707,Brewster,New York,Putnam County,US
41.42398,-73.60429,Brewster Hill,New York,Putnam County,US
41.14565,-73.82375,Briarcliff Manor,New York,Westchester County,US
40.93788,-72.30092,Bridgehampton,New York,Suffolk County,US
43.15535,-75.96936,Bridgeport,New York,Madison County,US
42.9159,-76.75245,Bridgeport,New York,Seneca County,US
43.14756,-77.55055,Brighton,New York,Monroe County,US
40.72093,-73.26734,Brightwaters,New York,Suffolk County,US
41.54398,-73.86819,Brinckerhoff,New York,Dutchess County,US
43.05868,-74.19652,Broadalbin,New York,Fulton County,US
43.21367,-77.93918,Brockport,New York,Monroe County,US
42.38867,-79.44116,Brocton,New York,Chautauqua County,US
40.84985,-73.86641,The Bronx,New York,Bronx,US
40.93815,-73.83208,Bronxville,New York,Westchester County,US
40.77927,-72.91538,Brookhaven,New York,Suffolk County,US
40.6501,-73.94958,Brooklyn,New York,Kings County,US
40.81316,-73.56735,Brookville,New York,Nassau County,US
44.007,-75.98409,Brownville,New York,Jefferson County,US
41.79982,-74.38071,Brownville,New York,Ulster County,US
41.26204,-73.93819,Buchanan,New York,Westchester County,US
42.88645,-78.87837,Buffalo,New York,Erie County,US
42.29897,-73.99847,Cairo,New York,Greene County,US
44.02173,-75.84604,Calcium,New York,Jefferson County,US
42.97312,-77.85278,Caledonia,New York,Livingston County,US
40.90649,-72.74343,Calverton,New York,Suffolk County,US
43.02813,-73.38122,Cambridge,New York,Washington County,US
43.33451,-75.74796,Camden,New York,Oneida County,US
42.90563,-74.57181,Canajoharie,New York,Montgomery County,US
42.87423,-77.28804,Canandaigua,New York,Ontario County,US
43.07951,-75.75074,Canastota,New York,Madison County,US
42.27035,-77.60582,Canisteo,New York,Steuben County,US
44.59562,-75.16909,Canton,New York,St. Lawrence County,US
40.7526,-73.61041,Carle Place,New York,Nassau County,US
41.43009,-73.68013,Carmel,New York,Putnam County,US
43.97812,-75.60936,Carthage,New York,Jefferson County,US
42.62895,-78.05445,Castile,New York,Wyoming County,US
42.51841,-73.75123,Castleton-on-Hudson,New York,Rensselaer County,US
42.21731,-73.86457,Catskill,New York,Greene County,US
42.32923,-78.86809,Cattaraugus,New York,Cattaraugus County,US
42.4601,-76.48776,Cayuga Heights,New York,Tompkins County,US
42.93007,-75.85269,Cazenovia,New York,Madison County,US
40.62288,-73.7243,Cedarhurst,New York,Nassau County,US
42.1095,-79.2831,Celoron,New York,Chautauqua County,US
40.80038,-72.78982,Center Moriches,New York,Suffolk County,US
40.85843,-73.09955,Centereach,New York,Suffolk County,US
43.0409,-76.59272,Centerport,New York,Cayuga County,US
40.88538,-73.37623,Centerport,New York,Suffolk County,US
40.79065,-73.20178,Central Islip,New York,Suffolk County,US
43.28674,-76.14604,Central Square,New York,Oswego County,US
41.33176,-74.12098,Central Valley,New York,Orange County,US
43.02785,-75.27155,Chadwicks,New York,Oneida County,US
44.98643,-73.44653,Champlain,New York,Clinton County,US
41.15954,-73.76485,Chappaqua,New York,Westchester County,US
42.36425,-73.59484,Chatham,New York,Columbia County,US
42.90339,-78.75475,Cheektowaga,New York,Erie County,US
42.16674,-75.86242,Chenango Bridge,New York,Broome County,US
41.36259,-74.27126,Chester,New York,Orange County,US
41.08426,-74.0557,Chestnut Ridge,New York,Rockland County,US
43.04507,-75.86658,Chittenango,New York,Madison County,US
43.10423,-77.88445,Churchville,New York,Monroe County,US
42.97673,-78.59197,Clarence,New York,Erie County,US
43.01061,-78.63753,Clarence Center,New York,Erie County,US
43.09229,-75.37962,Clark Mills,New York,Oneida County,US
43.23312,-77.92751,Clarkson,New York,Monroe County,US
44.23949,-76.08578,Clayton,New York,Jefferson County,US
42.96173,-77.13998,Clifton Springs,New York,Ontario County,US
43.0484,-75.3785,Clinton,New York,Oneida County,US
41.69482,-74.05125,Clintondale,New York,Ulster County,US
42.02089,-79.63005,Clymer,New York,Chautauqua County,US
42.67785,-74.48542,Cobleskill,New York,Schoharie County,US
42.77424,-73.70012,Cohoes,New York,Albany County,US
41.42009,-73.95458,Cold Spring,New York,Putnam County,US
40.87149,-73.45679,Cold Spring Harbor,New York,Suffolk County,US
42.71786,-73.83346,Colonie,New York,Albany County,US
40.84288,-73.29289,Commack,New York,Suffolk County,US
40.57788,-73.99403,Coney Island,New York,Kings County,US
41.15065,-73.94542,Congers,New York,Rockland County,US
43.24785,-76.0002,Constantia,New York,Oswego County,US
42.70048,-74.92426,Cooperstown,New York,Otsego County,US
40.68149,-73.39984,Copiague,New York,Suffolk County,US
40.86871,-73.00149,Coram,New York,Suffolk County,US
43.24452,-73.83234,Corinth,New York,Saratoga County,US
42.14285,-77.05469,Corning,New York,Steuben County,US
41.44482,-74.0157,Cornwall-on-Hudson,New York,Orange County,US
42.60118,-76.18048,Cortland,New York,Cortland County,US
42.91508,-73.80512,Country Knolls,New York,Saratoga County,US
42.35092,-73.8029,Coxsackie,New York,Greene County,US
41.29509,-73.86541,Crompond,New York,Westchester County,US
41.20843,-73.89125,Croton-on-Hudson,New York,Westchester County,US
41.63732,-73.93792,Crown Heights,New York,Dutchess County,US
41.23343,-73.92264,Crugers,New York,Westchester County,US
42.21757,-78.27529,Cuba,New York,Allegany County,US
44.71643,-73.40263,Cumberland Head,New York,Clinton County,US
41.01066,-72.48509,Cutchogue,New York,Suffolk County,US
44.72143,-73.72375,Dannemora,New York,Clinton County,US
42.5609,-77.69611,Dansville,New York,Livingston County,US
40.76177,-73.32929,Deer Park,New York,Suffolk County,US
42.48923,-78.48085,Delevan,New York,Cattaraugus County,US
42.27814,-74.91599,Delhi,New York,Delaware County,US
42.62202,-73.83262,Delmar,New York,Albany County,US
42.90395,-78.69225,Depew,New York,Erie County,US
42.06008,-75.42768,Deposit,New York,Broome County,US
44.00784,-76.04437,Dexter,New York,Jefferson County,US
40.80482,-73.33623,Dix Hills,New York,Suffolk County,US
41.01454,-73.87264,Dobbs Ferry,New York,Westchester County,US
43.1009,-74.77293,Dolgeville,New York,Herkimer County,US
41.74121,-73.57652,Dover Plains,New York,Dutchess County,US
42.49091,-76.29716,Dryden,New York,Tompkins County,US
42.5234,-76.97663,Dundee,New York,Yates County,US
42.4795,-79.33393,Dunkirk,New York,Chautauqua County,US
40.78982,-73.74708,East Atlantic Beach,New York,Nassau County,US
42.76784,-78.61336,East Aurora,New York,Erie County,US
40.72927,-73.41679,East Farmingdale,New York,Suffolk County,US
40.73083,-73.59806,East Garden City,New York,Nassau County,US
42.89452,-73.9279,East Glenville,New York,Schenectady County,US
42.59091,-73.70179,East Greenbush,New York,Rensselaer County,US
40.96343,-72.1848,East Hampton,New York,Suffolk County,US
40.79371,-73.62707,East Hills,New York,Nassau County,US
40.73204,-73.18567,East Islip,New York,Suffolk County,US
42.43952,-76.47855,East Ithaca,New York,Tompkins County,US
40.71399,-73.55902,East Meadow,New York,Nassau County,US
40.67343,-73.43651,East Massapequa,New York,Nassau County,US
40.8051,-72.76093,East Moriches,New York,Suffolk County,US
40.66677,-73.88236,East New York,New York,Kings County,US
40.87676,-73.32456,East Northport,New York,Suffolk County,US
40.84677,-73.53512,East Norwich,New York,Nassau County,US
40.76704,-72.99622,East Patchogue,New York,Suffolk County,US
40.84066,-72.58148,East Quogue,New York,Suffolk County,US
43.10867,-77.4875,East Rochester,New York,Monroe County,US
40.64205,-73.66957,East Rockaway,New York,Nassau County,US
40.94149,-73.10594,East Setauket,New York,Suffolk County,US
40.94482,-72.87955,East Shoreham,New York,Suffolk County,US
43.06534,-76.07853,East Syracuse,New York,Onondaga County,US
40.75843,-73.63485,East Williston,New York,Nassau County,US
40.8876,-73.83291,Eastchester,New York,Bronx,US
40.82593,-72.73177,Eastport,New York,Suffolk County,US
40.93065,-73.40151,Eatons Neck,New York,Suffolk County,US
42.65228,-78.89698,Eden,New York,Erie County,US
41.28871,-74.49433,Eden,New York,Orange County,US
42.96339,-78.80392,Eggertsville,New York,Erie County,US
43.03451,-76.44799,Elbridge,New York,Onondaga County,US
44.21616,-73.59097,Elizabethtown,New York,Essex County,US
41.71704,-74.39571,Ellenville,New York,Ulster County,US
42.82978,-78.63614,Elma Center,New York,Erie County,US
42.0898,-76.80773,Elmira,New York,Chemung County,US
42.1298,-76.82079,Elmira Heights,New York,Chemung County,US
40.70094,-73.71291,Elmont,New York,Nassau County,US
41.0551,-73.82013,Elmsford,New York,Westchester County,US
40.84538,-73.33512,Elwood,New York,Suffolk County,US
42.09841,-76.04937,Endicott,New York,Broome County,US
42.11285,-76.02103,Endwell,New York,Broome County,US
43.04729,-76.23854,Fairmount,New York,Onondaga County,US
43.09867,-77.44194,Fairport,New York,Monroe County,US
41.7237,-73.91986,Fairview,New York,Dutchess County,US
41.04343,-73.79736,Fairview,New York,Westchester County,US
42.11867,-79.19838,Falconer,New York,Chautauqua County,US
40.7326,-73.4454,Farmingdale,New York,Nassau County,US
40.83121,-73.02955,Farmingville,New York,Suffolk County,US
43.02979,-76.00436,Fayetteville,New York,Onondaga County,US
41.43926,-74.04514,Firthcliffe,New York,Orange County,US
41.53565,-73.89903,Fishkill,New York,Dutchess County,US
40.90343,-72.61759,Flanders,New York,Suffolk County,US
40.72371,-73.70485,Floral Park,New York,Nassau County,US
41.33176,-74.35682,Florida,New York,Orange County,US
40.80732,-73.68124,Flower Hill,New York,Nassau County,US
42.95452,-74.37652,Fonda,New York,Montgomery County,US
43.26702,-73.58456,Fort Edward,New York,Washington County,US
41.33148,-73.98681,Fort Montgomery,New York,Orange County,US
42.93146,-74.62264,Fort Plain,New York,Montgomery County,US
40.9126,-73.30095,Fort Salonga,New York,Suffolk County,US
43.03896,-75.07044,Frankfort,New York,Herkimer County,US
40.70732,-73.67596,Franklin Square,New York,Nassau County,US
42.33701,-78.45808,Franklinville,New York,Cattaraugus County,US
42.44006,-79.33171,Fredonia,New York,Chautauqua County,US
40.6576,-73.58318,Freeport,New York,Nassau County,US
42.0545,-79.1581,Frewsburg,New York,Chautauqua County,US
42.20646,-78.13751,Friendship,New York,Allegany County,US
43.32285,-76.41716,Fulton,New York,Oswego County,US
43.09007,-76.17298,Galeville,New York,Onondaga County,US
40.72677,-73.6343,Garden City,New York,Nassau County,US
40.74093,-73.66263,Garden City Park,New York,Nassau County,US
40.71232,-73.66096,Garden City South,New York,Nassau County,US
42.14619,-77.11164,Gang Mills,New York,Steuben County,US
41.53509,-74.07014,Gardnertown,New York,Orange County,US
43.19922,-78.57614,Gasport,New York,Niagara County,US
42.7959,-77.81695,Geneseo,New York,Livingston County,US
42.86896,-76.97774,Geneva,New York,Ontario County,US
42.0437,-73.94736,Glasco,New York,Ulster County,US
40.86232,-73.63374,Glen Cove,New York,Nassau County,US
40.83538,-73.62374,Glen Head,New York,Nassau County,US
43.30952,-73.64401,Glens Falls,New York,Warren County,US
40.83066,-73.63874,Glenwood Landing,New York,Nassau County,US
43.05285,-74.34375,Gloversville,New York,Fulton County,US
41.29343,-73.6768,Goldens Bridge,New York,Westchester County,US
40.85871,-72.97066,Gordon Heights,New York,Suffolk County,US
41.40204,-74.32432,Goshen,New York,Orange County,US
44.33673,-75.46299,Gouverneur,New York,St. Lawrence County,US
42.46312,-78.93587,Gowanda,New York,Cattaraugus County,US
42.99645,-78.95504,Grandyle Village,New York,Erie County,US
43.40785,-73.25955,Granville,New York,Washington County,US
40.80066,-73.72846,Great Neck,New York,Nassau County,US
40.79722,-73.72389,Great Neck Gardens,New York,Nassau County,US
40.78677,-73.72652,Great Neck Plaza,New York,Nassau County,US
40.72121,-73.15761,Great River,New York,Suffolk County,US
40.78705,-73.7368,Great Neck Estates,New York,Nassau County,US
43.20978,-77.69306,Greece,New York,Monroe County,US
42.74424,-73.69151,Green Island,New York,Albany County,US
41.03287,-73.84291,Greenburgh,New York,Westchester County,US
42.32924,-75.76991,Greene,New York,Chenango County,US
40.86899,-73.36512,Greenlawn,New York,Suffolk County,US
41.10343,-72.35925,Greenport,New York,Suffolk County,US
40.81066,-73.62846,Greenvale,New York,Nassau County,US
40.99315,-73.81986,Greenville,New York,Westchester County,US
43.09063,-73.49873,Greenwich,New York,Washington County,US
41.22259,-74.29432,Greenwood Lake,New York,Orange County,US
42.58785,-76.36688,Groton,New York,Tompkins County,US
43.31729,-73.84818,Hadley,New York,Saratoga County,US
42.97452,-74.15096,Hagaman,New York,Montgomery County,US
40.88843,-73.4154,Halesite,New York,Suffolk County,US
42.71589,-78.82948,Hamburg,New York,Erie County,US
42.82701,-75.54462,Hamilton,New York,Madison County,US
43.30312,-77.92112,Hamlin,New York,Monroe County,US
40.86899,-72.51759,Hampton Bays,New York,Suffolk County,US
42.62091,-73.72845,Hampton Manor,New York,Rensselaer County,US
41.95398,-75.28045,Hancock,New York,Delaware County,US
44.61228,-74.97103,Hannawa Falls,New York,St. Lawrence County,US
40.60344,-73.66457,Harbor Isle,New York,Nassau County,US
41.30843,-74.14459,Harriman,New York,Orange County,US
42.96478,-78.67753,Harris Hill,New York,Erie County,US
40.96899,-73.71263,Harrison,New York,Westchester County,US
41.01899,-73.79819,Hartsdale,New York,Westchester County,US
40.99454,-73.87875,Hastings-on-Hudson,New York,Westchester County,US
40.82565,-73.20261,Hauppauge,New York,Suffolk County,US
41.19759,-73.96458,Haverstraw,New York,Rockland County,US
41.76676,-73.90152,Haviland,New York,Dutchess County,US
41.10732,-73.79597,Hawthorne,New York,Westchester County,US
40.90343,-73.15789,Head of the Harbor,New York,Suffolk County,US
40.70621,-73.61874,Hempstead,New York,Nassau County,US
41.14982,-74.03375,New Hempstead,New York,Rockland County,US
43.02563,-74.98599,Herkimer,New York,Herkimer County,US
41.33954,-73.69735,Heritage Hills,New York,Westchester County,US
40.75538,-73.6668,Herricks,New York,Nassau County,US
40.64316,-73.69569,Hewlett,New York,Nassau County,US
40.63621,-73.68152,Hewlett Harbor,New York,Nassau County,US
40.76843,-73.52513,Hicksville,New York,Nassau County,US
41.72093,-73.96014,Highland,New York,Ulster County,US
41.36926,-73.96625,Highland Falls,New York,Orange County,US
41.34704,-74.12626,Highland Mills,New York,Orange County,US
41.12787,-74.04097,Hillcrest,New York,Rockland County,US
41.61482,-73.79819,Hillside Lake,New York,Dutchess County,US
43.28812,-77.79334,Hilton,New York,Monroe County,US
40.81232,-73.07844,Holbrook,New York,Suffolk County,US
42.90229,-77.41971,Holcomb,New York,Ontario County,US
42.64117,-78.54169,Holland,New York,Erie County,US
43.22645,-78.02668,Holley,New York,Orleans County,US
40.81538,-73.04511,Holtsville,New York,Suffolk County,US
42.63701,-76.17882,Homer,New York,Cortland County,US
42.95229,-77.59028,Honeoye Falls,New York,Monroe County,US
42.90119,-73.3515,Hoosick Falls,New York,Rensselaer County,US
42.32785,-77.6611,Hornell,New York,Steuben County,US
42.16702,-76.82051,Horseheads,New York,Chemung County,US
42.4234,-78.15723,Houghton,New York,Allegany County,US
42.25286,-73.79096,Hudson,New York,Columbia County,US
43.30063,-73.58595,Hudson Falls,New York,Washington County,US
40.86815,-73.42568,Huntington,New York,Suffolk County,US
40.89982,-73.41484,Huntington Bay,New York,Suffolk County,US
40.85343,-73.41151,Huntington Station,New York,Suffolk County,US
41.92454,-74.06125,Hurley,New York,Ulster County,US
41.78482,-73.93319,Hyde Park,New York,Dutchess County,US
43.01507,-75.03543,Ilion,New York,Herkimer County,US
40.62205,-73.7468,Inwood,New York,Nassau County,US
40.86566,-73.9268,Inwood,New York,New York County,US
43.2134,-77.57972,Irondequoit,New York,Monroe County,US
41.03922,-73.86823,Irvington,New York,Westchester County,US
40.60427,-73.65541,Island Park,New York,Nassau County,US
40.80426,-73.169,Islandia,New York,Suffolk County,US
40.72982,-73.21039,Islip,New York,Suffolk County,US
40.74315,-73.19262,Islip Terrace,New York,Suffolk County,US
42.44063,-76.49661,Ithaca,New York,Tompkins County,US
40.69149,-73.80569,Jamaica,New York,Queens County,US
40.94954,-72.58148,Jamesport,New York,Suffolk County,US
42.097,-79.23533,Jamestown,New York,Chautauqua County,US
42.23398,-73.88235,Jefferson Heights,New York,Greene County,US
40.79204,-73.53985,Jericho,New York,Nassau County,US
42.11563,-75.95881,Johnson City,New York,Broome County,US
43.00674,-74.36764,Johnstown,New York,Fulton County,US
43.06534,-76.47299,Jordan,New York,Onondaga County,US
41.12121,-74.06709,Kaser,New York,Rockland County,US
41.25898,-73.68541,Katonah,New York,Westchester County,US
44.50505,-73.48013,Keeseville,New York,Essex County,US
42.96589,-78.87004,Kenmore,New York,Erie County,US
40.79343,-73.72208,Kensington,New York,Nassau County,US
41.77482,-74.29821,Kerhonkson,New York,Ulster County,US
42.61535,-77.09219,Keuka Park,New York,Yates County,US
42.39536,-73.6979,Kinderhook,New York,Columbia County,US
40.88621,-73.25734,Kings Park,New York,Suffolk County,US
40.81982,-73.73513,Kings Point,New York,Nassau County,US
41.92704,-73.99736,Kingston,New York,Ulster County,US
41.34204,-74.16792,Kiryas Joel,New York,Orange County,US
42.82561,-78.82337,Lackawanna,New York,Erie County,US
41.46148,-73.67096,Lake Carmel,New York,Putnam County,US
42.62423,-79.06698,Lake Erie Beach,New York,Erie County,US
40.85288,-73.11511,Lake Grove,New York,Suffolk County,US
41.98565,-73.98819,Lake Katrine,New York,Ulster County,US
41.31787,-73.84625,Lake Mohegan,New York,Westchester County,US
44.27962,-73.98198,Lake Placid,New York,Essex County,US
43.4709,-74.41265,Lake Pleasant,New York,Hamilton County,US
40.8351,-73.13122,Lake Ronkonkoma,New York,Suffolk County,US
40.77066,-73.71763,Lake Success,New York,Nassau County,US
43.09034,-76.24048,Lakeland,New York,Onondaga County,US
42.43202,-75.86547,Lakeview,New York,Chenango County,US
40.68538,-73.65263,Lakeview,New York,Nassau County,US
42.10422,-79.3331,Lakewood,New York,Chautauqua County,US
42.90061,-78.67031,Lancaster,New York,Erie County,US
42.48424,-76.47994,Lansing,New York,Tompkins County,US
40.92788,-73.7518,Larchmont,New York,Westchester County,US
40.89538,-73.60096,Lattingtown,New York,Nassau County,US
40.96954,-72.56203,Laurel,New York,Suffolk County,US
40.85677,-73.46957,Laurel Hollow,New York,Nassau County,US
40.61566,-73.72958,Lawrence,New York,Nassau County,US
42.97839,-77.98418,Le Roy,New York,Genesee County,US
40.72593,-73.51429,Levittown,New York,Nassau County,US
43.17256,-79.03588,Lewiston,New York,Niagara County,US
41.8012,-74.74655,Liberty,New York,Sullivan County,US
40.58899,-73.62541,Lido Beach,New York,Nassau County,US
42.90479,-77.61139,Lima,New York,Livingston County,US
41.95065,-73.99403,Lincoln Park,New York,Ulster County,US
41.32287,-73.71819,Lincolndale,New York,Westchester County,US
40.68677,-73.37345,Lindenhurst,New York,Suffolk County,US
43.0434,-74.8596,Little Falls,New York,Herkimer County,US
42.25256,-78.80559,Little Valley,New York,Cattaraugus County,US
43.10646,-76.2177,Liverpool,New York,Onondaga County,US
41.90037,-74.82822,Livingston Manor,New York,Sullivan County,US
42.82145,-77.66861,Livonia,New York,Livingston County,US
40.90343,-73.45984,Lloyd Harbor,New York,Suffolk County,US
43.17061,-78.69031,Lockport,New York,Niagara County,US
40.87593,-73.59707,Locust Valley,New York,Nassau County,US
40.58844,-73.65791,Long Beach,New York,Nassau County,US
40.74482,-73.94875,Long Island City,New York,Queens County,US
42.2637,-73.76846,Lorenz Park,New York,Columbia County,US
43.78674,-75.49185,Lowville,New York,Lewis County,US
40.65483,-73.6718,Lynbrook,New York,Nassau County,US
43.08146,-76.12576,Lyncourt,New York,Onondaga County,US
43.06423,-76.99025,Lyons,New York,Wayne County,US
43.06923,-77.29887,Macedon,New York,Wayne County,US
41.37232,-73.73346,Mahopac,New York,Putnam County,US
44.84866,-74.2949,Malone,New York,Franklin County,US
40.67899,-73.67402,Malverne,New York,Nassau County,US
40.94871,-73.73263,Mamaroneck,New York,Westchester County,US
42.96979,-77.23026,Manchester,New York,Ontario County,US
40.79788,-73.69957,Manhasset,New York,Nassau County,US
40.75927,-73.67985,Manhasset Hills,New York,Nassau County,US
40.78343,-73.96625,Manhattan,New York,New York County,US
43.00201,-75.97686,Manlius,New York,Onondaga County,US
40.84316,-73.71485,Manorhaven,New York,Nassau County,US
40.87371,-72.80788,Manorville,New York,Suffolk County,US
42.14231,-74.03597,Manorville,New York,Ulster County,US
42.98284,-76.34049,Marcellus,New York,Onondaga County,US
43.1434,-77.18915,Marion,New York,Wayne County,US
41.60565,-73.97153,Marlboro,New York,Ulster County,US
40.68066,-73.47429,Massapequa,New York,Nassau County,US
40.68038,-73.45512,Massapequa Park,New York,Nassau County,US
44.9281,-74.89186,Massena,New York,St. Lawrence County,US
40.80204,-72.84094,Mastic,New York,Suffolk County,US
40.76677,-72.85205,Mastic Beach,New York,Suffolk County,US
40.99121,-72.53425,Mattituck,New York,Suffolk County,US
43.09784,-76.1452,Mattydale,New York,Onondaga County,US
41.48398,-74.21765,Maybrook,New York,Orange County,US
42.25395,-79.50449,Mayville,New York,Chautauqua County,US
42.59618,-76.09326,McGraw,New York,Cortland County,US
42.68397,-73.84762,McKownville,New York,Albany County,US
41.44287,-74.38849,Mechanicstown,New York,Orange County,US
42.90285,-73.68734,Mechanicville,New York,Saratoga County,US
40.8176,-73.00011,Medford,New York,Suffolk County,US
43.22006,-78.38697,Medina,New York,Orleans County,US
42.90868,-76.54022,Melrose Park,New York,Cayuga County,US
40.79343,-73.41512,Melville,New York,Suffolk County,US
42.69202,-73.72456,Menands,New York,Albany County,US
40.66288,-73.55152,Merrick,New York,Nassau County,US
43.45951,-76.22882,Mexico,New York,Oswego County,US
40.88427,-72.93733,Middle Island,New York,Suffolk County,US
42.59869,-74.33292,Middleburgh,New York,Schoharie County,US
42.79062,-75.5599,Middleport,New York,Madison County,US
43.21256,-78.47641,Middleport,New York,Niagara County,US
41.44593,-74.42293,Middletown,New York,Orange County,US
41.78509,-73.69402,Millbrook,New York,Dutchess County,US
40.95982,-72.99621,Miller Place,New York,Suffolk County,US
43.03369,-73.85262,Milton,New York,Saratoga County,US
41.65982,-73.95708,Milton,New York,Ulster County,US
40.74927,-73.64068,Mineola,New York,Nassau County,US
43.39812,-76.47744,Minetto,New York,Oswego County,US
44.09283,-73.51818,Mineville,New York,Essex County,US
43.07618,-76.00075,Minoa,New York,Onondaga County,US
43.01146,-75.00404,Mohawk,New York,Herkimer County,US
41.33065,-74.18681,Monroe,New York,Orange County,US
41.11121,-74.06848,Monsey,New York,Rockland County,US
41.03594,-71.95451,Montauk,New York,Suffolk County,US
41.13593,-74.11848,Montebello,New York,Rockland County,US
41.52759,-74.23682,Montgomery,New York,Orange County,US
41.65565,-74.68933,Monticello,New York,Sullivan County,US
42.3473,-76.84524,Montour Falls,New York,Schuyler County,US
41.25232,-73.93153,Montrose,New York,Westchester County,US
42.71257,-76.4216,Moravia,New York,Cayuga County,US
40.80732,-72.82121,Moriches,New York,Suffolk County,US
44.6931,-73.56208,Morrisonville,New York,Clinton County,US
42.89868,-75.64018,Morrisville,New York,Madison County,US
41.18676,-74.03486,Mount Ivy,New York,Rockland County,US
41.20426,-73.72708,Mount Kisco,New York,Westchester County,US
42.72562,-77.87417,Mount Morris,New York,Livingston County,US
40.94704,-73.02955,Mount Sinai,New York,Suffolk County,US
40.9126,-73.83708,Mount Vernon,New York,Westchester County,US
41.38843,-74.14181,Mountain Lodge Park,New York,Orange County,US
40.79871,-73.67985,Munsey Park,New York,Nassau County,US
42.58229,-76.2091,Munsons Corners,New York,Cortland County,US
41.6062,-73.87291,Myers Corner,New York,Dutchess County,US
40.82399,-73.54763,Muttontown,New York,Nassau County,US
41.08871,-74.01347,Nanuet,New York,Rockland County,US
41.74398,-74.37154,Napanoch,New York,Ulster County,US
42.61535,-77.40249,Naples,New York,Ontario County,US
42.51591,-73.61012,Nassau,New York,Rensselaer County,US
42.97507,-76.14131,Nedrow,New York,Onondaga County,US
40.85204,-73.154,Nesconset,New York,Suffolk County,US
42.62424,-75.33156,New Berlin,New York,Chenango County,US
40.75899,-73.56957,New Cassel,New York,Nassau County,US
41.1476,-73.98931,New City,New York,Rockland County,US
43.0734,-75.28767,New Hartford,New York,Oneida County,US
40.7351,-73.68791,New Hyde Park,New York,Nassau County,US
41.74759,-74.08681,New Paltz,New York,Ulster County,US
40.91149,-73.78235,New Rochelle,New York,Westchester County,US
41.13956,-74.02942,New Square,New York,Rockland County,US
41.47676,-74.02375,New Windsor,New York,Orange County,US
40.71427,-74.00597,New York City,New York,,US
43.10535,-75.29128,New York Mills,New York,Oneida County,US
43.04673,-77.09525,Newark,New York,Wayne County,US
41.50343,-74.01042,Newburgh,New York,Orange County,US
43.28672,-78.71031,Newfane,New York,Niagara County,US
43.0945,-79.05671,Niagara Falls,New York,Niagara County,US
42.7798,-73.84568,Niskayuna,New York,Schenectady County,US
40.90399,-73.19789,Nissequogue,New York,Suffolk County,US
42.44092,-73.66095,Niverville,New York,Columbia County,US
44.80089,-74.99103,Norfolk,New York,St. Lawrence County,US
40.6976,-73.42512,North Amityville,New York,Suffolk County,US
40.71649,-73.32179,North Babylon,New York,Suffolk County,US
40.73621,-73.26262,North Bay Shore,New York,Suffolk County,US
40.69149,-73.53346,North Bellmore,New York,Nassau County,US
40.77427,-72.94288,North Bellport,New York,Suffolk County,US
42.68562,-78.7767,North Boston,New York,Erie County,US
42.59534,-78.94115,North Collins,New York,Erie County,US
43.17645,-77.70139,North Gates,New York,Monroe County,US
40.74732,-73.16984,North Great River,New York,Suffolk County,US
40.78093,-73.67652,North Hills,New York,Nassau County,US
40.71427,-73.38151,North Lindenhurst,New York,Suffolk County,US
40.70093,-73.46207,North Massapequa,New York,Nassau County,US
40.69121,-73.56318,North Merrick,New York,Nassau County,US
40.74316,-73.69319,North New Hyde Park,New York,Nassau County,US
40.78704,-73.009,North Patchogue,New York,Suffolk County,US
40.93288,-72.41425,North Sea,New York,Suffolk County,US
43.13479,-76.12992,North Syracuse,New York,Onondaga County,US
43.03867,-78.8642,North Tonawanda,New York,Niagara County,US
40.6851,-73.7018,North Valley Stream,New York,Nassau County,US
40.69343,-73.50763,North Wantagh,New York,Nassau County,US
40.90093,-73.34317,Northport,New York,Suffolk County,US
43.22563,-74.17208,Northville,New York,Fulton County,US
40.9701,-72.61898,Northville,New York,Suffolk County,US
41.00982,-72.22119,Northwest Harbor,New York,Suffolk County,US
42.53118,-75.52351,Norwich,New York,Chenango County,US
44.75145,-74.99436,Norwood,New York,St. Lawrence County,US
40.99566,-72.34119,Noyack,New York,Suffolk County,US
42.57951,-77.9425,Nunda,New York,Livingston County,US
41.09065,-73.91791,Nyack,New York,Rockland County,US
42.2512,-73.78013,Oakdale,New York,Columbia County,US
40.74399,-73.13872,Oakdale,New York,Suffolk County,US
43.06589,-78.26974,Oakfield,New York,Genesee County,US
40.63871,-73.64013,Oceanside,New York,Nassau County,US
44.69423,-75.48634,Ogdensburg,New York,St. Lawrence County,US
43.33783,-78.71476,Olcott,New York,Niagara County,US
40.7626,-73.45318,Old Bethpage,New York,Nassau County,US
40.83204,-73.60485,Old Brookville,New York,Nassau County,US
40.78871,-73.59957,Old Westbury,New York,Nassau County,US
42.07756,-78.42974,Olean,New York,Cattaraugus County,US
43.09257,-75.65129,Oneida,New York,Madison County,US
42.45286,-75.06377,Oneonta,New York,Otsego County,US
43.2209,-77.28304,Ontario,New York,Wayne County,US
41.53982,-74.0982,Orange Lake,New York,Orange County,US
41.04649,-73.94958,Orangeburg,New York,Rockland County,US
42.76756,-78.74392,Orchard Park,New York,Erie County,US
43.15729,-75.33267,Oriskany,New York,Oneida County,US
41.16287,-73.86152,Ossining,New York,Westchester County,US
43.45535,-76.5105,Oswego,New York,Oswego County,US
42.3973,-75.1735,Otego,New York,Otsego County,US
41.47343,-74.53849,Otisville,New York,Orange County,US
42.10341,-76.26215,Owego,New York,Tioga County,US
42.44202,-75.59769,Oxford,New York,Chenango County,US
40.86565,-73.53207,Oyster Bay,New York,Nassau County,US
40.87093,-73.51096,Oyster Bay Cove,New York,Nassau County,US
42.16202,-77.09414,Painted Post,New York,Steuben County,US
42.17453,-74.02014,Palenville,New York,Greene County,US
43.06395,-77.23332,Palmyra,New York,Wayne County,US
40.76565,-73.01511,Patchogue,New York,Suffolk County,US
41.56204,-73.60263,Pawling,New York,Dutchess County,US
41.36759,-73.5779,Peach Lake,New York,Putnam County,US
41.05899,-74.02181,Pearl River,New York,Rockland County,US
41.29009,-73.92042,Peekskill,New York,Westchester County,US
40.90982,-73.80791,Pelham,New York,Westchester County,US
40.89538,-73.80708,Pelham Manor,New York,Westchester County,US
42.6609,-77.05386,Penn Yan,New York,Yates County,US
42.71562,-78.00556,Perry,New York,Wyoming County,US
43.01757,-74.19402,Perth,New York,Fulton County,US
44.57838,-73.5268,Peru,New York,Clinton County,US
43.08229,-76.40799,Peru,New York,Onondaga County,US
42.95756,-77.05747,Phelps,New York,Ontario County,US
44.1545,-75.70882,Philadelphia,New York,Jefferson County,US
42.24842,-73.65318,Philmont,New York,Columbia County,US
43.23118,-76.30076,Phoenix,New York,Oswego County,US
41.04204,-73.91819,Piermont,New York,Rockland County,US
41.60815,-74.29904,Pine Bush,New York,Orange County,US
41.97981,-73.65596,Pine Plains,New York,Dutchess County,US
43.09062,-77.515,Pittsford,New York,Monroe County,US
40.71732,-73.48374,Plainedge,New York,Nassau County,US
40.77649,-73.46735,Plainview,New York,Nassau County,US
40.80677,-73.70346,Plandome,New York,Nassau County,US
40.8026,-73.7043,Plandome Heights,New York,Nassau County,US
41.61759,-74.07598,Plattekill,New York,Ulster County,US
44.69949,-73.45291,Plattsburgh,New York,Clinton County,US
41.74454,-73.82124,Pleasant Valley,New York,Dutchess County,US
41.13287,-73.79263,Pleasantville,New York,Westchester County,US
42.69036,-73.56456,Poestenkill,New York,Rensselaer County,US
40.59233,-73.58068,Point Lookout,New York,Nassau County,US
41.16704,-74.0432,Pomona,New York,Rockland County,US
43.03451,-76.62383,Port Byron,New York,Cayuga County,US
41.00176,-73.66568,Port Chester,New York,Westchester County,US
42.13341,-75.89631,Port Dickinson,New York,Broome County,US
41.90537,-73.97625,Port Ewen,New York,Ulster County,US
44.04839,-73.45985,Port Henry,New York,Essex County,US
40.94649,-73.06927,Port Jefferson,New York,Suffolk County,US
40.92538,-73.04733,Port Jefferson Station,New York,Suffolk County,US
41.37509,-74.69266,Port Jervis,New York,Orange County,US
40.82566,-73.69819,Port Washington,New York,Nassau County,US
40.84482,-73.7018,Port Washington North,New York,Nassau County,US
42.03868,-78.34085,Portville,New York,Cattaraugus County,US
44.66978,-74.98131,Potsdam,New York,St. Lawrence County,US
41.70037,-73.92097,Poughkeepsie,New York,Dutchess County,US
41.20871,-73.57485,Pound Ridge,New York,Westchester County,US
43.56701,-76.1277,Pulaski,New York,Oswego County,US
41.04093,-73.71457,Purchase,New York,Westchester County,US
41.46204,-73.54624,Putnam Lake,New York,Putnam County,US
40.68149,-73.83652,Borough of Queens,New York,Queens County,US
43.37729,-73.61317,Queensbury,New York,Warren County,US
42.16201,-78.97532,Randolph,New York,Cattaraugus County,US
43.23867,-78.90976,Ransomville,New York,Niagara County,US
43.09839,-78.64086,Rapids,New York,Niagara County,US
42.46841,-73.81624,Ravena,New York,Albany County,US
41.99509,-73.87541,Red Hook,New York,Dutchess County,US
41.65565,-73.87486,Red Oaks Mill,New York,Dutchess County,US
42.64258,-73.7429,Rensselaer,New York,Rensselaer County,US
41.92676,-73.91264,Rhinebeck,New York,Dutchess County,US
42.85341,-74.98543,Richfield Springs,New York,Otsego County,US
40.89399,-72.89594,Ridge,New York,Suffolk County,US
40.91704,-72.66204,Riverhead,New York,Suffolk County,US
40.88121,-72.67787,Riverside,New York,Suffolk County,US
43.15478,-77.61556,Rochester,New York,Monroe County,US
41.62593,-74.59766,Rock Hill,New York,Sullivan County,US
40.65871,-73.64124,Rockville Centre,New York,Nassau County,US
40.9526,-72.92538,Rocky Point,New York,Suffolk County,US
42.69508,-73.80707,Roessleville,New York,Albany County,US
43.21285,-75.45573,Rome,New York,Oneida County,US
40.81538,-73.11233,Ronkonkoma,New York,Suffolk County,US
40.67871,-73.58902,Roosevelt,New York,Nassau County,US
40.79982,-73.65096,Roslyn,New York,Nassau County,US
40.79427,-73.66041,Roslyn Estates,New York,Nassau County,US
40.81649,-73.63707,Roslyn Harbor,New York,Nassau County,US
40.78871,-73.64735,Roslyn Heights,New York,Nassau County,US
42.78702,-73.97096,Rotterdam,New York,Schenectady County,US
44.99393,-73.36486,Rouses Point,New York,Clinton County,US
40.98065,-73.68374,Rye,New York,Westchester County,US
41.01926,-73.68346,Rye Brook,New York,Westchester County,US
43.94617,-76.11909,Sackets Harbor,New York,Jefferson County,US
40.99788,-72.29258,Sag Harbor,New York,Suffolk County,US
40.87899,-73.15678,Saint James,New York,Suffolk County,US
42.99813,-74.68292,Saint Johnsville,New York,Montgomery County,US
42.15784,-78.71503,Salamanca,New York,Cattaraugus County,US
40.74566,-73.56013,Salisbury,New York,Nassau County,US
43.13672,-78.88476,Sanborn,New York,Niagara County,US
40.85177,-73.71874,Sands Point,New York,Nassau County,US
44.3295,-74.13127,Saranac Lake,New York,Franklin County,US
43.08313,-73.78457,Saratoga Springs,New York,Saratoga County,US
42.07759,-73.95291,Saugerties,New York,Ulster County,US
40.73593,-73.08206,Sayville,New York,Suffolk County,US
41.0051,-73.78458,Scarsdale,New York,Westchester County,US
42.81424,-73.93957,Schenectady,New York,Schenectady County,US
42.66591,-74.30958,Schoharie,New York,Schoharie County,US
43.10008,-73.58178,Schuylerville,New York,Saratoga County,US
41.48148,-74.36015,Scotchtown,New York,Orange County,US
42.82647,-73.96429,Scotia,New York,Schenectady County,US
43.0259,-77.74528,Scottsville,New York,Monroe County,US
40.84899,-73.64485,Sea Cliff,New York,Nassau County,US
40.66593,-73.48818,Seaford,New York,Nassau County,US
40.77482,-73.65568,Searingtown,New York,Nassau County,US
40.86649,-73.03566,Selden,New York,Suffolk County,US
42.91062,-76.79662,Seneca Falls,New York,Seneca County,US
43.12007,-76.28632,Seneca Knolls,New York,Onondaga County,US
41.06815,-72.33869,Shelter Island,New York,Suffolk County,US
41.08399,-72.35592,Shelter Island Heights,New York,Suffolk County,US
41.33176,-73.73819,Shenorock,New York,Westchester County,US
42.67813,-75.49851,Sherburne,New York,Chenango County,US
43.07368,-75.59824,Sherrill,New York,Oneida County,US
40.89093,-72.4637,Shinnecock Hills,New York,Suffolk County,US
40.80149,-72.8676,Shirley,New York,Suffolk County,US
41.97343,-74.21209,Shokan,New York,Ulster County,US
42.9559,-77.22081,Shortsville,New York,Ontario County,US
41.32759,-73.81958,Shrub Oak,New York,Westchester County,US
42.3148,-75.39157,Sidney,New York,Delaware County,US
42.54423,-79.16671,Silver Creek,New York,Chautauqua County,US
42.94701,-76.4291,Skaneateles,New York,Onondaga County,US
41.08565,-73.85847,Sleepy Hollow,New York,Westchester County,US
42.89339,-78.79392,Sloan,New York,Erie County,US
41.15454,-74.19292,Sloatsburg,New York,Rockland County,US
40.85593,-73.20067,Smithtown,New York,Suffolk County,US
43.23784,-77.06136,Sodus,New York,Wayne County,US
43.05812,-76.20743,Solvay,New York,Onondaga County,US
40.95621,-72.96788,Sound Beach,New York,Suffolk County,US
42.12174,-77.03719,South Corning,New York,Steuben County,US
41.72065,-74.63433,South Fallsburg,New York,Sullivan County,US
40.72066,-73.44012,South Farmingdale,New York,Nassau County,US
40.71427,-73.70013,South Floral Park,New York,Nassau County,US
43.29924,-73.63512,South Glens Falls,New York,Saratoga County,US
40.68094,-73.61541,South Hempstead,New York,Nassau County,US
42.42924,-76.49494,South Hill,New York,Tompkins County,US
40.82371,-73.39873,South Huntington,New York,Suffolk County,US
43.15006,-78.6967,South Lockport,New York,Niagara County,US
41.08315,-73.92014,South Nyack,New York,Rockland County,US
40.65594,-73.71763,South Valley Stream,New York,Nassau County,US
40.88427,-72.38953,Southampton,New York,Suffolk County,US
41.06482,-72.4262,Southold,New York,Suffolk County,US
42.0548,-76.81912,Southport,New York,Chemung County,US
41.65593,-73.91347,Spackenkill,New York,Dutchess County,US
41.03121,-73.92708,Sparkill,New York,Rockland County,US
43.18645,-77.8039,Spencerport,New York,Monroe County,US
41.01621,-72.15924,Springs,New York,Suffolk County,US
42.5084,-78.66725,Springville,New York,Erie County,US
41.11315,-74.04375,Spring Valley,New York,Rockland County,US
42.08034,-78.47502,Saint Bonaventure,New York,Cattaraugus County,US
42.4073,-74.61432,Stamford,New York,Delaware County,US
40.56233,-74.13986,Staten Island,New York,Richmond County,US
40.71927,-73.68846,Stewart Manor,New York,Nassau County,US
42.93841,-73.65317,Stillwater,New York,Saratoga County,US
41.85315,-74.13903,Stone Ridge,New York,Ulster County,US
40.92565,-73.14094,Stony Brook,New York,Suffolk County,US
41.22954,-73.98708,Stony Point,New York,Rockland County,US
42.2862,-73.73873,Stottville,New York,Columbia County,US
41.11482,-74.14959,Suffern,New York,Rockland County,US
42.46479,-77.1083,Sylvan Beach,New York,Steuben County,US
40.82621,-73.50207,Syosset,New York,Nassau County,US
43.04812,-76.14742,Syracuse,New York,Onondaga County,US
41.02204,-73.94736,Tappan,New York,Rockland County,US
41.07621,-73.85875,Tarrytown,New York,Westchester County,US
40.90899,-73.06511,Terryville,New York,Suffolk County,US
41.21065,-74.01764,Thiells,New York,Rockland County,US
40.78621,-73.71374,Thomaston,New York,Nassau County,US
41.12343,-73.77902,Thornwood,New York,Westchester County,US
43.84867,-73.42345,Ticonderoga,New York,Essex County,US
41.82898,-74.06848,Tillson,New York,Ulster County,US
42.05842,-73.9093,Tivoli,New York,Dutchess County,US
43.02033,-78.88031,Tonawanda,New York,Erie County,US
42.89061,-78.5778,Town Line,New York,Erie County,US
42.95535,-74.28513,Tribes Hill,New York,Montgomery County,US
42.72841,-73.69179,Troy,New York,Rensselaer County,US
42.54229,-76.66606,Trumansburg,New York,Tompkins County,US
40.89899,-72.41092,Tuckahoe,New York,Suffolk County,US
40.95038,-73.82736,Tuckahoe,New York,Westchester County,US
44.22395,-74.46406,Tupper Lake,New York,Franklin County,US
42.32536,-75.3124,Unadilla,New York,Otsego County,US
42.83979,-76.69328,Union Springs,New York,Cayuga County,US
40.70038,-73.59291,Uniondale,New York,Nassau County,US
40.77732,-73.72263,University Gardens,New York,Nassau County,US
40.83871,-73.56513,Upper Brookville,New York,Nassau County,US
41.10704,-73.92014,Upper Nyack,New York,Rockland County,US
43.1009,-75.23266,Utica,New York,Oneida County,US
41.45426,-74.05764,Vails Gate,New York,Orange County,US
42.41342,-73.67317,Valatie,New York,Columbia County,US
41.07482,-73.77513,Valhalla,New York,Westchester County,US
41.11815,-73.95542,Valley Cottage,New York,Rockland County,US
40.66427,-73.70846,Valley Stream,New York,Nassau County,US
43.07951,-75.53934,Vernon,New York,Oneida County,US
41.25287,-73.95986,Verplanck,New York,Westchester County,US
42.98256,-77.40888,Victor,New York,Ontario County,US
43.1334,-76.31299,Village Green,New York,Onondaga County,US
40.85621,-73.18733,Village of the Branch,New York,Suffolk County,US
41.13648,-74.08236,Viola,New York,Rockland County,US
42.65397,-73.92874,Voorheesville,New York,Albany County,US
40.95038,-72.8426,Wading River,New York,Suffolk County,US
41.5612,-74.18848,Walden,New York,Orange County,US
41.60565,-74.18404,Wallkill,New York,Ulster County,US
42.16953,-75.12934,Walton,New York,Delaware County,US
41.30982,-74.22904,Walton Park,New York,Orange County,US
43.07535,-75.70685,Wampsville,New York,Madison County,US
40.68371,-73.51013,Wantagh,New York,Nassau County,US
42.74617,-78.90309,Wanakah,New York,Erie County,US
41.59648,-73.91097,Wappingers Falls,New York,Dutchess County,US
43.49674,-73.77623,Warrensburg,New York,Warren County,US
42.74006,-78.13279,Warsaw,New York,Wyoming County,US
41.25648,-74.35988,Warwick,New York,Orange County,US
41.47009,-74.41571,Washington Heights,New York,Orange County,US
43.05007,-75.27294,Washington Mills,New York,Oneida County,US
41.42787,-74.16598,Washingtonville,New York,Orange County,US
40.90593,-72.36203,Water Mill,New York,Suffolk County,US
42.79258,-73.68123,Waterford,New York,Saratoga County,US
42.90479,-76.86274,Waterloo,New York,Seneca County,US
40.91959,-72.34274,Water Mill,New York,Suffolk County,US
43.97478,-75.91076,Watertown,New York,Jefferson County,US
42.93118,-75.37989,Waterville,New York,Oneida County,US
42.38063,-76.87329,Watkins Glen,New York,Schuyler County,US
42.01035,-76.52717,Waverly,New York,Tioga County,US
43.21229,-77.42999,Webster,New York,Monroe County,US
43.04868,-76.56272,Weedsport,New York,Cayuga County,US
42.12201,-77.94806,Wellsville,New York,Allegany County,US
42.87591,-74.27235,Wellsville,New York,Montgomery County,US
41.15926,-74.06986,Wesley Hills,New York,Rockland County,US
42.68313,-73.77845,West Albany,New York,Albany County,US
40.71816,-73.35429,West Babylon,New York,Suffolk County,US
40.70871,-73.28123,West Bay Shore,New York,Suffolk County,US
43.97423,-75.61519,West Carthage,New York,Jefferson County,US
42.07813,-76.84524,West Elmira,New York,Chemung County,US
42.46869,-75.09378,West End,New York,Otsego County,US
43.30007,-73.68401,West Glens Falls,New York,Warren County,US
41.20954,-73.98542,West Haverstraw,New York,Rockland County,US
40.70482,-73.65013,West Hempstead,New York,Nassau County,US
40.81621,-73.43234,West Hills,New York,Suffolk County,US
41.99731,-74.10486,West Hurley,New York,Ulster County,US
40.70621,-73.30623,West Islip,New York,Suffolk County,US
41.09649,-73.97292,West Nyack,New York,Rockland County,US
41.39148,-73.95597,West Point,New York,Orange County,US
42.64341,-73.60873,West Sand Lake,New York,Rensselaer County,US
40.72788,-73.09761,West Sayville,New York,Suffolk County,US
42.85006,-78.79975,West Seneca,New York,Erie County,US
40.75566,-73.58763,Westbury,New York,Nassau County,US
42.32228,-79.5781,Westfield,New York,Chautauqua County,US
40.82454,-72.66621,Westhampton,New York,Suffolk County,US
40.80316,-72.61454,Westhampton Beach,New York,Suffolk County,US
42.69119,-73.86873,Westmere,New York,Albany County,US
42.0759,-78.37252,Weston Mills,New York,Cattaraugus County,US
42.06229,-78.37724,Westons Mills,New York,Cattaraugus County,US
43.04757,-76.22048,Westvale,New York,Onondaga County,US
40.76371,-73.36984,Wheatley Heights,New York,Suffolk County,US
41.03399,-73.76291,White Plains,New York,Westchester County,US
43.55562,-73.40372,Whitehall,New York,Washington County,US
43.12201,-75.29156,Whitesboro,New York,Oneida County,US
43.22395,-77.18609,Williamson,New York,Wayne County,US
42.96395,-78.73781,Williamsville,New York,Erie County,US
40.75649,-73.64485,Williston Park,New York,Nassau County,US
43.30978,-78.82615,Wilson,New York,Niagara County,US
43.22062,-76.81496,Wolcott,New York,Wayne County,US
40.82565,-73.46762,Woodbury,New York,Nassau County,US
41.36454,-74.10598,Woodbury,New York,Orange County,US
40.63205,-73.71263,Woodmere,New York,Nassau County,US
42.04092,-74.1182,Woodstock,New York,Ulster County,US
42.59146,-74.75043,Worcester,New York,Otsego County,US
41.57676,-74.4871,Wurtsboro,New York,Sullivan County,US
40.75399,-73.3604,Wyandanch,New York,Suffolk County,US
42.69675,-73.64428,Wynantskill,New York,Rensselaer County,US
40.83677,-72.91705,Yaphank,New York,Suffolk County,US
40.93121,-73.89875,Yonkers,New York,Westchester County,US
42.53006,-78.4728,Yorkshire,New York,Cattaraugus County,US
41.27093,-73.77763,Yorktown Heights,New York,Westchester County,US
43.11285,-75.271,Yorkville,New York,Oneida County,US
43.24728,-79.05005,Youngstown,New York,Niagara County,US
42.01676,-74.07625,Zena,New York,Ulster County,US
40.7695,-83.82271,Ada,Ohio,Hardin County,US
41.08144,-81.51901,Akron,Ohio,Summit County,US
40.91534,-81.10593,Alliance,Ohio,Stark County,US
41.39782,-82.22238,Amherst,Ohio,Lorain County,US
41.60672,-80.5723,Andover,Ohio,Ashtabula County,US
40.39449,-84.17272,Anna,Ohio,Shelby County,US
40.21449,-84.6369,Ansonia,Ohio,Darke County,US
41.18144,-84.74051,Antwerp,Ohio,Paulding County,US
40.75172,-81.8393,Apple Creek,Ohio,Wayne County,US
41.52144,-84.30717,Archbold,Ohio,Fulton County,US
40.89366,-83.65021,Arlington,Ohio,Hancock County,US
40.86867,-82.31822,Ashland,Ohio,Ashland County,US
40.40895,-82.95546,Ashley,Ohio,Delaware County,US
41.86505,-80.78981,Ashtabula,Ohio,Ashtabula County,US
41.31755,-81.34539,Aurora,Ohio,Portage County,US
41.10172,-80.76452,Austintown,Ohio,Mahoning County,US
41.45171,-82.03542,Avon,Ohio,Lorain County,US
41.45976,-82.01959,Avon Center,Ohio,Lorain County,US
41.50532,-82.0282,Avon Lake,Ohio,Lorain County,US
41.38644,-81.33955,Bainbridge,Ohio,Geauga County,US
41.32783,-83.13214,Ballville,Ohio,Sandusky County,US
41.01283,-81.60512,Barberton,Ohio,Summit County,US
41.48477,-81.92208,Bay Village,Ohio,Cuyahoga County,US
40.65312,-81.58096,Beach City,Ohio,Stark County,US
41.4645,-81.50873,Beachwood,Ohio,Cuyahoga County,US
41.39311,-81.53651,Bedford,Ohio,Cuyahoga County,US
41.417,-81.52734,Bedford Heights,Ohio,Cuyahoga County,US
40.02367,-82.65072,Beechwood Trails,Ohio,Licking County,US
40.01618,-80.74231,Bellaire,Ohio,Belmont County,US
40.36116,-83.75966,Bellefontaine,Ohio,Logan County,US
41.27366,-82.84158,Bellevue,Ohio,Huron County,US
40.62006,-82.51072,Bellville,Ohio,Sandusky County,US
41.36616,-81.8543,Berea,Ohio,Cuyahoga County,US
40.01618,-81.0726,Bethesda,Ohio,Belmont County,US
40.89533,-83.88883,Bluffton,Ohio,Allen County,US
41.02423,-80.66285,Boardman,Ohio,Mahoning County,US
41.20728,-80.77758,Bolindale,Ohio,Trumbull County,US
41.26478,-81.51317,Boston Heights,Ohio,Summit County,US
40.46783,-84.1805,Botkins,Ohio,Shelby County,US
41.37477,-83.65132,Bowling Green,Ohio,Wood County,US
40.13227,-84.43078,Bradford,Ohio,Miami County,US
41.54255,-81.62624,Bratenahl,Ohio,Cuyahoga County,US
41.31978,-81.62679,Brecksville,Ohio,Cuyahoga County,US
40.707,-81.59818,Brewster,Ohio,Stark County,US
40.06979,-80.74008,Bridgeport,Ohio,Belmont County,US
40.26479,-80.62619,Brilliant,Ohio,Jefferson County,US
41.10006,-81.3465,Brimfield,Ohio,Portage County,US
41.31394,-81.68513,Broadview Heights,Ohio,Cuyahoga County,US
41.39838,-81.80458,Brook Park,Ohio,Cuyahoga County,US
41.24061,-80.55785,Brookfield Center,Ohio,Trumbull County,US
41.43977,-81.73541,Brooklyn,Ohio,Cuyahoga County,US
41.42533,-81.68818,Brooklyn Heights,Ohio,Cuyahoga County,US
41.23811,-81.8418,Brunswick,Ohio,Medina County,US
41.47477,-84.55245,Bryan,Ohio,Williams County,US
40.80839,-82.97546,Bucyrus,Ohio,Crawford County,US
41.57227,-84.308,Burlington,Ohio,Fulton County,US
41.47061,-81.1451,Burton,Ohio,Geauga County,US
40.27285,-80.99676,Cadiz,Ohio,Harrison County,US
40.6734,-80.57646,Calcutta,Ohio,Columbiana County,US
40.03118,-81.58846,Cambridge,Ohio,Guernsey County,US
41.07839,-80.59924,Campbell,Ohio,Mahoning County,US
40.88978,-81.59762,Canal Fulton,Ohio,Stark County,US
41.02506,-80.76091,Canfield,Ohio,Mahoning County,US
40.79895,-81.37845,Canton,Ohio,Stark County,US
40.50062,-82.89351,Cardington,Ohio,Morrow County,US
40.95256,-83.38242,Carey,Ohio,Wyandot County,US
40.57284,-81.08565,Carrollton,Ohio,Carroll County,US
40.54894,-84.57023,Celina,Ohio,Mercer County,US
40.30451,-82.69628,Centerburg,Ohio,Knox County,US
41.43616,-81.3865,Chagrin Falls,Ohio,Cuyahoga County,US
41.61422,-81.14899,Chardon,Ohio,Geauga County,US
41.52227,-81.33789,Chesterland,Ohio,Geauga County,US
41.162,-80.6648,Churchill,Ohio,Trumbull County,US
41.4995,-81.69541,Cleveland,Ohio,Cuyahoga County,US
40.92672,-81.6304,Clinton,Ohio,Summit County,US
41.30422,-82.97519,Clyde,Ohio,Sandusky County,US
40.47977,-84.62829,Coldwater,Ohio,Mercer County,US
40.88839,-80.69396,Columbiana,Ohio,Columbiana County,US
40.9195,-84.05689,Columbus Grove,Ohio,Putnam County,US
41.94756,-80.55424,Conneaut,Ohio,Ashtabula County,US
41.10033,-84.26634,Continental,Ohio,Putnam County,US
40.91672,-84.70274,Convoy,Ohio,Van Wert County,US
41.33033,-80.72536,Cortland,Ohio,Trumbull County,US
40.27202,-81.85958,Coshocton,Ohio,Coshocton County,US
40.11727,-84.35384,Covington,Ohio,Miami County,US
41.117,-80.98342,Craig Beach,Ohio,Mahoning County,US
40.78756,-82.73657,Crestline,Ohio,Crawford County,US
40.987,-81.89375,Creston,Ohio,Wayne County,US
40.65422,-84.15078,Cridersville,Ohio,Auglaize County,US
41.61838,-83.36771,Curtice,Ohio,Lucas County,US
41.13394,-81.48456,Cuyahoga Falls,Ohio,Summit County,US
40.79894,-81.69541,Dalton,Ohio,Wayne County,US
40.44756,-82.26016,Danville,Ohio,Knox County,US
40.312,-83.91577,De Graff,Ohio,Logan County,US
41.28449,-84.35578,Defiance,Ohio,Defiance County,US
40.29867,-83.06797,Delaware,Ohio,Delaware County,US
40.84338,-84.34162,Delphos,Ohio,Allen County,US
41.57366,-84.00522,Delta,Ohio,Fulton County,US
40.3934,-81.33372,Dennison,Ohio,Tuscarawas County,US
41.20755,-83.89911,Deshler,Ohio,Henry County,US
40.52062,-81.47401,Dover,Ohio,Tuscarawas County,US
40.97005,-81.69652,Doylestown,Ohio,Wayne County,US
40.12146,-82.01069,Dresden,Ohio,Muskingum County,US
40.09923,-83.11408,Dublin,Ohio,Franklin County,US
40.78728,-81.28261,East Canton,Ohio,Stark County,US
41.53311,-81.57901,East Cleveland,Ohio,Cuyahoga County,US
40.61868,-80.57729,East Liverpool,Ohio,Columbiana County,US
40.83395,-80.54035,East Palestine,Ohio,Columbiana County,US
41.65394,-81.45039,Eastlake,Ohio,Lake County,US
41.30894,-82.0057,Eaton Estates,Ohio,Lorain County,US
41.44866,-84.74801,Edgerton,Ohio,Williams County,US
41.87283,-80.77286,Edgewood,Ohio,Ashtabula County,US
40.78866,-84.20384,Elida,Ohio,Allen County,US
41.47616,-83.29576,Elmore,Ohio,Ottawa County,US
41.36838,-82.10765,Elyria,Ohio,Lorain County,US
41.5931,-81.52679,Euclid,Ohio,Cuyahoga County,US
41.12783,-81.60984,Fairlawn,Ohio,Summit County,US
41.75004,-81.27399,Fairport Harbor,Ohio,Lake County,US
41.44144,-81.8643,Fairview Park,Ohio,Cuyahoga County,US
41.67338,-84.32689,Fayette,Ohio,Fulton County,US
41.04422,-83.64993,Findlay,Ohio,Hancock County,US
40.80172,-83.51048,Forest,Ohio,Hardin County,US
40.35144,-84.37384,Fort Loramie,Ohio,Shelby County,US
40.41282,-84.77635,Fort Recovery,Ohio,Mercer County,US
40.68672,-84.13773,Fort Shawnee,Ohio,Allen County,US
41.157,-83.41687,Fostoria,Ohio,Seneca County,US
40.11729,-82.11931,Frazeysburg,Ohio,Muskingum County,US
40.48117,-82.54072,Fredericktown,Ohio,Knox County,US
41.35033,-83.12186,Fremont,Ohio,Sandusky County,US
40.01923,-82.87934,Gahanna,Ohio,Franklin County,US
40.73367,-82.7899,Galion,Ohio,Crawford County,US
40.37562,-82.3971,Gambier,Ohio,Knox County,US
41.417,-81.60596,Garfield Heights,Ohio,Cuyahoga County,US
41.28422,-81.09649,Garrettsville,Ohio,Portage County,US
41.51755,-81.40345,Gates Mills,Ohio,Cuyahoga County,US
41.80505,-80.94815,Geneva,Ohio,Ashtabula County,US
41.8595,-80.95398,Geneva-on-the-Lake,Ohio,Ashtabula County,US
40.78284,-81.46651,Genoa,Ohio,Stark County,US
41.3845,-83.32048,Gibsonburg,Ohio,Sandusky County,US
41.15395,-80.70147,Girard,Ohio,Trumbull County,US
41.02894,-84.07911,Glandorf,Ohio,Putnam County,US
41.397,-81.54234,Glendale,Ohio,Cuyahoga County,US
40.66617,-80.62313,Glenmoor,Ohio,Columbiana County,US
40.3584,-81.43428,Gnadenhutten,Ohio,Tuscarawas County,US
41.27255,-82.05459,Grafton,Ohio,Lorain County,US
40.06812,-82.5196,Granville,Ohio,Licking County,US
40.94589,-81.48317,Green,Ohio,Summit County,US
41.25616,-83.05158,Green Springs,Ohio,Sandusky County,US
40.93172,-81.46484,Greensburg,Ohio,Summit County,US
40.92756,-81.40261,Greentown,Ohio,Stark County,US
40.10283,-84.63301,Greenville,Ohio,Darke County,US
41.03005,-82.51573,Greenwich,Ohio,Huron County,US
40.96367,-81.33122,Hartville,Ohio,Stark County,US
41.46477,-83.70605,Haskins,Ohio,Wood County,US
40.02284,-82.4446,Heath,Ohio,Licking County,US
41.29311,-84.7619,Hicksville,Ohio,Defiance County,US
41.552,-81.47845,Highland Heights,Ohio,Cuyahoga County,US
41.44839,-81.51901,Highland Hills,Ohio,Cuyahoga County,US
40.0334,-83.15825,Hilliard,Ohio,Franklin County,US
41.31256,-81.14371,Hiram,Ohio,Portage County,US
41.24894,-84.133,Holgate,Ohio,Henry County,US
41.62172,-83.7116,Holland,Ohio,Lucas County,US
41.25117,-80.74536,Howland Center,Ohio,Trumbull County,US
41.15645,-80.56924,Hubbard,Ohio,Trumbull County,US
40.08867,-82.91657,Huber Ridge,Ohio,Franklin County,US
41.24006,-81.44067,Hudson,Ohio,Summit County,US
41.39505,-82.55517,Huron,Ohio,Erie County,US
41.36866,-81.6379,Independence,Ohio,Cuyahoga County,US
40.43949,-84.04022,Jackson Center,Ohio,Shelby County,US
41.73867,-80.76981,Jefferson,Ohio,Ashtabula County,US
40.15367,-82.68517,Johnstown,Ohio,Licking County,US
40.98283,-84.19939,Kalida,Ohio,Putnam County,US
41.15367,-81.35789,Kent,Ohio,Portage County,US
40.647,-83.60965,Kenton,Ohio,Hardin County,US
41.62894,-81.3615,Kirtland,Ohio,Lake County,US
40.6459,-80.59785,La Croft,Ohio,Columbiana County,US
41.23728,-82.11987,Lagrange,Ohio,Lorain County,US
40.66673,-81.19927,Lake Mohawk,Ohio,Carroll County,US
41.02089,-81.43595,Lakemore,Ohio,Summit County,US
40.48477,-83.923,Lakeview,Ohio,Logan County,US
41.48199,-81.79819,Lakewood,Ohio,Cuyahoga County,US
41.24783,-80.87703,Leavittsburg,Ohio,Trumbull County,US
40.87728,-80.75536,Leetonia,Ohio,Columbiana County,US
41.09838,-83.98467,Leipsic,Ohio,Putnam County,US
40.1984,-83.01018,Lewis Center,Ohio,Delaware County,US
40.67867,-82.58239,Lexington,Ohio,Richland County,US
41.44338,-84.00883,Liberty Center,Ohio,Henry County,US
40.74255,-84.10523,Lima,Ohio,Allen County,US
40.77145,-82.48433,Lincoln Heights,Ohio,Richland County,US
40.772,-80.76813,Lisbon,Ohio,Columbiana County,US
41.03339,-82.01209,Lodi,Ohio,Medina County,US
41.45282,-82.18237,Lorain,Ohio,Lorain County,US
41.16561,-80.85758,Lordstown,Ohio,Trumbull County,US
40.63534,-82.23321,Loudonville,Ohio,Ashland County,US
40.83728,-81.25955,Louisville,Ohio,Stark County,US
41.03534,-80.53646,Lowellville,Ohio,Mahoning County,US
41.45061,-83.48743,Luckey,Ohio,Wood County,US
41.52005,-81.48873,Lyndhurst,Ohio,Cuyahoga County,US
41.31367,-81.50845,Macedonia,Ohio,Summit County,US
41.77116,-81.04982,Madison,Ohio,Lake County,US
40.69173,-81.18121,Malvern,Ohio,Carroll County,US
40.937,-81.56929,Manchester,Ohio,Summit County,US
40.75839,-82.51545,Mansfield,Ohio,Richland County,US
40.07785,-81.67901,Mantua,Ohio,Guernsey County,US
41.28394,-81.22399,Mantua,Ohio,Portage County,US
41.41533,-81.56596,Maple Heights,Ohio,Cuyahoga County,US
40.58867,-83.12852,Marion,Ohio,Marion County,US
40.09591,-80.72453,Martins Ferry,Ohio,Belmont County,US
40.23645,-83.36714,Marysville,Ohio,Union County,US
40.79672,-81.52151,Massillon,Ohio,Stark County,US
41.21117,-80.53785,Masury,Ohio,Trumbull County,US
41.56283,-83.65382,Maumee,Ohio,Lucas County,US
41.552,-81.43928,Mayfield,Ohio,Cuyahoga County,US
41.51922,-81.4579,Mayfield Heights,Ohio,Cuyahoga County,US
41.10755,-83.79271,McComb,Ohio,Hancock County,US
41.16367,-80.72424,McDonald,Ohio,Trumbull County,US
41.18367,-80.7173,McKinley Heights,Ohio,Trumbull County,US
40.072,-83.55631,Mechanicsburg,Ohio,Champaign County,US
41.13839,-81.86375,Medina,Ohio,Medina County,US
41.66616,-81.33955,Mentor,Ohio,Lake County,US
41.70504,-81.36039,Mentor-on-the-Lake,Ohio,Lake County,US
41.36144,-81.81291,Middleburg Heights,Ohio,Cuyahoga County,US
41.462,-81.07371,Middlefield,Ohio,Geauga County,US
41.29755,-82.60545,Milan,Ohio,Erie County,US
41.56616,-83.42465,Millbury,Ohio,Wood County,US
40.55451,-81.91792,Millersburg,Ohio,Holmes County,US
41.14006,-80.76897,Mineral Ridge,Ohio,Trumbull County,US
40.72978,-81.10538,Minerva,Ohio,Stark County,US
40.07645,-82.94379,Minerva Park,Ohio,Franklin County,US
40.32174,-80.6098,Mingo Junction,Ohio,Jefferson County,US
40.3931,-84.37606,Minster,Ohio,Auglaize County,US
41.04645,-81.39789,Mogadore,Ohio,Summit County,US
41.24422,-82.69629,Monroeville,Ohio,Huron County,US
41.5845,-84.60551,Montpelier,Ohio,Williams County,US
41.44783,-81.42762,Moreland Hills,Ohio,Cuyahoga County,US
41.26561,-80.78286,Morgandale,Ohio,Trumbull County,US
41.27116,-82.93686,Mount Carmel,Ohio,Sandusky County,US
40.54923,-82.8274,Mount Gilead,Ohio,Morrow County,US
40.3934,-82.48572,Mount Vernon,Ohio,Knox County,US
41.1445,-81.43983,Munroe Falls,Ohio,Summit County,US
41.39227,-84.12522,Napoleon,Ohio,Henry County,US
40.7245,-81.52207,Navarre,Ohio,Stark County,US
40.08117,-82.80879,New Albany,Ohio,Franklin County,US
40.43699,-84.37967,New Bremen,Ohio,Auglaize County,US
40.15617,-83.23658,New California,Ohio,Union County,US
40.94172,-81.54151,New Franklin,Ohio,Summit County,US
41.08505,-82.39989,New London,Ohio,Huron County,US
40.96117,-80.55757,New Middletown,Ohio,Mahoning County,US
40.48979,-81.44567,New Philadelphia,Ohio,Tuscarawas County,US
40.84506,-80.61452,New Waterford,Ohio,Columbiana County,US
40.05812,-82.40126,Newark,Ohio,Licking County,US
41.45005,-81.66346,Newburgh Heights,Ohio,Cuyahoga County,US
40.27229,-81.60595,Newcomerstown,Ohio,Tuscarawas County,US
41.18839,-80.97815,Newton Falls,Ohio,Trumbull County,US
41.18284,-80.76536,Niles,Ohio,Trumbull County,US
41.18283,-83.67827,North Baltimore,Ohio,Wood County,US
40.87589,-81.40234,North Canton,Ohio,Stark County,US
41.90589,-80.69036,North Kingsville,Ohio,Ashtabula County,US
40.22311,-83.55743,North Lewisburg,Ohio,Champaign County,US
41.802,-81.04899,North Madison,Ohio,Lake County,US
41.4156,-81.92347,North Olmsted,Ohio,Cuyahoga County,US
41.43478,-81.52568,North Randall,Ohio,Cuyahoga County,US
41.38949,-82.01903,North Ridgeville,Ohio,Lorain County,US
41.31366,-81.72457,North Royalton,Ohio,Cuyahoga County,US
41.34505,-81.52845,Northfield,Ohio,Summit County,US
40.47283,-83.73243,Northwood,Ohio,Logan County,US
41.60727,-83.46882,Northwood,Ohio,Wood County,US
41.02922,-81.63818,Norton,Ohio,Summit County,US
41.24255,-82.61573,Norwalk,Ohio,Huron County,US
41.50672,-83.14659,Oak Harbor,Ohio,Ottawa County,US
40.41423,-82.24099,Oak Hill,Ohio,Knox County,US
41.36533,-81.5079,Oakwood,Ohio,Cuyahoga County,US
41.29394,-82.21738,Oberlin,Ohio,Lorain County,US
41.37505,-81.90819,Olmsted Falls,Ohio,Cuyahoga County,US
40.7595,-82.59017,Ontario,Ohio,Richland County,US
41.44978,-81.48067,Orange,Ohio,Cuyahoga County,US
41.64366,-83.48688,Oregon,Ohio,Lucas County,US
40.84367,-81.76402,Orrville,Ohio,Wayne County,US
41.53506,-80.86814,Orwell,Ohio,Ashtabula County,US
41.01922,-84.04717,Ottawa,Ohio,Putnam County,US
41.66422,-83.64327,Ottawa Hills,Ohio,Lucas County,US
41.72449,-81.24566,Painesville,Ohio,Lake County,US
40.94811,-83.96105,Pandora,Ohio,Putnam County,US
41.40477,-81.72291,Parma,Ohio,Cuyahoga County,US
41.39005,-81.75958,Parma Heights,Ohio,Cuyahoga County,US
41.13811,-84.58051,Paulding,Ohio,Paulding County,US
41.07755,-84.72718,Payne,Ohio,Paulding County,US
41.41089,-83.46104,Pemberville,Ohio,Wood County,US
41.24117,-81.55262,Peninsula,Ohio,Summit County,US
41.47839,-81.46373,Pepper Pike,Ohio,Cuyahoga County,US
41.76033,-81.14093,Perry,Ohio,Lake County,US
40.79534,-81.47345,Perry Heights,Ohio,Stark County,US
41.557,-83.62716,Perrysburg,Ohio,Wood County,US
41.68005,-84.55301,Pioneer,Ohio,Williams County,US
40.14477,-84.24244,Piqua,Ohio,Miami County,US
40.10756,-83.26742,Plain City,Ohio,Madison County,US
40.05172,-84.34439,Pleasant Hill,Ohio,Miami County,US
40.99561,-82.66712,Plymouth,Ohio,Huron County,US
41.02423,-80.6148,Poland,Ohio,Mahoning County,US
41.512,-82.93769,Port Clinton,Ohio,Ottawa County,US
41.00728,-81.52706,Portage Lakes,Ohio,Summit County,US
40.15784,-83.07519,Powell,Ohio,Delaware County,US
40.45034,-83.18853,Prospect,Ohio,Marion County,US
41.15756,-81.24205,Ravenna,Ohio,Portage County,US
41.34589,-81.39511,Reminderville,Ohio,Summit County,US
41.23978,-81.63818,Richfield,Ohio,Summit County,US
41.55283,-81.51012,Richmond Heights,Ohio,Cuyahoga County,US
40.75117,-81.4779,Richville,Ohio,Stark County,US
40.42645,-83.29686,Richwood,Ohio,Union County,US
40.97811,-81.78208,Rittman,Ohio,Wayne County,US
41.64311,-80.82342,Roaming Shores,Ohio,Ashtabula County,US
40.68783,-84.64663,Rockford,Ohio,Mercer County,US
40.47701,-81.30844,Rockford,Ohio,Tuscarawas County,US
41.4756,-81.8393,Rocky River,Ohio,Cuyahoga County,US
41.60977,-83.56438,Rossford,Ohio,Wood County,US
40.47116,-83.89272,Russells Point,Ohio,Logan County,US
40.08063,-80.90009,Saint Clairsville,Ohio,Belmont County,US
40.41755,-84.63968,Saint Henry,Ohio,Mercer County,US
40.54227,-84.3894,Saint Marys,Ohio,Auglaize County,US
40.12839,-83.95966,Saint Paris,Ohio,Champaign County,US
40.90089,-80.85675,Salem,Ohio,Columbiana County,US
40.62256,-80.83786,Salineville,Ohio,Columbiana County,US
41.44894,-82.70796,Sandusky,Ohio,Erie County,US
41.03783,-81.44095,Sawyerwood,Ohio,Summit County,US
40.92284,-81.01898,Sebring,Ohio,Mahoning County,US
41.39533,-81.67624,Seven Hills,Ohio,Cuyahoga County,US
41.01006,-81.86236,Seville,Ohio,Medina County,US
41.47394,-81.53707,Shaker Heights,Ohio,Cuyahoga County,US
41.42115,-82.09626,Sheffield,Ohio,Lorain County,US
41.48754,-82.10154,Sheffield Lake,Ohio,Lorain County,US
40.88145,-82.66184,Shelby,Ohio,Richland County,US
40.68145,-82.02181,Shreve,Ohio,Wayne County,US
40.28422,-84.1555,Sidney,Ohio,Shelby County,US
41.15895,-81.45428,Silver Lake,Ohio,Summit County,US
40.86228,-81.8618,Smithville,Ohio,Wayne County,US
41.38978,-81.44123,Solon,Ohio,Cuyahoga County,US
41.35588,-82.25377,South Amherst,Ohio,Lorain County,US
41.17728,-80.98676,South Canal,Ohio,Trumbull County,US
41.52311,-81.51846,South Euclid,Ohio,Cuyahoga County,US
41.43144,-81.36539,South Russell,Ohio,Geauga County,US
40.70894,-84.35356,Spencerville,Ohio,Allen County,US
40.36979,-80.63396,Steubenville,Ohio,Jefferson County,US
41.35144,-83.1552,Stony Prairie,Ohio,Sandusky County,US
41.1595,-81.44039,Stow,Ohio,Summit County,US
40.59478,-81.52679,Strasburg,Ohio,Tuscarawas County,US
41.23922,-81.34594,Streetsboro,Ohio,Portage County,US
41.3145,-81.83569,Strongsville,Ohio,Cuyahoga County,US
41.05256,-80.60785,Struthers,Ohio,Mahoning County,US
41.50366,-84.41412,Stryker,Ohio,Williams County,US
40.50312,-81.64096,Sugarcreek,Ohio,Tuscarawas County,US
40.24256,-82.85907,Sunbury,Ohio,Delaware County,US
41.58866,-83.89105,Swanton,Ohio,Fulton County,US
41.71894,-83.71299,Sylvania,Ohio,Lucas County,US
41.10145,-81.44178,Tallmadge,Ohio,Summit County,US
41.1145,-83.17797,Tiffin,Ohio,Seneca County,US
40.16674,-80.6998,Tiltonsville,Ohio,Jefferson County,US
41.66394,-83.55521,Toledo,Ohio,Lucas County,US
40.46423,-80.60091,Toronto,Ohio,Jefferson County,US
40.0395,-84.20328,Troy,Ohio,Miami County,US
40.39479,-81.40706,Tuscarawas,Ohio,Tuscarawas County,US
41.31256,-81.44011,Twinsburg,Ohio,Summit County,US
40.39312,-81.3465,Uhrichsville,Ohio,Tuscarawas County,US
40.19949,-84.80524,Union City,Ohio,Darke County,US
40.97506,-81.40817,Uniontown,Ohio,Stark County,US
41.49783,-81.53735,University Heights,Ohio,Cuyahoga County,US
40.82728,-83.28131,Upper Sandusky,Ohio,Wyandot County,US
40.10839,-83.75243,Urbana,Ohio,Champaign County,US
40.23423,-82.45127,Utica,Ohio,Licking County,US
41.38783,-81.60457,Valley View,Ohio,Cuyahoga County,US
41.42199,-82.36461,Vermilion,Ohio,Lorain County,US
40.86949,-84.58412,Van Wert,Ohio,Van Wert County,US
41.42838,-82.32377,Vermilion-on-the-Lake,Ohio,Lorain County,US
40.22255,-84.4844,Versailles,Ohio,Darke County,US
41.02561,-81.72985,Wadsworth,Ohio,Medina County,US
41.2545,-82.39961,Wakeman,Ohio,Huron County,US
41.58783,-83.49327,Walbridge,Ohio,Wood County,US
41.36561,-81.56123,Walton Hills,Ohio,Cuyahoga County,US
40.56783,-84.19356,Wapakoneta,Ohio,Auglaize County,US
41.43505,-81.53623,Warrensville Heights,Ohio,Cuyahoga County,US
41.50089,-83.71827,Waterville,Ohio,Lucas County,US
41.23756,-80.81842,Warren,Ohio,Trumbull County,US
41.54922,-84.14161,Wauseon,Ohio,Fulton County,US
41.16894,-82.21794,Wellington,Ohio,Lorain County,US
40.60284,-80.64896,Wellsville,Ohio,Columbiana County,US
41.23283,-80.51924,West Hill,Ohio,Trumbull County,US
40.27535,-81.75096,West Lafayette,Ohio,Coshocton County,US
40.25228,-83.75577,West Liberty,Ohio,Logan County,US
40.97144,-82.10987,West Salem,Ohio,Wayne County,US
41.58616,-84.43495,West Unity,Ohio,Williams County,US
40.12617,-82.92907,Westerville,Ohio,Franklin County,US
41.02644,-81.9332,Westfield Center,Ohio,Medina County,US
41.45532,-81.91792,Westlake,Ohio,Cuyahoga County,US
41.34477,-83.79716,Weston,Ohio,Wood County,US
41.51894,-83.80383,Whitehouse,Ohio,Lucas County,US
41.60533,-81.45345,Wickliffe,Ohio,Lake County,US
41.05311,-82.72629,Willard,Ohio,Huron County,US
41.63977,-81.4065,Willoughby,Ohio,Lake County,US
41.59838,-81.41845,Willoughby Hills,Ohio,Lake County,US
41.6331,-81.46873,Willowick,Ohio,Lake County,US
41.23506,-81.04926,Windham,Ohio,Portage County,US
40.37535,-80.70369,Wintersville,Ohio,Jefferson County,US
40.06924,-80.7837,Wolfhurst,Ohio,Belmont County,US
41.45144,-83.36576,Woodville,Ohio,Sandusky County,US
40.80517,-81.93646,Wooster,Ohio,Wayne County,US
40.09312,-83.01796,Worthington,Ohio,Franklin County,US
40.15452,-80.71036,Yorkville,Ohio,Belmont County,US
41.09978,-80.64952,Youngstown,Ohio,Mahoning County,US
40.2412,-76.05633,Adamstown,Pennsylvania,Lancaster County,US
40.15676,-76.20217,Akron,Pennsylvania,Lancaster County,US
41.89061,-80.36645,Albion,Pennsylvania,Erie County,US
40.95895,-78.94698,Albion,Pennsylvania,Jefferson County,US
40.51093,-75.60297,Alburtis,Pennsylvania,Lehigh County,US
40.63673,-80.24006,Aliquippa,Pennsylvania,Beaver County,US
40.23426,-75.98855,Alleghenyville,Pennsylvania,Berks County,US
40.60843,-75.49018,Allentown,Pennsylvania,Lehigh County,US
40.55951,-79.95867,Allison Park,Pennsylvania,Allegheny County,US
41.01453,-76.38105,Almedia,Pennsylvania,Columbia County,US
40.51868,-78.39474,Altoona,Pennsylvania,Blair County,US
40.15455,-75.22157,Ambler,Pennsylvania,Montgomery County,US
40.58923,-80.22506,Ambridge,Pennsylvania,Beaver County,US
40.27426,-75.73519,Amity Gardens,Pennsylvania,Berks County,US
40.54732,-75.58935,Ancient Oaks,Pennsylvania,Lehigh County,US
40.32954,-76.51524,Annville,Pennsylvania,Lebanon County,US
40.58145,-79.56643,Apollo,Pennsylvania,Armstrong County,US
41.4948,-75.53685,Archbald,Pennsylvania,Lackawanna County,US
40.00678,-75.28546,Ardmore,Pennsylvania,Montgomery County,US
40.99009,-75.21629,Arlington Heights,Pennsylvania,Monroe County,US
40.58007,-79.76672,Arnold,Pennsylvania,Westmoreland County,US
40.78175,-76.34578,Ashland,Pennsylvania,Schuylkill County,US
41.21036,-75.89659,Ashley,Pennsylvania,Luzerne County,US
40.49146,-79.90477,Aspinwall,Pennsylvania,Allegheny County,US
41.9573,-76.518,Athens,Pennsylvania,Bradford County,US
40.12788,-75.43185,Audubon,Pennsylvania,Montgomery County,US
40.5009,-80.06756,Avalon,Pennsylvania,Allegheny County,US
41.18479,-77.31386,Avis,Pennsylvania,Clinton County,US
41.3398,-75.7363,Avoca,Pennsylvania,Luzerne County,US
40.34565,-76.38996,Avon,Pennsylvania,Lebanon County,US
42.04561,-80.26979,Avonia,Pennsylvania,Erie County,US
40.52895,-79.46143,Avonmore,Pennsylvania,Westmoreland County,US
41.33591,-75.99631,Back Mountain,Pennsylvania,Luzerne County,US
40.63507,-80.22812,Baden,Pennsylvania,Beaver County,US
40.19479,-79.97088,Baidland,Pennsylvania,Washington County,US
40.09093,-76.66747,Bainbridge,Pennsylvania,Lancaster County,US
40.6509,-79.93644,Bakerstown,Pennsylvania,Allegheny County,US
40.00761,-75.23407,Bala-Cynwyd,Pennsylvania,Montgomery County,US
40.33813,-79.97894,Baldwin,Pennsylvania,Allegheny County,US
40.40232,-75.58713,Bally,Pennsylvania,Berks County,US
40.86565,-75.20657,Bangor,Pennsylvania,Northampton County,US
40.66257,-78.78003,Barnesboro,Pennsylvania,Cambria County,US
40.72565,-75.39407,Bath,Pennsylvania,Northampton County,US
40.12285,-79.4617,Bear Rocks,Pennsylvania,Fayette County,US
40.69534,-80.30478,Beaver,Pennsylvania,Beaver County,US
40.75201,-80.31923,Beaver Falls,Pennsylvania,Beaver County,US
40.32202,-78.69696,Beaverdale,Pennsylvania,Cambria County,US
40.01869,-78.50391,Bedford,Pennsylvania,Bedford County,US
40.42594,-75.17906,Bedminster,Pennsylvania,Bucks County,US
40.59007,-80.16645,Bell Acres,Pennsylvania,Allegheny County,US
40.78065,-75.27796,Belfast,Pennsylvania,Northampton County,US
40.12507,-79.86644,Belle Vernon,Pennsylvania,Fayette County,US
40.91339,-77.77833,Bellefonte,Pennsylvania,Centre County,US
40.60507,-77.72555,Belleville,Pennsylvania,Mifflin County,US
40.49396,-80.05172,Bellevue,Pennsylvania,Allegheny County,US
40.6034,-78.32474,Bellwood,Pennsylvania,Blair County,US
40.2873,-78.88947,Belmont,Pennsylvania,Cambria County,US
40.50812,-80.08311,Ben Avon,Pennsylvania,Allegheny County,US
40.11674,-80.00839,Bentleyville,Pennsylvania,Washington County,US
40.04483,-75.43881,Berwyn,Pennsylvania,Chester County,US
40.97478,-80.49368,Bessemer,Pennsylvania,Lawrence County,US
41.05453,-76.23327,Berwick,Pennsylvania,Columbia County,US
40.32757,-80.0395,Bethel Park,Pennsylvania,Allegheny County,US
40.62593,-75.37046,Bethlehem,Pennsylvania,Northampton County,US
40.82451,-80.36284,Big Beaver,Pennsylvania,Beaver County,US
41.25454,-74.9185,Birchwood Lakes,Pennsylvania,Pike County,US
40.26454,-75.80409,Birdsboro,Pennsylvania,Berks County,US
40.47923,-79.19976,Black Lick,Pennsylvania,Indiana County,US
40.43118,-79.26087,Blairsville,Pennsylvania,Indiana County,US
41.48091,-75.59463,Blakely,Pennsylvania,Lackawanna County,US
40.4412,-75.88687,Blandon,Pennsylvania,Berks County,US
40.4934,-79.86061,Blawnox,Pennsylvania,Allegheny County,US
40.4609,-79.95089,Bloomfield,Pennsylvania,Allegheny County,US
41.0037,-76.45495,Bloomsburg,Pennsylvania,Columbia County,US
41.67952,-77.06386,Blossburg,Pennsylvania,Tioga County,US
40.11871,-76.04717,Blue Ball,Pennsylvania,Lancaster County,US
40.15233,-75.26629,Blue Bell,Pennsylvania,Montgomery County,US
40.77562,-77.7925,Boalsburg,Pennsylvania,Centre County,US
40.14981,-77.12831,Boiling Springs,Pennsylvania,Cumberland County,US
40.16147,-79.02892,Boswell,Pennsylvania,Somerset County,US
40.19676,-76.01744,Bowmansville,Pennsylvania,Lancaster County,US
40.33371,-75.63741,Boyertown,Pennsylvania,Berks County,US
40.60812,-79.74116,Brackenridge,Pennsylvania,Allegheny County,US
40.4034,-79.86838,Braddock,Pennsylvania,Allegheny County,US
40.41729,-79.86505,Braddock Hills,Pennsylvania,Allegheny County,US
41.9559,-78.64392,Bradford,Pennsylvania,McKean County,US
40.63757,-80.08172,Bradford Woods,Pennsylvania,Allegheny County,US
40.37063,-79.97477,Brentwood,Pennsylvania,Allegheny County,US
40.22953,-76.81997,Bressler,Pennsylvania,Dauphin County,US
40.53676,-75.6313,Breinigsville,Pennsylvania,Lehigh County,US
40.22593,-76.30246,Brickerville,Pennsylvania,Lancaster County,US
40.10511,-75.34518,Bridgeport,Pennsylvania,Montgomery County,US
40.35618,-80.11006,Bridgeville,Pennsylvania,Allegheny County,US
40.10067,-74.85183,Bristol,Pennsylvania,Bucks County,US
41.24923,-78.79947,Brockway,Pennsylvania,Jefferson County,US
40.92454,-75.39379,Brodheadsville,Pennsylvania,Monroe County,US
41.16117,-79.08309,Brookville,Pennsylvania,Jefferson County,US
40.12371,-76.21384,Brownstown,Pennsylvania,Lancaster County,US
40.02369,-79.88394,Brownsville,Pennsylvania,Fayette County,US
41.3098,-75.78742,Browntown,Pennsylvania,Luzerne County,US
40.1315,-75.06739,Bryn Athyn,Pennsylvania,Montgomery County,US
40.30396,-80.08672,Bryn Mawr,Pennsylvania,Allegheny County,US
40.01983,-75.30463,Bryn Mawr,Pennsylvania,Montgomery County,US
40.38201,-80.39284,Burgettstown,Pennsylvania,Washington County,US
40.63868,-77.56861,Burnham,Pennsylvania,Mifflin County,US
40.86118,-79.89533,Butler,Pennsylvania,Butler County,US
40.06563,-79.89171,California,Pennsylvania,Washington County,US
40.2109,-79.48532,Calumet,Pennsylvania,Westmoreland County,US
41.80367,-80.05644,Cambridge Springs,Pennsylvania,Crawford County,US
40.23981,-76.91997,Camp Hill,Pennsylvania,Cumberland County,US
40.27759,-76.58525,Campbelltown,Pennsylvania,Lebanon County,US
40.26257,-80.18728,Canonsburg,Pennsylvania,Washington County,US
41.65646,-76.85329,Canton,Pennsylvania,Bradford County,US
41.57369,-75.50185,Carbondale,Pennsylvania,Lackawanna County,US
40.20148,-77.18887,Carlisle,Pennsylvania,Cumberland County,US
41.12479,-77.4297,Castanea,Pennsylvania,Clinton County,US
40.36479,-80.02228,Castle Shannon,Pennsylvania,Allegheny County,US
40.65482,-75.47463,Catasauqua,Pennsylvania,Lehigh County,US
40.95203,-76.45967,Catawissa,Pennsylvania,Columbia County,US
40.68926,-75.50768,Cementon,Pennsylvania,Lehigh County,US
40.04535,-79.97561,Centerville,Pennsylvania,Washington County,US
40.11063,-78.80197,Central City,Pennsylvania,Somerset County,US
40.84756,-77.68611,Centre Hall,Pennsylvania,Centre County,US
40.28844,-75.20906,Chalfont,Pennsylvania,Bucks County,US
40.13785,-79.8981,Charleroi,Pennsylvania,Washington County,US
40.75398,-75.53852,Cherryville,Pennsylvania,Northampton County,US
40.0951,-75.61687,Chester Springs,Pennsylvania,Chester County,US
40.07566,-75.45908,Chesterbrook,Pennsylvania,Chester County,US
40.54173,-79.79922,Cheswick,Pennsylvania,Allegheny County,US
40.63673,-79.1442,Chevy Chase Heights,Pennsylvania,Indiana County,US
40.94812,-79.74283,Chicora,Pennsylvania,Butler County,US
41.47508,-75.67713,Chinchilla,Pennsylvania,Lackawanna County,US
40.68201,-77.59861,Church Hill,Pennsylvania,Mifflin County,US
40.4384,-79.8431,Churchill,Pennsylvania,Allegheny County,US
40.18622,-75.01878,Churchville,Pennsylvania,Bucks County,US
40.29229,-79.88171,Clairton,Pennsylvania,Allegheny County,US
41.21479,-79.38532,Clarion,Pennsylvania,Clarion County,US
41.49286,-75.69964,Clarks Green,Pennsylvania,Lackawanna County,US
41.48869,-75.70852,Clarks Summit,Pennsylvania,Lackawanna County,US
40.21843,-76.25551,Clay,Pennsylvania,Lancaster County,US
40.29674,-78.44974,Claysburg,Pennsylvania,Blair County,US
41.02728,-78.43919,Clearfield,Pennsylvania,Clearfield County,US
40.33731,-76.47552,Cleona,Pennsylvania,Lebanon County,US
40.66812,-79.0117,Clymer,Pennsylvania,Indiana County,US
40.82287,-75.90687,Coaldale,Pennsylvania,Schuylkill County,US
41.52005,-80.04839,Cochranton,Pennsylvania,Crawford County,US
40.18566,-75.45157,Collegeville,Pennsylvania,Montgomery County,US
40.22424,-79.76838,Collinsburg,Pennsylvania,Westmoreland County,US
40.30064,-76.80969,Colonial Park,Pennsylvania,Dauphin County,US
40.03371,-76.50441,Columbia,Pennsylvania,Lancaster County,US
40.32674,-78.90808,Conemaugh,Pennsylvania,Cambria County,US
41.30593,-74.98962,Conashaugh Lakes,Pennsylvania,Pike County,US
40.01785,-79.58948,Connellsville,Pennsylvania,Fayette County,US
40.07928,-75.30157,Conshohocken,Pennsylvania,Montgomery County,US
40.65979,-80.23923,Conway,Pennsylvania,Beaver County,US
40.99203,-76.05659,Conyngham,Pennsylvania,Luzerne County,US
40.51149,-75.39046,Coopersburg,Pennsylvania,Lehigh County,US
40.6701,-75.49546,Coplay,Pennsylvania,Lehigh County,US
40.5184,-80.16672,Coraopolis,Pennsylvania,Allegheny County,US
40.2737,-76.40607,Cornwall,Pennsylvania,Lebanon County,US
40.07678,-74.94878,Cornwells Heights,Pennsylvania,Bucks County,US
41.92033,-79.64033,Corry,Pennsylvania,Erie County,US
41.77479,-78.02056,Coudersport,Pennsylvania,Potter County,US
40.43507,-80.06617,Crafton,Pennsylvania,Allegheny County,US
40.45979,-78.59168,Cresson,Pennsylvania,Cambria County,US
40.62676,-76.19272,Cressona,Pennsylvania,Schuylkill County,US
40.08733,-74.9035,Croydon,Pennsylvania,Bucks County,US
40.64229,-79.85089,Curtisville,Pennsylvania,Allegheny County,US
40.97561,-78.52502,Curwensville,Pennsylvania,Clearfield County,US
40.31285,-78.90419,Dale,Pennsylvania,Cambria County,US
41.33619,-75.96325,Dallas,Pennsylvania,Luzerne County,US
41.53424,-75.73603,Dalton,Pennsylvania,Lackawanna County,US
40.96342,-76.61273,Danville,Pennsylvania,Montour County,US
40.22702,-78.93641,Davidsville,Pennsylvania,Somerset County,US
40.41312,-79.57032,Delmont,Pennsylvania,Westmoreland County,US
40.33396,-79.29976,Derry,Pennsylvania,Westmoreland County,US
40.23315,-76.13717,Denver,Pennsylvania,Lancaster County,US
40.04928,-75.42908,Devon,Pennsylvania,Chester County,US
41.10925,-76.87663,Dewart,Pennsylvania,Northumberland County,US
41.47147,-75.60769,Dickson City,Pennsylvania,Lackawanna County,US
40.11093,-77.03498,Dillsburg,Pennsylvania,York County,US
40.1734,-79.85755,Donora,Pennsylvania,Washington County,US
40.3959,-80.03311,Dormont,Pennsylvania,Allegheny County,US
40.5751,-75.51963,Dorneyville,Pennsylvania,Lehigh County,US
40.00176,-76.85025,Dover,Pennsylvania,York County,US
40.0065,-75.70327,Downingtown,Pennsylvania,Chester County,US
40.31011,-75.12989,Doylestown,Pennsylvania,Bucks County,US
40.19758,-77.72138,Doylestown,Pennsylvania,Franklin County,US
40.35063,-79.88616,Dravosburg,Pennsylvania,Allegheny County,US
40.14094,-75.16684,Dresher,Pennsylvania,Montgomery County,US
41.11923,-78.76003,DuBois,Pennsylvania,Clearfield County,US
40.37177,-75.20156,Dublin,Pennsylvania,Bucks County,US
41.22258,-77.03691,Duboistown,Pennsylvania,Lycoming County,US
40.39814,-77.02303,Duncannon,Pennsylvania,Perry County,US
40.42341,-78.4339,Duncansville,Pennsylvania,Blair County,US
41.4198,-75.63241,Dunmore,Pennsylvania,Lackawanna County,US
41.1459,-77.42137,Dunnstown,Pennsylvania,Clinton County,US
41.32508,-75.74547,Dupont,Pennsylvania,Luzerne County,US
40.38146,-79.85977,Duquesne,Pennsylvania,Allegheny County,US
41.34397,-75.73853,Duryea,Pennsylvania,Luzerne County,US
40.15955,-75.40824,Eagleville,Pennsylvania,Montgomery County,US
40.00619,-78.37001,Earlston,Pennsylvania,Bedford County,US
40.87954,-75.18379,East Bangor,Pennsylvania,Northampton County,US
41.06203,-76.22243,East Berwick,Pennsylvania,Luzerne County,US
40.34868,-78.88364,East Conemaugh,Pennsylvania,Cambria County,US
40.1101,-76.03272,East Earl,Pennsylvania,Lancaster County,US
40.40649,-75.50185,East Greenville,Pennsylvania,Montgomery County,US
40.38312,-79.80644,East McKeesport,Pennsylvania,Allegheny County,US
40.1001,-76.35413,East Petersburg,Pennsylvania,Lancaster County,US
40.39562,-79.83866,East Pittsburgh,Pennsylvania,Allegheny County,US
40.99954,-75.18129,East Stroudsburg,Pennsylvania,Monroe County,US
40.17368,-80.23756,East Washington,Pennsylvania,Washington County,US
40.75065,-75.29573,Eastlawn Gardens,Pennsylvania,Northampton County,US
40.68843,-75.22073,Easton,Pennsylvania,Northampton County,US
40.48507,-78.72474,Ebensburg,Pennsylvania,Cambria County,US
40.60007,-80.22478,Economy,Pennsylvania,Beaver County,US
40.08456,-74.94489,Eddington,Pennsylvania,Bucks County,US
40.43201,-79.88144,Edgewood,Pennsylvania,Allegheny County,US
40.78842,-76.57246,Edgewood,Pennsylvania,Northumberland County,US
40.55118,-80.19284,Edgeworth,Pennsylvania,Allegheny County,US
41.87422,-80.13172,Edinboro,Pennsylvania,Erie County,US
40.93926,-75.43491,Effort,Pennsylvania,Monroe County,US
41.26953,-75.91631,Edwardsville,Pennsylvania,Luzerne County,US
40.6801,-75.52991,Egypt,Pennsylvania,Lehigh County,US
40.26924,-79.88977,Elizabeth,Pennsylvania,Allegheny County,US
40.29785,-78.94253,Elim,Pennsylvania,Cambria County,US
40.15287,-76.60275,Elizabethtown,Pennsylvania,Lancaster County,US
40.54897,-76.81192,Elizabethville,Pennsylvania,Dauphin County,US
41.98618,-77.31081,Elkland,Pennsylvania,Tioga County,US
40.11202,-80.01727,Ellsworth,Pennsylvania,Washington County,US
40.86395,-80.25895,Ellport,Pennsylvania,Lawrence County,US
40.86173,-80.28645,Ellwood City,Pennsylvania,Lawrence County,US
40.15676,-75.83271,Elverson,Pennsylvania,Chester County,US
40.86453,-76.55246,Elysburg,Pennsylvania,Northumberland County,US
41.08842,-75.41963,Emerald Lakes,Pennsylvania,Monroe County,US
40.02176,-76.72802,Emigsville,Pennsylvania,York County,US
40.53954,-75.49685,Emmaus,Pennsylvania,Lehigh County,US
41.51145,-78.23529,Emporium,Pennsylvania,Cameron County,US
40.51007,-80.0945,Emsworth,Pennsylvania,Allegheny County,US
40.23176,-76.82692,Enhaut,Pennsylvania,Dauphin County,US
40.45423,-80.23311,Enlow,Pennsylvania,Allegheny County,US
40.29009,-76.93386,Enola,Pennsylvania,Cumberland County,US
40.17982,-76.17884,Ephrata,Pennsylvania,Lancaster County,US
42.12922,-80.08506,Erie,Pennsylvania,Erie County,US
41.0062,-76.40994,Espy,Pennsylvania,Columbia County,US
40.50424,-79.94894,Etna,Pennsylvania,Allegheny County,US
40.76923,-80.06284,Evans City,Pennsylvania,Butler County,US
40.18094,-75.42907,Evansburg,Pennsylvania,Montgomery County,US
40.01147,-78.37335,Everett,Pennsylvania,Bedford County,US
41.32064,-75.81908,Exeter,Pennsylvania,Luzerne County,US
40.029,-75.62077,Exton,Pennsylvania,Chester County,US
40.82482,-75.20962,Factoryville,Pennsylvania,Northampton County,US
41.56313,-75.78269,Factoryville,Pennsylvania,Wyoming County,US
40.11368,-79.83977,Fairhope,Pennsylvania,Fayette County,US
40.17955,-74.85516,Fairless Hills,Pennsylvania,Bucks County,US
42.03145,-80.25534,Fairview,Pennsylvania,Erie County,US
41.14506,-78.80447,Falls Creek,Pennsylvania,Jefferson County,US
41.21228,-80.49674,Farrell,Pennsylvania,Mercer County,US
41.24841,-76.97719,Faxon,Pennsylvania,Lycoming County,US
40.144,-75.00517,Feasterville,Pennsylvania,Bucks County,US
40.18313,-79.82421,Fellsburg,Pennsylvania,Westmoreland County,US
40.28896,-78.91475,Ferndale,Pennsylvania,Cambria County,US
40.69479,-80.13089,Fernway,Pennsylvania,Butler County,US
40.18287,-76.05106,Fivepointville,Pennsylvania,Lancaster County,US
40.45398,-75.81798,Fleetwood,Pennsylvania,Berks County,US
41.12646,-77.47165,Flemington,Pennsylvania,Clinton County,US
40.10344,-75.2124,Flourtown,Pennsylvania,Montgomery County,US
40.27676,-75.9141,Flying Hills,Pennsylvania,Berks County,US
40.77229,-79.52977,Ford City,Pennsylvania,Armstrong County,US
41.65147,-75.46657,Forest City,Pennsylvania,Susquehanna County,US
40.41979,-79.85005,Forest Hills,Pennsylvania,Allegheny County,US
40.14178,-75.20906,Fort Washington,Pennsylvania,Montgomery County,US
41.27897,-75.87825,Forty Fort,Pennsylvania,Luzerne County,US
41.97506,-78.61725,Foster Brook,Pennsylvania,McKean County,US
40.60149,-75.39518,Fountain Hill,Pennsylvania,Lehigh County,US
40.5134,-79.87977,Fox Chapel,Pennsylvania,Allegheny County,US
40.70229,-80.08284,Fox Run,Pennsylvania,Butler County,US
40.78398,-76.23022,Frackville,Pennsylvania,Schuylkill County,US
41.39784,-79.83144,Franklin,Pennsylvania,Venango County,US
40.5834,-80.08784,Franklin Park,Pennsylvania,Allegheny County,US
40.4437,-76.42829,Fredericksburg,Pennsylvania,Lebanon County,US
40.68562,-80.25173,Freedom,Pennsylvania,Beaver County,US
41.01675,-75.89714,Freeland,Pennsylvania,Luzerne County,US
40.67395,-79.68477,Freeport,Pennsylvania,Armstrong County,US
40.62649,-75.34574,Freemansburg,Pennsylvania,Northampton County,US
40.05008,-78.99836,Friedens,Pennsylvania,Somerset County,US
40.63176,-75.47324,Fullerton,Pennsylvania,Lehigh County,US
41.73312,-77.64193,Galeton,Pennsylvania,Potter County,US
40.48229,-78.55168,Gallitzin,Pennsylvania,Cambria County,US
41.25424,-77.04608,Garden View,Pennsylvania,Lycoming County,US
40.25729,-79.99588,Gastonville,Pennsylvania,Washington County,US
40.29091,-78.86891,Geistown,Pennsylvania,Cambria County,US
41.2273,-75.86881,Georgetown,Pennsylvania,Luzerne County,US
40.63007,-79.9695,Gibsonia,Pennsylvania,Allegheny County,US
40.3201,-75.61018,Gilbertsville,Pennsylvania,Montgomery County,US
42.00033,-80.31812,Girard,Pennsylvania,Erie County,US
40.79148,-76.28356,Girardville,Pennsylvania,Schuylkill County,US
40.32479,-79.89227,Glassport,Pennsylvania,Allegheny County,US
41.17508,-76.07465,Glen Lyon,Pennsylvania,Luzerne County,US
40.10233,-75.15212,Glenside,Pennsylvania,Montgomery County,US
40.53285,-79.96755,Glenshaw,Pennsylvania,Allegheny County,US
41.30593,-74.9385,Gold Key Lake,Pennsylvania,Pike County,US
40.41174,-80.04561,Green Tree,Pennsylvania,Allegheny County,US
40.31229,-79.80671,Greenock,Pennsylvania,Allegheny County,US
41.4045,-80.39118,Greenville,Pennsylvania,Mercer County,US
40.30146,-79.53893,Greensburg,Pennsylvania,Westmoreland County,US
40.5359,-78.35751,Greenwood,Pennsylvania,Blair County,US
40.2987,-75.94049,Grill,Pennsylvania,Berks County,US
41.15784,-80.08867,Grove City,Pennsylvania,Mercer County,US
40.28204,-75.64324,Halfway House,Pennsylvania,Montgomery County,US
40.00482,-76.60413,Hallam,Pennsylvania,York County,US
41.96119,-75.74324,Hallstead,Pennsylvania,Susquehanna County,US
40.55565,-75.98188,Hamburg,Pennsylvania,Berks County,US
40.98064,-75.97131,Harleigh,Pennsylvania,Luzerne County,US
40.27955,-75.38712,Harleysville,Pennsylvania,Montgomery County,US
40.2737,-76.88442,Harrisburg,Pennsylvania,Dauphin County,US
41.38341,-76.02465,Harveys Lake,Pennsylvania,Luzerne County,US
40.66507,-78.71225,Hastings,Pennsylvania,Cambria County,US
41.44895,-79.677,Hasson Heights,Pennsylvania,Venango County,US
40.17428,-75.10684,Hatboro,Pennsylvania,Montgomery County,US
40.27983,-75.29934,Hatfield,Pennsylvania,Montgomery County,US
41.47592,-75.18212,Hawley,Pennsylvania,Wayne County,US
40.95842,-75.97465,Hazleton,Pennsylvania,Luzerne County,US
40.33898,-76.3994,Hebron,Pennsylvania,Lebanon County,US
40.39229,-80.09089,Heidelberg,Pennsylvania,Allegheny County,US
40.57954,-75.34073,Hellertown,Pennsylvania,Northampton County,US
41.32676,-75.03656,Hemlock Farms,Pennsylvania,Pike County,US
41.23339,-80.44868,Hermitage,Pennsylvania,Mercer County,US
40.28592,-76.65025,Hershey,Pennsylvania,Dauphin County,US
40.62091,-77.56805,Highland Park,Pennsylvania,Mifflin County,US
40.21092,-76.79108,Highspire,Pennsylvania,Dauphin County,US
41.28925,-75.83631,Hilldale,Pennsylvania,Luzerne County,US
40.01035,-79.90088,Hiller,Pennsylvania,Fayette County,US
40.66204,-75.49102,Hokendauqua,Pennsylvania,Lehigh County,US
40.42729,-78.3889,Hollidaysburg,Pennsylvania,Blair County,US
40.5434,-79.16226,Homer City,Pennsylvania,Indiana County,US
40.4059,-79.91199,Homestead,Pennsylvania,Allegheny County,US
40.8237,-75.9802,Hometown,Pennsylvania,Schuylkill County,US
41.57676,-75.25879,Honesdale,Pennsylvania,Wayne County,US
40.09427,-75.91133,Honey Brook,Pennsylvania,Chester County,US
40.17844,-75.12851,Horsham,Pennsylvania,Montgomery County,US
40.82395,-77.82889,Houserville,Pennsylvania,Centre County,US
40.24646,-80.21145,Houston,Pennsylvania,Washington County,US
41.2748,-75.83603,Hudson,Pennsylvania,Luzerne County,US
41.32702,-75.77325,Hughestown,Pennsylvania,Luzerne County,US
41.24119,-76.72385,Hughesville,Pennsylvania,Lycoming County,US
40.14317,-74.911,Hulmeville,Pennsylvania,Bucks County,US
40.83175,-76.8358,Hummels Wharf,Pennsylvania,Snyder County,US
40.26537,-76.7083,Hummelstown,Pennsylvania,Dauphin County,US
40.4848,-78.01028,Huntingdon,Pennsylvania,Huntingdon County,US
41.00256,-78.46252,Hyde,Pennsylvania,Clearfield County,US
40.37732,-75.92521,Hyde Park,Pennsylvania,Berks County,US
40.44951,-80.2445,Imperial,Pennsylvania,Allegheny County,US
41.00314,-75.50824,Indian Mountain Lake,Pennsylvania,Carbon County,US
41.00481,-75.49935,Indian Mountain Lake,Pennsylvania,Monroe County,US
40.62146,-79.15253,Indiana,Pennsylvania,Indiana County,US
40.64451,-80.41618,Industry,Pennsylvania,Beaver County,US
40.44618,-80.06755,Ingram,Pennsylvania,Allegheny County,US
40.26451,-79.79227,Industry,Pennsylvania,Allegheny County,US
41.29897,-75.81269,Inkerman,Pennsylvania,Luzerne County,US
40.0376,-76.10495,Intercourse,Pennsylvania,Lancaster County,US
40.32451,-79.70115,Irwin,Pennsylvania,Westmoreland County,US
40.20789,-75.07267,Ivyland,Pennsylvania,Bucks County,US
40.32454,-75.84965,Jacksonwald,Pennsylvania,Berks County,US
40.32812,-79.61532,Jeannette,Pennsylvania,Westmoreland County,US
40.29118,-79.93199,Jefferson Hills,Pennsylvania,Allegheny County,US
40.09594,-75.12517,Jenkintown,Pennsylvania,Montgomery County,US
41.53091,-75.54546,Jermyn,Pennsylvania,Lackawanna County,US
40.20896,-78.98364,Jerome,Pennsylvania,Somerset County,US
41.20202,-77.26442,Jersey Shore,Pennsylvania,Lycoming County,US
41.46869,-75.56213,Jessup,Pennsylvania,Lackawanna County,US
40.87592,-75.73241,Jim Thorpe,Pennsylvania,Carbon County,US
41.49062,-78.67503,Johnsonburg,Pennsylvania,Elk County,US
40.88618,-78.87781,Johnsonburg,Pennsylvania,Indiana County,US
40.32674,-78.92197,Johnstown,Pennsylvania,Cambria County,US
40.4137,-76.4783,Jonestown,Pennsylvania,Lebanon County,US
41.66284,-78.81114,Kane,Pennsylvania,McKean County,US
40.31065,-75.93938,Kenhorst,Pennsylvania,Berks County,US
40.23149,-75.63408,Kenilworth,Pennsylvania,Chester County,US
41.25341,-76.95941,Kenmar,Pennsylvania,Lycoming County,US
40.08927,-75.39602,King of Prussia,Pennsylvania,Montgomery County,US
41.26175,-75.89686,Kingston,Pennsylvania,Luzerne County,US
40.81645,-79.52199,Kittanning,Pennsylvania,Armstrong County,US
41.23451,-79.53727,Knox,Pennsylvania,Clarion County,US
40.79342,-76.47245,Kulpmont,Pennsylvania,Northumberland County,US
40.24288,-75.33656,Kulpsville,Pennsylvania,Montgomery County,US
40.51732,-75.77742,Kutztown,Pennsylvania,Berks County,US
41.28897,-75.80547,Laflin,Pennsylvania,Luzerne County,US
42.01422,-80.34534,Lake City,Pennsylvania,Erie County,US
40.59926,-76.16383,Lake Wynonah,Pennsylvania,Schuylkill County,US
40.47285,-78.38835,Lakemont,Pennsylvania,Blair County,US
40.03788,-76.30551,Lancaster,Pennsylvania,Lancaster County,US
40.09537,-76.40996,Landisville,Pennsylvania,Lancaster County,US
40.17455,-74.92267,Langhorne,Pennsylvania,Bucks County,US
40.16705,-74.91767,Langhorne Manor,Pennsylvania,Bucks County,US
40.2415,-75.28379,Lansdale,Pennsylvania,Montgomery County,US
40.83176,-75.88242,Lansford,Pennsylvania,Carbon County,US
41.42397,-76.49411,Laporte,Pennsylvania,Sullivan County,US
41.24508,-75.93075,Larksville,Pennsylvania,Luzerne County,US
40.32118,-79.37948,Latrobe,Pennsylvania,Westmoreland County,US
40.38815,-75.91798,Laureldale,Pennsylvania,Berks County,US
40.72315,-75.53018,Laurys Station,Pennsylvania,Lehigh County,US
40.25842,-76.80386,Lawnton,Pennsylvania,Dauphin County,US
40.34564,-76.8008,Lawrence Park,Pennsylvania,Dauphin County,US
42.15228,-80.02311,Lawrence Park,Pennsylvania,Erie County,US
40.29174,-79.3892,Lawson Heights,Pennsylvania,Westmoreland County,US
40.34093,-76.41135,Lebanon,Pennsylvania,Lebanon County,US
40.62701,-79.6056,Leechburg,Pennsylvania,Armstrong County,US
40.44704,-75.96632,Leesport,Pennsylvania,Berks County,US
40.56312,-80.20839,Leetsdale,Pennsylvania,Allegheny County,US
40.8337,-75.7138,Lehighton,Pennsylvania,Carbon County,US
40.81062,-77.81833,Lemont,Pennsylvania,Centre County,US
40.2412,-76.89414,Lemoyne,Pennsylvania,Cumberland County,US
40.76423,-79.5206,Lenape Heights,Pennsylvania,Armstrong County,US
40.3934,-79.72032,Level Green,Pennsylvania,Westmoreland County,US
40.15511,-74.82877,Levittown,Pennsylvania,Bucks County,US
40.96453,-76.88441,Lewisburg,Pennsylvania,Union County,US
40.59924,-77.57138,Lewistown,Pennsylvania,Mifflin County,US
40.32535,-79.85616,Liberty,Pennsylvania,Allegheny County,US
41.0362,-76.42356,Light Street,Pennsylvania,Columbia County,US
40.24313,-79.23753,Ligonier,Pennsylvania,Westmoreland County,US
40.23093,-75.52212,Limerick,Pennsylvania,Montgomery County,US
40.31896,-79.85477,Lincoln,Pennsylvania,Allegheny County,US
40.31481,-75.98549,Lincoln Park,Pennsylvania,Berks County,US
41.65617,-80.42396,Linesville,Pennsylvania,Crawford County,US
40.33398,-76.78914,Linglestown,Pennsylvania,Dauphin County,US
40.95897,-76.89913,Linntown,Pennsylvania,Union County,US
40.15732,-76.3069,Lititz,Pennsylvania,Lancaster County,US
41.13701,-77.44693,Lock Haven,Pennsylvania,Clinton County,US
40.28843,-75.85465,Lorane,Pennsylvania,Berks County,US
40.50313,-78.6303,Loretto,Pennsylvania,Cambria County,US
40.22648,-76.90053,Lower Allen,Pennsylvania,Cumberland County,US
40.55312,-79.75727,Lower Burrell,Pennsylvania,Westmoreland County,US
40.32257,-79.36226,Loyalhanna,Pennsylvania,Westmoreland County,US
41.28564,-75.90103,Luzerne,Pennsylvania,Luzerne County,US
40.56675,-76.70052,Lykens,Pennsylvania,Dauphin County,US
40.51593,-75.55519,Macungie,Pennsylvania,Lehigh County,US
40.81259,-76.1416,Mahanoy City,Pennsylvania,Schuylkill County,US
40.03622,-75.51381,Malvern,Pennsylvania,Chester County,US
40.06315,-76.7183,Manchester,Pennsylvania,York County,US
40.16343,-76.39496,Manheim,Pennsylvania,Lancaster County,US
40.33396,-79.67004,Manor,Pennsylvania,Westmoreland County,US
41.8073,-77.07747,Mansfield,Pennsylvania,Tioga County,US
40.01563,-79.97672,Maple Glen,Pennsylvania,Washington County,US
40.17928,-75.18045,Maple Glen,Pennsylvania,Montgomery County,US
41.24645,-79.42893,Marianne,Pennsylvania,Clarion County,US
41.46895,-79.1231,Marienville,Pennsylvania,Forest County,US
40.05704,-76.55219,Marietta,Pennsylvania,Lancaster County,US
40.6959,-80.01173,Mars,Pennsylvania,Butler County,US
40.78675,-76.5394,Marshallton,Pennsylvania,Northumberland County,US
40.31119,-78.32418,Martinsburg,Pennsylvania,Blair County,US
40.34259,-76.92997,Marysville,Pennsylvania,Perry County,US
40.44009,-76.93331,Matamoras,Pennsylvania,Dauphin County,US
41.3687,-74.70016,Matamoras,Pennsylvania,Pike County,US
41.53814,-75.53602,Mayfield,Pennsylvania,Lackawanna County,US
40.13618,-79.59782,Mayfield,Pennsylvania,Westmoreland County,US
40.07537,-76.58219,Maytown,Pennsylvania,Lancaster County,US
40.91009,-75.99132,McAdoo,Pennsylvania,Schuylkill County,US
40.45257,-78.08167,McConnellstown,Pennsylvania,Huntingdon County,US
40.3709,-80.23478,McDonald,Pennsylvania,Washington County,US
40.22896,-80.21645,McGovern,Pennsylvania,Washington County,US
40.46562,-80.06561,McKees Rocks,Pennsylvania,Allegheny County,US
40.34785,-79.86422,McKeesport,Pennsylvania,Allegheny County,US
40.27785,-80.08394,McMurray,Pennsylvania,Washington County,US
40.84201,-79.89394,Meadowood,Pennsylvania,Butler County,US
41.64144,-80.15145,Meadville,Pennsylvania,Crawford County,US
40.21426,-77.00859,Mechanicsburg,Pennsylvania,Cumberland County,US
40.96648,-76.58662,Mechanicsville,Pennsylvania,Montour County,US
41.227,-80.23979,Mercer,Pennsylvania,Mercer County,US
40.8484,-79.962,Meridian,Pennsylvania,Butler County,US
40.78592,-77.0472,Middleburg,Pennsylvania,Snyder County,US
40.19981,-76.73108,Middletown,Pennsylvania,Dauphin County,US
40.64399,-75.3324,Middletown,Pennsylvania,Northampton County,US
40.63257,-80.44645,Midland,Pennsylvania,Beaver County,US
40.25896,-80.21811,Midland,Pennsylvania,Washington County,US
40.91758,-77.04775,Mifflinburg,Pennsylvania,Union County,US
40.5698,-77.39693,Mifflintown,Pennsylvania,Juniata County,US
41.03231,-76.30799,Mifflinville,Pennsylvania,Columbia County,US
40.94173,-77.785,Milesburg,Pennsylvania,Centre County,US
41.32232,-74.80239,Milford,Pennsylvania,Pike County,US
41.10729,-77.48443,Mill Hall,Pennsylvania,Clinton County,US
40.53953,-76.96081,Millersburg,Pennsylvania,Dauphin County,US
40.48007,-79.97839,Millvale,Pennsylvania,Allegheny County,US
40.71396,-77.59055,Milroy,Pennsylvania,Mifflin County,US
41.01203,-76.84774,Milton,Pennsylvania,Northumberland County,US
40.69065,-76.26217,Minersville,Pennsylvania,Schuylkill County,US
40.28593,-75.98438,Mohnton,Pennsylvania,Berks County,US
40.68729,-80.27145,Monaca,Pennsylvania,Beaver County,US
40.14841,-79.88783,Monessen,Pennsylvania,Westmoreland County,US
40.20313,-79.92616,Monongahela,Pennsylvania,Washington County,US
40.42118,-79.7881,Monroeville,Pennsylvania,Allegheny County,US
41.17036,-76.87691,Montgomery,Pennsylvania,Lycoming County,US
40.24733,-75.24379,Montgomeryville,Pennsylvania,Montgomery County,US
41.25425,-76.92052,Montoursville,Pennsylvania,Lycoming County,US
40.30648,-75.98771,Montrose,Pennsylvania,Berks County,US
41.83397,-75.87714,Montrose,Pennsylvania,Susquehanna County,US
41.35341,-75.73825,Moosic,Pennsylvania,Lackawanna County,US
40.2115,-74.78794,Morrisville,Pennsylvania,Bucks County,US
41.33675,-75.51852,Moscow,Pennsylvania,Lackawanna County,US
40.79703,-76.4119,Mount Carmel,Pennsylvania,Northumberland County,US
41.41342,-75.49324,Mount Cobb,Pennsylvania,Lackawanna County,US
40.11842,-77.18998,Mount Holly Springs,Pennsylvania,Cumberland County,US
40.10982,-76.5033,Mount Joy,Pennsylvania,Lancaster County,US
40.35535,-80.0495,Mount Lebanon,Pennsylvania,Allegheny County,US
40.41424,-79.98783,Mount Oliver,Pennsylvania,Allegheny County,US
40.32815,-75.89076,Mount Penn,Pennsylvania,Berks County,US
40.14896,-79.54115,Mount Pleasant,Pennsylvania,Westmoreland County,US
41.12203,-75.36463,Mount Pocono,Pennsylvania,Monroe County,US
40.38452,-77.88222,Mount Union,Pennsylvania,Huntingdon County,US
40.06315,-76.70386,Mount Wolf,Pennsylvania,York County,US
40.10677,-75.95272,Mountain Top,Pennsylvania,Lancaster County,US
41.16953,-75.87742,Mountain Top,Pennsylvania,Luzerne County,US
41.1737,-75.27102,Mountainhome,Pennsylvania,Monroe County,US
40.03926,-76.4308,Mountville,Pennsylvania,Lancaster County,US
40.38482,-75.94132,Muhlenberg Park,Pennsylvania,Berks County,US
41.20564,-76.78552,Muncy,Pennsylvania,Lycoming County,US
40.39229,-79.90005,Munhall,Pennsylvania,Allegheny County,US
40.44479,-78.84113,Mundys Corner,Pennsylvania,Cambria County,US
40.4284,-79.69755,Murrysville,Pennsylvania,Westmoreland County,US
40.29285,-80.20034,Muse,Pennsylvania,Washington County,US
40.37454,-76.30273,Myerstown,Pennsylvania,Lebanon County,US
41.20536,-76.00492,Nanticoke,Pennsylvania,Luzerne County,US
40.47229,-78.83336,Nanty Glo,Pennsylvania,Cambria County,US
40.00845,-75.26046,Narberth,Pennsylvania,Montgomery County,US
40.74038,-75.30962,Nazareth,Pennsylvania,Northampton County,US
41.05203,-76.22077,Nescopeck,Pennsylvania,Luzerne County,US
40.86453,-75.81103,Nesquehoning,Pennsylvania,Carbon County,US
40.87645,-80.37062,New Beaver,Pennsylvania,Lawrence County,US
40.34537,-75.63296,New Berlinville,Pennsylvania,Berks County,US
40.41981,-77.18637,New Bloomfield,Pennsylvania,Perry County,US
40.73034,-80.31006,New Brighton,Pennsylvania,Beaver County,US
40.299,-75.18101,New Britain,Pennsylvania,Bucks County,US
41.00367,-80.34701,New Castle,Pennsylvania,Lawrence County,US
41.04092,-76.86691,New Columbia,Pennsylvania,Union County,US
40.20785,-79.94699,New Eagle,Pennsylvania,Washington County,US
40.23231,-76.8847,New Cumberland,Pennsylvania,Cumberland County,US
40.36427,-74.95128,New Hope,Pennsylvania,Bucks County,US
40.56979,-79.76477,New Kensington,Pennsylvania,Westmoreland County,US
40.10176,-76.08523,New Holland,Pennsylvania,Lancaster County,US
40.71953,-76.11577,New Philadelphia,Pennsylvania,Schuylkill County,US
40.21924,-79.60948,New Stanton,Pennsylvania,Westmoreland County,US
41.12228,-80.33284,New Wilmington,Pennsylvania,Lawrence County,US
40.34954,-76.21328,Newmanstown,Pennsylvania,Lebanon County,US
40.47786,-77.13054,Newport,Pennsylvania,Perry County,US
40.22928,-74.93683,Newtown,Pennsylvania,Bucks County,US
40.26011,-74.95489,Newtown Grant,Pennsylvania,Bucks County,US
40.17314,-77.3986,Newville,Pennsylvania,Cumberland County,US
40.7834,-79.9295,Nixon,Pennsylvania,Butler County,US
40.1215,-75.3399,Norristown,Pennsylvania,Montgomery County,US
40.59618,-79.5556,North Apollo,Pennsylvania,Armstrong County,US
40.12924,-79.8681,North Belle Vernon,Pennsylvania,Westmoreland County,US
40.39896,-79.84088,North Braddock,Pennsylvania,Allegheny County,US
40.15118,-79.90755,North Charleroi,Pennsylvania,Washington County,US
40.65982,-75.47685,North Catasauqua,Pennsylvania,Northampton County,US
42.21561,-79.83422,North East,Pennsylvania,Erie County,US
40.37979,-79.80949,North Versailles,Pennsylvania,Allegheny County,US
40.21094,-75.27823,North Wales,Pennsylvania,Montgomery County,US
41.87423,-79.15227,North Warren,Pennsylvania,Warren County,US
40.68621,-75.49685,Northampton,Pennsylvania,Northampton County,US
40.65923,-78.78169,Northern Cambria,Pennsylvania,Cambria County,US
40.89175,-76.79747,Northumberland,Pennsylvania,Northumberland County,US
40.82479,-79.91311,Oak Hills,Pennsylvania,Butler County,US
40.39812,-80.18561,Oakdale,Pennsylvania,Allegheny County,US
40.99203,-75.9202,Oakdale,Pennsylvania,Luzerne County,US
40.30646,-78.88752,Oakland,Pennsylvania,Cambria County,US
40.98978,-80.36951,Oakland,Pennsylvania,Lawrence County,US
40.52173,-79.84227,Oakmont,Pennsylvania,Allegheny County,US
41.01062,-80.37951,Oakwood,Pennsylvania,Lawrence County,US
40.67923,-80.49479,Ohioville,Pennsylvania,Beaver County,US
41.43395,-79.70644,Oil City,Pennsylvania,Venango County,US
41.37119,-75.73491,Old Forge,Pennsylvania,Lackawanna County,US
40.65788,-75.26212,Old Orchard,Pennsylvania,Northampton County,US
40.38759,-75.78964,Oley,Pennsylvania,Berks County,US
41.46841,-75.60297,Olyphant,Pennsylvania,Lackawanna County,US
40.58618,-79.53143,Orchard Hills,Pennsylvania,Armstrong County,US
40.11844,-75.17768,Oreland,Pennsylvania,Montgomery County,US
40.65481,-76.10077,Orwigsburg,Pennsylvania,Schuylkill County,US
40.85006,-78.27057,Osceola Mills,Pennsylvania,Clearfield County,US
40.24369,-78.84891,Paint,Pennsylvania,Somerset County,US
40.29787,-76.61858,Palmdale,Pennsylvania,Dauphin County,US
40.68732,-75.2624,Palmer Heights,Pennsylvania,Northampton County,US
40.80148,-75.61019,Palmerton,Pennsylvania,Carbon County,US
40.30898,-76.5933,Palmyra,Pennsylvania,Lebanon County,US
40.68731,-76.17216,Palo Alto,Pennsylvania,Schuylkill County,US
40.04205,-75.47631,Paoli,Pennsylvania,Chester County,US
40.00982,-76.12857,Paradise,Pennsylvania,Lancaster County,US
40.80673,-77.91695,Park Forest Village,Pennsylvania,Centre County,US
41.1012,-75.25046,Parkside,Pennsylvania,Monroe County,US
40.63396,-78.6503,Patton,Pennsylvania,Cambria County,US
40.25898,-76.83192,Paxtang,Pennsylvania,Dauphin County,US
40.31731,-76.79442,Paxtonia,Pennsylvania,Dauphin County,US
40.86871,-75.2549,Pen Argyl,Pennsylvania,Northampton County,US
40.27537,-76.84803,Penbrook,Pennsylvania,Dauphin County,US
40.50118,-79.83922,Penn Hills,Pennsylvania,Allegheny County,US
40.15205,-74.91656,Penndel,Pennsylvania,Bucks County,US
40.39093,-75.49212,Pennsburg,Pennsylvania,Montgomery County,US
40.33732,-75.87854,Pennside,Pennsylvania,Berks County,US
40.20509,-76.36829,Penryn,Pennsylvania,Lancaster County,US
40.37205,-75.29268,Perkasie,Pennsylvania,Bucks County,US
40.08702,-79.7506,Perryopolis,Pennsylvania,Fayette County,US
40.89645,-78.22057,Philipsburg,Pennsylvania,Centre County,US
40.13038,-75.51491,Phoenixville,Pennsylvania,Chester County,US
40.54842,-76.38468,Pine Grove,Pennsylvania,Schuylkill County,US
40.73367,-77.88556,Pine Grove Mills,Pennsylvania,Centre County,US
40.40312,-79.7781,Pitcairn,Pennsylvania,Allegheny County,US
40.44062,-79.99589,Pittsburgh,Pennsylvania,Allegheny County,US
41.32591,-75.78936,Pittston,Pennsylvania,Luzerne County,US
41.27536,-75.8502,Plains,Pennsylvania,Luzerne County,US
40.86812,-77.74667,Pleasant Gap,Pennsylvania,Centre County,US
40.3362,-76.44163,Pleasant Hill,Pennsylvania,Lebanon County,US
40.33563,-79.96061,Pleasant Hills,Pennsylvania,Allegheny County,US
40.50035,-79.74949,Plum,Pennsylvania,Allegheny County,US
40.38733,-75.14656,Plumsteadville,Pennsylvania,Bucks County,US
41.24036,-75.94464,Plymouth,Pennsylvania,Luzerne County,US
40.10233,-75.27435,Plymouth Meeting,Pennsylvania,Montgomery County,US
41.10675,-75.45435,Pocono Pines,Pennsylvania,Monroe County,US
40.69648,-76.16883,Port Carbon,Pennsylvania,Schuylkill County,US
41.8109,-78.27974,Port Allegany,Pennsylvania,McKean County,US
40.3359,-79.86977,Port Vue,Pennsylvania,Allegheny County,US
40.38868,-78.67224,Portage,Pennsylvania,Cambria County,US
40.26482,-75.61185,Pottsgrove,Pennsylvania,Montgomery County,US
40.24537,-75.64963,Pottstown,Pennsylvania,Montgomery County,US
40.68565,-76.1955,Pottsville,Pennsylvania,Schuylkill County,US
40.28509,-76.83136,Progress,Pennsylvania,Dauphin County,US
40.90451,-80.04645,Prospect,Pennsylvania,Butler County,US
40.94368,-78.97087,Punxsutawney,Pennsylvania,Jefferson County,US
40.44177,-75.34157,Quakertown,Pennsylvania,Bucks County,US
40.04622,-75.35991,Radnor,Pennsylvania,Delaware County,US
41.16454,-74.95212,Pocono Ranch Lands,Pennsylvania,Pike County,US
40.41257,-79.87922,Rankin,Pennsylvania,Allegheny County,US
40.63566,-75.19295,Raubsville,Pennsylvania,Northampton County,US
40.33565,-75.92687,Reading,Pennsylvania,Berks County,US
40.21148,-76.12328,Reamstown,Pennsylvania,Lancaster County,US
40.37288,-75.48101,Red Hill,Pennsylvania,Montgomery County,US
40.48065,-75.61602,Red Lion,Pennsylvania,Berks County,US
40.31981,-75.87354,Reiffton,Pennsylvania,Berks County,US
40.26676,-76.1155,Reinholds,Pennsylvania,Lancaster County,US
40.3984,-80.14145,Rennerdale,Pennsylvania,Allegheny County,US
41.32646,-77.75082,Renovo,Pennsylvania,Clinton County,US
41.34506,-80.39423,Reynolds Heights,Pennsylvania,Mercer County,US
41.09701,-78.88864,Reynoldsville,Pennsylvania,Jefferson County,US
40.13009,-76.57052,Rheems,Pennsylvania,Lancaster County,US
40.21511,-75.01072,Richboro,Pennsylvania,Bucks County,US
40.35926,-76.25828,Richland,Pennsylvania,Lebanon County,US
40.4701,-75.32046,Richlandtown,Pennsylvania,Bucks County,US
41.42034,-78.72864,Ridgway,Pennsylvania,Elk County,US
40.39259,-75.95882,River View Park,Pennsylvania,Berks County,US
40.95536,-76.62885,Riverside,Pennsylvania,Northumberland County,US
40.33591,-78.39085,Roaring Spring,Pennsylvania,Blair County,US
40.35176,-76.13439,Robesonia,Pennsylvania,Berks County,US
40.70229,-80.28645,Rochester,Pennsylvania,Beaver County,US
40.08122,-75.08962,Rockledge,Pennsylvania,Montgomery County,US
40.88065,-75.21462,Roseto,Pennsylvania,Northampton County,US
40.15121,-76.25107,Rothsville,Pennsylvania,Lancaster County,US
40.18427,-75.53796,Royersford,Pennsylvania,Montgomery County,US
41.94145,-79.13505,Russell,Pennsylvania,Warren County,US
40.61146,-79.837,Russellton,Pennsylvania,Allegheny County,US
40.26898,-76.76803,Rutherford,Pennsylvania,Dauphin County,US
40.72065,-76.19105,Saint Clair,Pennsylvania,Schuylkill County,US
40.32704,-75.87187,Saint Lawrence,Pennsylvania,Berks County,US
41.42784,-78.56086,Saint Marys,Pennsylvania,Elk County,US
40.30008,-78.7653,Salix,Pennsylvania,Cambria County,US
40.10093,-76.42469,Salunga,Pennsylvania,Lancaster County,US
40.2451,-75.59518,Sanatoga,Pennsylvania,Montgomery County,US
40.35954,-76.43163,Sand Hill,Pennsylvania,Lebanon County,US
41.10784,-78.77114,Sandy,Pennsylvania,Clearfield County,US
41.11259,-75.05073,Saw Creek,Pennsylvania,Pike County,US
40.75395,-79.81005,Saxonburg,Pennsylvania,Butler County,US
40.89565,-75.32352,Saylorsburg,Pennsylvania,Monroe County,US
41.97896,-76.5155,Sayre,Pennsylvania,Bradford County,US
40.24175,-77.17693,Schlusser,Pennsylvania,Cumberland County,US
40.66787,-75.60713,Schnecksville,Pennsylvania,Lehigh County,US
40.24148,-76.17411,Schoeneck,Pennsylvania,Lancaster County,US
40.63065,-76.17105,Schuylkill Haven,Pennsylvania,Schuylkill County,US
40.25621,-75.46379,Schwenksville,Pennsylvania,Montgomery County,US
40.10035,-79.58698,Scottdale,Pennsylvania,Westmoreland County,US
41.40916,-75.6649,Scranton,Pennsylvania,Lackawanna County,US
40.79897,-76.86219,Selinsgrove,Pennsylvania,Snyder County,US
40.35399,-75.3049,Sellersville,Pennsylvania,Bucks County,US
41.37867,-79.70394,Seneca,Pennsylvania,Venango County,US
40.69173,-80.06256,Seven Fields,Pennsylvania,Butler County,US
40.53646,-80.1845,Sewickley,Pennsylvania,Allegheny County,US
40.78897,-76.55885,Shamokin,Pennsylvania,Northumberland County,US
40.8487,-76.81969,Shamokin Dam,Pennsylvania,Snyder County,US
41.23311,-80.4934,Sharon,Pennsylvania,Mercer County,US
40.49451,-79.92644,Sharpsburg,Pennsylvania,Allegheny County,US
41.25922,-80.47201,Sharpsville,Pennsylvania,Mercer County,US
41.3198,-75.93798,Shavertown,Pennsylvania,Luzerne County,US
41.70395,-79.0356,Sheffield,Pennsylvania,Warren County,US
40.82037,-76.20077,Shenandoah,Pennsylvania,Schuylkill County,US
40.82759,-76.20688,Shenandoah Heights,Pennsylvania,Schuylkill County,US
40.30787,-75.96549,Shillington,Pennsylvania,Berks County,US
41.04172,-78.2914,Shiloh,Pennsylvania,Clearfield County,US
41.96368,-78.19084,Shinglehouse,Pennsylvania,Potter County,US
40.22342,-76.95359,Shiremanstown,Pennsylvania,Cumberland County,US
40.05065,-77.52026,Shippensburg,Pennsylvania,Cumberland County,US
40.50093,-75.96993,Shoemakersville,Pennsylvania,Berks County,US
41.59175,-75.48518,Simpson,Pennsylvania,Lackawanna County,US
40.32731,-76.01105,Sinking Spring,Pennsylvania,Berks County,US
40.22288,-75.39879,Skippack,Pennsylvania,Montgomery County,US
40.33926,-76.72553,Skyline View,Pennsylvania,Dauphin County,US
40.74843,-75.61185,Slatington,Pennsylvania,Lehigh County,US
41.06395,-80.05645,Slippery Rock,Pennsylvania,Butler County,US
41.81117,-78.44474,Smethport,Pennsylvania,McKean County,US
40.00841,-79.07808,Somerset,Pennsylvania,Somerset County,US
40.31177,-75.32518,Souderton,Pennsylvania,Montgomery County,US
40.2784,-79.54476,South Greensburg,Pennsylvania,Westmoreland County,US
40.23954,-75.65102,South Pottstown,Pennsylvania,Chester County,US
40.4,-75.9,South Temple,Pennsylvania,Berks County,US
41.99757,-76.53717,South Waverly,Pennsylvania,Bradford County,US
41.23202,-76.99913,South Williamsport,Pennsylvania,Lycoming County,US
40.31063,-78.93864,Southmont,Pennsylvania,Cambria County,US
40.29118,-79.54698,Southwest Greensburg,Pennsylvania,Westmoreland County,US
40.64285,-78.7728,Spangler,Pennsylvania,Cambria County,US
40.12452,-79.87977,Speers,Pennsylvania,Washington County,US
40.43899,-75.43712,Spinnerstown,Pennsylvania,Bucks County,US
40.17677,-75.54769,Spring City,Pennsylvania,Chester County,US
40.18539,-75.22768,Spring House,Pennsylvania,Montgomery County,US
40.27566,-75.45657,Spring Mount,Pennsylvania,Montgomery County,US
40.35287,-75.98994,Spring Ridge,Pennsylvania,Berks County,US
40.5409,-79.78394,Springdale,Pennsylvania,Allegheny County,US
40.79339,-77.86,State College,Pennsylvania,Centre County,US
40.23537,-76.84136,Steelton,Pennsylvania,Dauphin County,US
40.66537,-75.50824,Stiles,Pennsylvania,Lehigh County,US
41.33922,-80.10506,Stoneboro,Pennsylvania,Mercer County,US
40.34565,-75.86993,Stony Creek Mills,Pennsylvania,Berks County,US
40.79339,-78.01667,Stormstown,Pennsylvania,Centre County,US
40.2526,-75.67741,Stowe,Pennsylvania,Montgomery County,US
40.98676,-75.19462,Stroudsburg,Pennsylvania,Monroe County,US
40.38479,-80.21089,Sturgeon,Pennsylvania,Allegheny County,US
41.42145,-79.88117,Sugarcreek,Pennsylvania,Venango County,US
40.82481,-75.87103,Summit Hill,Pennsylvania,Carbon County,US
40.98203,-75.46602,Sun Valley,Pennsylvania,Monroe County,US
41.0112,-75.46963,Sun Valley,Pennsylvania,Monroe County,US
40.86259,-76.79441,Sunbury,Pennsylvania,Northumberland County,US
41.30981,-74.96656,Sunrise Lake,Pennsylvania,Pike County,US
41.94341,-75.59963,Susquehanna,Pennsylvania,Susquehanna County,US
40.23315,-76.07828,Swartzville,Pennsylvania,Lancaster County,US
40.42368,-79.88283,Swissvale,Pennsylvania,Allegheny County,US
41.29175,-75.87464,Swoyersville,Pennsylvania,Luzerne County,US
41.05034,-78.82225,Sykesville,Pennsylvania,Jefferson County,US
40.79731,-75.96937,Tamaqua,Pennsylvania,Schuylkill County,US
41.04009,-75.30574,Tannersville,Pennsylvania,Monroe County,US
40.60146,-79.75977,Tarentum,Pennsylvania,Allegheny County,US
40.74093,-75.25712,Tatamy,Pennsylvania,Northampton County,US
41.3948,-75.70658,Taylor,Pennsylvania,Lackawanna County,US
40.32205,-75.32795,Telford,Pennsylvania,Montgomery County,US
40.4087,-75.9216,Temple,Pennsylvania,Berks County,US
40.15732,-76.0505,Terre Hill,Pennsylvania,Lancaster County,US
40.2909,-80.10811,Thompsonville,Pennsylvania,Washington County,US
41.45147,-75.61185,Throop,Pennsylvania,Lackawanna County,US
40.44844,-75.10767,Tinicum,Pennsylvania,Bucks County,US
41.49534,-79.45588,Tionesta,Pennsylvania,Forest County,US
40.6359,-78.29585,Tipton,Pennsylvania,Blair County,US
41.627,-79.67366,Titusville,Pennsylvania,Crawford County,US
40.50343,-75.7013,Topton,Pennsylvania,Berks County,US
41.00787,-75.58463,Towamensing Trails,Pennsylvania,Carbon County,US
41.76758,-76.44272,Towanda,Pennsylvania,Bradford County,US
40.58925,-76.55246,Tower City,Pennsylvania,Schuylkill County,US
40.38562,-79.75893,Trafford,Pennsylvania,Westmoreland County,US
40.19899,-75.47629,Trappe,Pennsylvania,Montgomery County,US
41.17339,-78.71586,Treasure Lake,Pennsylvania,Clearfield County,US
40.62842,-76.38718,Tremont,Pennsylvania,Schuylkill County,US
40.7812,-76.67302,Trevorton,Pennsylvania,Northumberland County,US
40.13928,-74.981,Trevose,Pennsylvania,Bucks County,US
40.54815,-75.60574,Trexlertown,Pennsylvania,Lehigh County,US
40.14983,-75.40185,Trooper,Pennsylvania,Montgomery County,US
41.78591,-76.78801,Troy,Pennsylvania,Bradford County,US
40.91506,-78.2164,Troy,Pennsylvania,Clearfield County,US
41.30397,-75.93214,Trucksville,Pennsylvania,Luzerne County,US
40.13928,-74.81461,Tullytown,Pennsylvania,Bucks County,US
41.53869,-75.94659,Tunkhannock,Pennsylvania,Wyoming County,US
40.4059,-79.82505,Turtle Creek,Pennsylvania,Allegheny County,US
40.67062,-78.23862,Tyrone,Pennsylvania,Blair County,US
41.8995,-79.84533,Union City,Pennsylvania,Erie County,US
40.3359,-80.08339,Upper Saint Clair,Pennsylvania,Allegheny County,US
40.15731,-76.79275,Valley Green,Pennsylvania,York County,US
40.64592,-76.53913,Valley View,Pennsylvania,Schuylkill County,US
40.60284,-79.56477,Vandergrift,Pennsylvania,Westmoreland County,US
40.50646,-79.8431,Verona,Pennsylvania,Allegheny County,US
40.31563,-79.83116,Versailles,Pennsylvania,Allegheny County,US
40.20316,-74.97045,Village Shires,Pennsylvania,Bucks County,US
40.40507,-78.85558,Vinco,Pennsylvania,Cambria County,US
40.75426,-75.5988,Walnutport,Pennsylvania,Northampton County,US
40.18705,-75.08156,Warminster Heights,Pennsylvania,Bucks County,US
41.84395,-79.14504,Warren,Pennsylvania,Warren County,US
40.17396,-80.24617,Washington,Pennsylvania,Washington County,US
41.94283,-79.9845,Waterford,Pennsylvania,Erie County,US
40.25452,-79.16753,Waterford,Pennsylvania,Westmoreland County,US
41.08453,-76.86385,Watsontown,Pennsylvania,Northumberland County,US
41.58036,-75.40824,Waymart,Pennsylvania,Wayne County,US
40.044,-75.38769,Wayne,Pennsylvania,Delaware County,US
40.94175,-75.82964,Weatherly,Pennsylvania,Carbon County,US
41.74868,-77.30053,Wellsboro,Pennsylvania,Tioga County,US
40.33009,-76.0805,Wernersville,Pennsylvania,Berks County,US
40.56676,-75.55296,Wescosville,Pennsylvania,Lehigh County,US
42.14033,-80.01506,Wesleyville,Pennsylvania,Erie County,US
40.06983,-75.3163,West Conshohocken,Pennsylvania,Montgomery County,US
40.67871,-75.23684,West Easton,Pennsylvania,Northampton County,US
40.27509,-76.91553,West Fairview,Pennsylvania,Cumberland County,US
40.54759,-76.00216,West Hamburg,Pennsylvania,Berks County,US
40.9587,-75.99604,West Hazleton,Pennsylvania,Luzerne County,US
40.82423,-79.5431,West Hills,Pennsylvania,Armstrong County,US
40.39396,-79.91199,West Homestead,Pennsylvania,Allegheny County,US
40.81034,-79.52949,West Kittanning,Pennsylvania,Armstrong County,US
40.32981,-75.99438,West Lawn,Pennsylvania,Berks County,US
40.62229,-79.61282,West Leechburg,Pennsylvania,Westmoreland County,US
40.78006,-80.3384,West Mayfield,Pennsylvania,Beaver County,US
40.3634,-79.86644,West Mifflin,Pennsylvania,Allegheny County,US
40.20979,-79.76699,West Newton,Pennsylvania,Westmoreland County,US
40.12955,-75.37852,West Norriton,Pennsylvania,Montgomery County,US
41.32758,-75.79297,West Pittston,Pennsylvania,Luzerne County,US
40.3337,-75.94743,West Reading,Pennsylvania,Berks County,US
40.52229,-80.03422,West View,Pennsylvania,Allegheny County,US
41.3198,-75.84603,West Wyoming,Pennsylvania,Luzerne County,US
40.32454,-75.99077,West Wyomissing,Pennsylvania,Berks County,US
41.91924,-77.53887,Westfield,Pennsylvania,Tioga County,US
40.31563,-78.95169,Westmont,Pennsylvania,Cambria County,US
40.3984,-79.88977,Whitaker,Pennsylvania,Allegheny County,US
41.06064,-75.77408,White Haven,Pennsylvania,Luzerne County,US
40.33757,-79.80921,White Oak,Pennsylvania,Allegheny County,US
40.36118,-79.99089,Whitehall,Pennsylvania,Allegheny County,US
40.66676,-75.49991,Whitehall Township,Pennsylvania,Lehigh County,US
40.33593,-76.00605,Whitfield,Pennsylvania,Berks County,US
41.24591,-75.88131,Wilkes-Barre,Pennsylvania,Luzerne County,US
40.44174,-79.88199,Wilkinsburg,Pennsylvania,Allegheny County,US
40.46202,-78.19973,Williamsburg,Pennsylvania,Blair County,US
41.24119,-77.00108,Williamsport,Pennsylvania,Lycoming County,US
40.58009,-76.61774,Williamstown,Pennsylvania,Dauphin County,US
40.144,-75.11573,Willow Grove,Pennsylvania,Montgomery County,US
40.3909,-79.81005,Wilmerding,Pennsylvania,Allegheny County,US
40.31007,-79.89144,Wilson,Pennsylvania,Allegheny County,US
40.68399,-75.24184,Wilson,Pennsylvania,Northampton County,US
40.84815,-75.29157,Wind Gap,Pennsylvania,Northampton County,US
40.2398,-78.83502,Windber,Pennsylvania,Somerset County,US
40.19285,-80.28784,Wolfdale,Pennsylvania,Washington County,US
40.36176,-76.18411,Womelsdorf,Pennsylvania,Berks County,US
40.19233,-74.88878,Woodbourne,Pennsylvania,Bucks County,US
41.40978,-79.71172,Woodland Heights,Pennsylvania,Venango County,US
40.22178,-74.87544,Woodside,Pennsylvania,Bucks County,US
40.26287,-76.91386,Wormleysburg,Pennsylvania,Cumberland County,US
40.31066,-75.44879,Woxall,Pennsylvania,Montgomery County,US
40.02565,-76.52997,Wrightsville,Pennsylvania,York County,US
40.09455,-75.14879,Wyncote,Pennsylvania,Montgomery County,US
40.08122,-75.18934,Wyndmoor,Pennsylvania,Montgomery County,US
41.31175,-75.83742,Wyoming,Pennsylvania,Luzerne County,US
40.32954,-75.96521,Wyomissing,Pennsylvania,Berks County,US
40.33759,-75.97966,Wyomissing Hills,Pennsylvania,Berks County,US
40.24566,-74.846,Yardley,Pennsylvania,Bucks County,US
40.64313,-77.58055,Yeagertown,Pennsylvania,Mifflin County,US
40.78121,-75.47685,Youngsville,Pennsylvania,Northampton County,US
41.85228,-79.31866,Youngsville,Pennsylvania,Warren County,US
40.24035,-79.57671,Youngwood,Pennsylvania,Westmoreland County,US
40.79451,-80.13673,Zelienople,Pennsylvania,Butler County,US
40.91423,-77.68472,Zion,Pennsylvania,Centre County,US
41.42343,-71.78562,Ashaway,Rhode Island,Washington County,US
41.74066,-71.30866,Barrington,Rhode Island,Bristol County,US
41.39899,-71.73701,Bradford,Rhode Island,Washington County,US
41.67705,-71.26616,Bristol,Rhode Island,Bristol County,US
41.89066,-71.39228,Central Falls,Rhode Island,Providence County,US
41.38316,-71.64173,Charlestown,Rhode Island,Washington County,US
41.9151,-71.67146,Chepachet,Rhode Island,Providence County,US
41.7001,-71.68284,Coventry,Rhode Island,Kent County,US
41.77982,-71.43728,Cranston,Rhode Island,Providence County,US
41.96677,-71.43284,Cumberland,Rhode Island,Providence County,US
41.97454,-71.467,Cumberland Hill,Rhode Island,Providence County,US
41.66038,-71.45589,East Greenwich,Rhode Island,Kent County,US
41.81371,-71.37005,East Providence,Rhode Island,Providence County,US
41.5776,-71.53756,Exeter,Rhode Island,Washington County,US
41.85371,-71.75812,Foster,Rhode Island,Providence County,US
41.87121,-71.55201,Greenville,Rhode Island,Providence County,US
41.96565,-71.67451,Harrisville,Rhode Island,Providence County,US
41.5076,-71.71618,Hope Valley,Rhode Island,Washington County,US
41.46121,-71.77757,Hopkinton,Rhode Island,Washington County,US
41.49705,-71.36728,Jamestown,Rhode Island,Newport County,US
41.48038,-71.52256,Kingston,Rhode Island,Washington County,US
41.58705,-71.28338,Melville,Rhode Island,Newport County,US
41.54566,-71.29144,Middletown,Rhode Island,Newport County,US
41.43232,-71.45644,Narragansett Pier,Rhode Island,Washington County,US
41.4901,-71.31283,Newport,Rhode Island,Newport County,US
41.5501,-71.46617,North Kingstown,Rhode Island,Washington County,US
41.8501,-71.46617,North Providence,Rhode Island,Providence County,US
41.83177,-71.58729,North Scituate,Rhode Island,Providence County,US
41.96677,-71.54951,North Smithfield,Rhode Island,Providence County,US
41.95565,-71.70229,Pascoag,Rhode Island,Providence County,US
41.87871,-71.38256,Pawtucket,Rhode Island,Providence County,US
41.60232,-71.25033,Portsmouth,Rhode Island,Newport County,US
41.82399,-71.41283,Providence,Rhode Island,Providence County,US
41.92204,-71.54951,Smithfield,Rhode Island,Providence County,US
41.62594,-71.21338,Tiverton,Rhode Island,Newport County,US
41.90677,-71.39061,Valley Falls,Rhode Island,Providence County,US
41.73038,-71.28255,Warren,Rhode Island,Bristol County,US
41.7001,-71.41617,Warwick,Rhode Island,Kent County,US
41.69689,-71.52194,West Warwick,Rhode Island,Kent County,US
41.3776,-71.82729,Westerly,Rhode Island,Washington County,US
42.00288,-71.51478,Woonsocket,Rhode Island,Providence County,US
45.4647,-98.48648,Aberdeen,South Dakota,Brown County,US
43.65359,-97.78285,Alexandria,South Dakota,Hanson County,US
43.3186,-98.34675,Armour,South Dakota,Douglas County,US
43.76136,-96.74033,Baltic,South Dakota,Minnehaha County,US
43.08054,-96.77366,Beresford,South Dakota,Union County,US
43.5947,-96.57199,Brandon,South Dakota,Minnehaha County,US
45.79162,-97.75094,Britton,South Dakota,Marshall County,US
44.31136,-96.79839,Brookings,South Dakota,Brookings County,US
43.1825,-99.29205,Burke,South Dakota,Gregory County,US
43.30081,-96.59282,Canton,South Dakota,Lincoln County,US
43.81083,-99.33066,Chamberlain,South Dakota,Brule County,US
44.87774,-97.73314,Clark,South Dakota,Clark County,US
44.7458,-96.68256,Clear Lake,South Dakota,Deuel County,US
43.6647,-96.81089,Crooks,South Dakota,Minnehaha County,US
42.48749,-96.48642,Dakota Dunes,South Dakota,Union County,US
44.38747,-97.55035,De Smet,South Dakota,Kingsbury County,US
43.82608,-96.70616,Dell Rapids,South Dakota,Minnehaha County,US
42.68333,-96.68365,Elk Point,South Dakota,Union County,US
45.03497,-99.124,Faulkton,South Dakota,Faulk County,US
44.04942,-96.59532,Flandreau,South Dakota,Moody County,US
44.0686,-99.43788,Fort Thompson,South Dakota,Buffalo County,US
43.35249,-97.43729,Freeman,South Dakota,Hutchinson County,US
43.71747,-96.50282,Garretson,South Dakota,Minnehaha County,US
45.01165,-99.95567,Gettysburg,South Dakota,Potter County,US
43.23222,-99.43038,Gregory,South Dakota,Gregory County,US
45.44746,-98.09871,Groton,South Dakota,Brown County,US
43.43137,-96.69727,Harrisburg,South Dakota,Lincoln County,US
43.62303,-96.94255,Hartford,South Dakota,Minnehaha County,US
44.52137,-99.4415,Highmore,South Dakota,Hyde County,US
44.01081,-97.52674,Howard,South Dakota,Miner County,US
44.36332,-98.21426,Huron,South Dakota,Beadle County,US
45.44442,-99.02928,Ipswich,South Dakota,Edmunds County,US
43.9036,-99.86178,Kennebec,South Dakota,Lyman County,US
43.15638,-98.54147,Lake Andes,South Dakota,Charles Mix County,US
43.35415,-96.892,Lennox,South Dakota,Lincoln County,US
45.72275,-98.94094,Leola,South Dakota,McPherson County,US
44.00608,-97.11395,Madison,South Dakota,Lake County,US
45.21913,-96.63562,Milbank,South Dakota,Grant County,US
44.51831,-98.98843,Miller,South Dakota,Hand County,US
43.70943,-98.0298,Mitchell,South Dakota,Davison County,US
42.52722,-96.48309,North Sioux City,South Dakota,Union County,US
43.24082,-97.67534,Olivet,South Dakota,Hutchinson County,US
43.39748,-97.13645,Parker,South Dakota,Turner County,US
43.39888,-97.98368,Parkston,South Dakota,Hutchinson County,US
43.71555,-98.48509,Plankinton,South Dakota,Aurora County,US
43.38694,-98.84453,Platte,South Dakota,Charles Mix County,US
44.87581,-98.51871,Redfield,South Dakota,Spink County,US
43.72415,-97.38895,Salem,South Dakota,McCook County,US
43.54997,-96.70033,Sioux Falls,South Dakota,Minnehaha County,US
45.66468,-97.0498,Sisseton,South Dakota,Roberts County,US
42.85417,-97.89729,Springfield,South Dakota,Bon Homme County,US
43.44637,-96.83588,Tea,South Dakota,Lincoln County,US
42.99333,-97.86285,Tyndall,South Dakota,Bon Homme County,US
42.77944,-96.92921,Vermillion,South Dakota,Clay County,US
44.32358,-96.92645,Volga,South Dakota,Brookings County,US
43.07972,-98.29313,Wagner,South Dakota,Charles Mix County,US
44.89941,-97.11507,Watertown,South Dakota,Codington County,US
45.33218,-97.52009,Webster,South Dakota,Day County,US
44.07916,-98.56954,Wessington Springs,South Dakota,Jerauld County,US
43.37667,-99.85901,Winner,South Dakota,Tripp County,US
44.0536,-98.27564,Woonsocket,South Dakota,Sanborn County,US
42.87111,-97.39728,Yankton,South Dakota,Yankton County,US
43.0748,-73.154,Arlington,Vermont,Bennington County,US
44.19701,-72.50205,Barre,Vermont,Washington County,US
43.13341,-72.44398,Bellows Falls,Vermont,Windham County,US
42.87813,-73.19677,Bennington,Vermont,Bennington County,US
43.79812,-73.08761,Brandon,Vermont,Rutland County,US
42.85092,-72.55787,Brattleboro,Vermont,Windham County,US
44.13339,-73.07901,Bristol,Vermont,Addison County,US
44.47588,-73.21207,Burlington,Vermont,Chittenden County,US
43.98979,-72.4476,Chelsea,Vermont,Orange County,US
43.26285,-72.59509,Chester,Vermont,Windsor County,US
44.54394,-73.14791,Colchester,Vermont,Chittenden County,US
42.94369,-72.80399,Dover,Vermont,Windham County,US
44.90699,-72.80652,Enosburg Falls,Vermont,Franklin County,US
44.49061,-73.11096,Essex Junction,Vermont,Chittenden County,US
43.59479,-73.26567,Fair Haven,Vermont,Rutland County,US
44.56506,-71.55981,Guildhall,Vermont,Essex County,US
44.50478,-72.36816,Hardwick,Vermont,Caledonia County,US
44.32922,-73.11068,Hinesburg,Vermont,Chittenden County,US
44.59394,-72.61651,Hyde Park,Vermont,Lamoille County,US
44.50394,-72.99763,Jericho,Vermont,Chittenden County,US
44.63561,-72.6804,Johnson,Vermont,Lamoille County,US
44.51422,-72.01093,Lyndon,Vermont,Caledonia County,US
44.53367,-72.00315,Lyndonville,Vermont,Caledonia County,US
43.17702,-73.05705,Manchester Center,Vermont,Bennington County,US
44.01553,-73.16937,Middlebury (village),Vermont,Addison County,US
44.63977,-73.11041,Milton,Vermont,Chittenden County,US
44.26006,-72.57539,Montpelier,Vermont,Washington County,US
44.55727,-72.62373,Morristown,Vermont,Lamoille County,US
44.56172,-72.59845,Morrisville,Vermont,Lamoille County,US
44.93644,-72.2051,Newport,Vermont,Orleans County,US
42.98564,-72.65593,Newfane,Vermont,Windham County,US
42.93036,-73.24261,North Bennington,Vermont,Bennington County,US
44.81754,-73.2893,North Hero,Vermont,Grand Isle County,US
44.15117,-72.6565,Northfield,Vermont,Washington County,US
43.51701,-73.23622,Poultney,Vermont,Rutland County,US
43.92507,-72.66594,Randolph,Vermont,Orange County,US
44.99699,-72.67124,Richford,Vermont,Franklin County,US
43.18758,-72.48898,Rockingham,Vermont,Windham County,US
43.61062,-72.97261,Rutland,Vermont,Rutland County,US
44.81088,-73.08319,Saint Albans,Vermont,Franklin County,US
44.41922,-72.01509,Saint Johnsbury,Vermont,Caledonia County,US
44.17701,-72.50566,South Barre,Vermont,Washington County,US
44.46699,-73.17096,South Burlington,Vermont,Chittenden County,US
43.29841,-72.48231,Springfield,Vermont,Windsor County,US
44.9181,-73.1243,Swanton,Vermont,Franklin County,US
44.16728,-73.25401,Vergennes,Vermont,Addison County,US
44.33783,-72.75623,Waterbury,Vermont,Washington County,US
42.85592,-72.60315,West Brattleboro,Vermont,Windham County,US
43.59312,-73.04511,West Rutland,Vermont,Rutland County,US
43.64896,-72.31926,White River Junction,Vermont,Windsor County,US
43.67285,-72.3087,Wilder,Vermont,Windsor County,US
44.12173,-72.54149,Williamstown,Vermont,Orange County,US
44.43755,-73.06818,Williston,Vermont,Chittenden County,US
43.48035,-72.38481,Windsor,Vermont,Windsor County,US
44.49144,-73.18568,Winooski,Vermont,Chittenden County,US
43.62424,-72.51843,Woodstock,Vermont,Windsor County,US
44.94636,-90.31597,Abbotsford,Wisconsin,Clark County,US
43.95608,-89.81818,Adams,Wisconsin,Adams County,US
42.70778,-89.43706,Albany,Wisconsin,Green County,US
44.60889,-87.43259,Algoma,Wisconsin,Kewaunee County,US
44.47749,-88.01621,Allouez,Wisconsin,Brown County,US
44.31997,-91.91488,Alma,Wisconsin,Buffalo County,US
44.80468,-91.44321,Altoona,Wisconsin,Eau Claire County,US
45.30691,-92.36214,Amery,Wisconsin,Polk County,US
44.45081,-89.28484,Amherst,Wisconsin,Portage County,US
45.14025,-89.15234,Antigo,Wisconsin,Langlade County,US
44.26193,-88.41538,Appleton,Wisconsin,Outagamie County,US
44.25274,-91.50154,Arcadia,Wisconsin,Trempealeau County,US
46.59244,-90.8838,Ashland,Wisconsin,Ashland County,US
44.48221,-88.0701,Ashwaubenon,Wisconsin,Brown County,US
45.03302,-90.07402,Athens,Wisconsin,Marathon County,US
44.68024,-91.11988,Augusta,Wisconsin,Eau Claire County,US
44.96663,-92.37436,Baldwin,Wisconsin,Saint Croix County,US
45.45218,-92.45464,Balsam Lake,Wisconsin,Polk County,US
43.89302,-90.99041,Bangor,Wisconsin,La Crosse County,US
43.47109,-89.74429,Baraboo,Wisconsin,Sauk County,US
43.01555,-89.8954,Barneveld,Wisconsin,Iowa County,US
45.40135,-91.84906,Barron,Wisconsin,Barron County,US
43.18056,-87.90064,Bayside,Wisconsin,Milwaukee County,US
43.45777,-88.83733,Beaver Dam,Wisconsin,Dodge County,US
43.49972,-87.85037,Belgium,Wisconsin,Ozaukee County,US
42.85972,-89.53818,Belleville,Wisconsin,Dane County,US
44.44416,-87.9201,Bellevue,Wisconsin,Brown County,US
42.50835,-89.03178,Beloit,Wisconsin,Rock County,US
43.96804,-88.94345,Berlin,Wisconsin,Green Lake County,US
42.8814,-88.20676,Big Bend,Wisconsin,Waukesha County,US
44.47749,-88.45066,Black Creek,Wisconsin,Outagamie County,US
43.13722,-89.74679,Black Earth,Wisconsin,Dane County,US
44.29468,-90.85153,Black River Falls,Wisconsin,Jackson County,US
44.2944,-91.23516,Blair,Wisconsin,Trempealeau County,US
45.10024,-91.48877,Bloomer,Wisconsin,Chippewa County,US
42.62307,-88.28037,Bohners Lake,Wisconsin,Racine County,US
44.74027,-88.44482,Bonduel,Wisconsin,Shawano County,US
43.13443,-90.7054,Boscobel,Wisconsin,Grant County,US
45.04357,-92.04101,Boyceville,Wisconsin,Dunn County,US
43.93857,-91.29986,Brice Prairie,Wisconsin,La Crosse County,US
44.17721,-88.06427,Brillion,Wisconsin,Calumet County,US
42.55891,-88.04925,Bristol,Wisconsin,Kenosha County,US
42.61834,-89.37623,Brodhead,Wisconsin,Green County,US
43.06057,-88.10648,Brookfield,Wisconsin,Waukesha County,US
42.85361,-89.3704,Brooklyn,Wisconsin,Green County,US
43.16334,-87.96453,Brown Deer,Wisconsin,Milwaukee County,US
42.69252,-88.2312,Browns Lake,Wisconsin,Racine County,US
44.23052,-91.86432,Buffalo City,Wisconsin,Buffalo County,US
42.67807,-88.2762,Burlington,Wisconsin,Racine County,US
43.10584,-88.06953,Butler,Wisconsin,Waukesha County,US
44.94802,-91.1507,Cadott,Wisconsin,Chippewa County,US
42.8078,-87.92425,Caledonia,Wisconsin,Racine County,US
43.00361,-89.0165,Cambridge,Wisconsin,Jefferson County,US
45.40857,-91.74406,Cameron,Wisconsin,Barron County,US
42.53474,-88.1437,Camp Lake,Wisconsin,Kenosha County,US
43.59777,-88.27899,Campbellsport,Wisconsin,Fond du Lac County,US
43.74191,-90.7793,Cashton,Wisconsin,Monroe County,US
43.56972,-87.82342,Cedar Grove,Wisconsin,Sheboygan County,US
43.29667,-87.98759,Cedarburg,Wisconsin,Ozaukee County,US
45.31413,-91.651,Chetek,Wisconsin,Barron County,US
44.02888,-88.16288,Chilton,Wisconsin,Calumet County,US
44.93691,-91.39293,Chippewa Falls,Wisconsin,Chippewa County,US
45.25191,-92.2713,Clear Lake,Wisconsin,Polk County,US
43.91499,-87.74731,Cleveland,Wisconsin,Manitowoc County,US
42.55779,-88.86511,Clinton,Wisconsin,Rock County,US
44.62053,-88.76232,Clintonville,Wisconsin,Waupaca County,US
44.90997,-90.31569,Colby,Wisconsin,Clark County,US
44.99746,-91.72712,Colfax,Wisconsin,Dunn County,US
43.33805,-89.01539,Columbus,Wisconsin,Columbia County,US
44.26582,-88.31427,Combined Locks,Wisconsin,Outagamie County,US
42.61224,-88.48232,Como,Wisconsin,Walworth County,US
45.16719,-91.14931,Cornell,Wisconsin,Chippewa County,US
43.07611,-89.19956,Cottage Grove,Wisconsin,Dane County,US
45.57191,-88.90289,Crandon,Wisconsin,Forest County,US
43.11444,-89.65568,Cross Plains,Wisconsin,Dane County,US
42.60555,-90.42985,Cuba City,Wisconsin,Grant County,US
42.95974,-87.86147,Cudahy,Wisconsin,Milwaukee County,US
45.53218,-92.01935,Cumberland,Wisconsin,Barron County,US
42.60168,-88.7076,Darien,Wisconsin,Walworth County,US
42.68306,-90.11763,Darlington,Wisconsin,Lafayette County,US
43.24777,-89.34373,De Forest,Wisconsin,Dane County,US
44.44888,-88.06038,De Pere,Wisconsin,Brown County,US
43.05194,-89.07567,Deerfield,Wisconsin,Dane County,US
43.06084,-88.40371,Delafield,Wisconsin,Waukesha County,US
42.63307,-88.64371,Delavan,Wisconsin,Walworth County,US
42.58418,-88.6326,Delavan Lake,Wisconsin,Walworth County,US
44.34777,-87.82732,Denmark,Wisconsin,Brown County,US
42.62722,-90.59207,Dickeyville,Wisconsin,Grant County,US
42.96027,-90.13012,Dodgeville,Wisconsin,Iowa County,US
43.01418,-88.4726,Dousman,Wisconsin,Waukesha County,US
44.62635,-91.96573,Durand,Wisconsin,Pepin County,US
42.87946,-88.47427,Eagle,Wisconsin,Waukesha County,US
42.70696,-88.12814,Eagle Lake,Wisconsin,Racine County,US
45.91718,-89.2443,Eagle River,Wisconsin,Vilas County,US
42.78529,-88.4051,East Troy,Wisconsin,Walworth County,US
44.81135,-91.49849,Eau Claire,Wisconsin,Eau Claire County,US
44.92719,-89.96346,Edgar,Wisconsin,Marathon County,US
42.83528,-89.06761,Edgerton,Wisconsin,Rock County,US
42.67279,-88.54454,Elkhorn,Wisconsin,Walworth County,US
44.73219,-92.48741,Ellsworth,Wisconsin,Pierce County,US
43.04307,-88.07898,Elm Grove,Wisconsin,Waukesha County,US
43.7408,-90.27235,Elroy,Wisconsin,Juneau County,US
42.78028,-89.29928,Evansville,Wisconsin,Rock County,US
44.84247,-89.63762,Evergreen,Wisconsin,Marathon County,US
44.76357,-91.2771,Fall Creek,Wisconsin,Eau Claire County,US
43.38443,-89.04511,Fall River,Wisconsin,Columbia County,US
42.9836,-90.6554,Fennimore,Wisconsin,Grant County,US
42.96083,-89.46984,Fitchburg,Wisconsin,Dane County,US
45.92218,-88.2518,Florence,Wisconsin,Florence County,US
43.775,-88.43883,Fond du Lac,Wisconsin,Fond du Lac County,US
42.55141,-88.5751,Fontana,Wisconsin,Walworth County,US
42.92889,-88.83705,Fort Atkinson,Wisconsin,Jefferson County,US
43.56554,-88.9065,Fox Lake,Wisconsin,Dodge County,US
43.15751,-87.90175,Fox Point,Wisconsin,Milwaukee County,US
42.88863,-88.03842,Franklin,Wisconsin,Milwaukee County,US
42.76002,-87.91341,Franksville,Wisconsin,Racine County,US
45.65912,-92.46714,Frederic,Wisconsin,Polk County,US
43.47056,-87.95065,Fredonia,Wisconsin,Ozaukee County,US
43.8583,-91.26042,French Island,Wisconsin,La Crosse County,US
43.97053,-89.81679,Friendship,Wisconsin,Adams County,US
44.08163,-91.34904,Galesville,Wisconsin,Trempealeau County,US
42.49835,-88.32815,Genoa City,Wisconsin,Walworth County,US
43.22862,-88.11037,Germantown,Wisconsin,Washington County,US
44.88999,-88.30732,Gillett,Wisconsin,Oconto County,US
43.13529,-87.93564,Glendale,Wisconsin,Milwaukee County,US
45.05857,-92.17241,Glenwood City,Wisconsin,Saint Croix County,US
43.31973,-87.95342,Grafton,Wisconsin,Ozaukee County,US
45.77634,-92.6827,Grantsburg,Wisconsin,Burnett County,US
44.51916,-88.01983,Green Bay,Wisconsin,Brown County,US
43.84415,-88.96011,Green Lake,Wisconsin,Green Lake County,US
42.94057,-87.99592,Greendale,Wisconsin,Milwaukee County,US
42.9614,-88.01259,Greenfield,Wisconsin,Milwaukee County,US
44.77024,-90.59931,Greenwood,Wisconsin,Clark County,US
42.93751,-88.0487,Hales Corners,Wisconsin,Milwaukee County,US
44.97886,-92.43575,Hammond,Wisconsin,Saint Croix County,US
43.31778,-88.37899,Hartford,Wisconsin,Washington County,US
43.10501,-88.34204,Hartland,Wisconsin,Waukesha County,US
46.01301,-91.48462,Hayward,Wisconsin,Sawyer County,US
42.53278,-90.43457,Hazel Green,Wisconsin,Grant County,US
44.14027,-88.16399,Hilbert,Wisconsin,Calumet County,US
43.6522,-90.34402,Hillsboro,Wisconsin,Vernon County,US
43.9633,-91.25625,Holmen,Wisconsin,La Crosse County,US
43.45138,-88.63121,Horicon,Wisconsin,Dodge County,US
44.3347,-88.63816,Hortonville,Wisconsin,Outagamie County,US
44.5436,-88.08816,Howard,Wisconsin,Brown County,US
43.83388,-87.82009,Howards Grove,Wisconsin,Sheboygan County,US
44.97469,-92.75687,Hudson,Wisconsin,Saint Croix County,US
46.44967,-90.18656,Hurley,Wisconsin,Iron County,US
43.34611,-88.60066,Hustisford,Wisconsin,Dodge County,US
44.35691,-91.42043,Independence,Wisconsin,Trempealeau County,US
44.50803,-89.13067,Iola,Wisconsin,Waupaca County,US
43.14389,-88.59732,Ixonia,Wisconsin,Jefferson County,US
43.32389,-88.16676,Jackson,Wisconsin,Washington County,US
42.68279,-89.01872,Janesville,Wisconsin,Rock County,US
43.00556,-88.80733,Jefferson,Wisconsin,Jefferson County,US
43.07611,-88.77427,Johnson Creek,Wisconsin,Jefferson County,US
43.40555,-88.7051,Juneau,Wisconsin,Dodge County,US
44.27804,-88.27205,Kaukauna,Wisconsin,Outagamie County,US
42.58474,-87.82119,Kenosha,Wisconsin,Kenosha County,US
44.88387,-88.63372,Keshena,Wisconsin,Menominee County,US
43.52083,-88.22899,Kewaskum,Wisconsin,Washington County,US
44.45833,-87.50314,Kewaunee,Wisconsin,Kewaunee County,US
43.91249,-88.03565,Kiel,Wisconsin,Manitowoc County,US
44.27221,-88.339,Kimberly,Wisconsin,Outagamie County,US
44.33748,-89.14178,King,Wisconsin,Waupaca County,US
43.49639,-88.02343,Kohler,Wisconsin,Ozaukee County,US
44.82219,-89.5904,Kronenwetter,Wisconsin,Marathon County,US
43.80136,-91.23958,La Crosse,Wisconsin,La Crosse County,US
45.96967,-89.8921,Lac du Flambeau,Wisconsin,Vilas County,US
45.46302,-91.10404,Ladysmith,Wisconsin,Rusk County,US
43.60109,-89.79374,Lake Delton,Wisconsin,Sauk County,US
42.59168,-88.43343,Lake Geneva,Wisconsin,Walworth County,US
44.87579,-91.44071,Lake Hallie,Wisconsin,Chippewa County,US
42.90973,-88.91955,Lake Koshkonong,Wisconsin,Jefferson County,US
43.08139,-88.91177,Lake Mills,Wisconsin,Jefferson County,US
46.51494,-91.69991,Lake Nebagamon,Wisconsin,Douglas County,US
43.00583,-88.98622,Lake Ripley,Wisconsin,Jefferson County,US
44.37108,-89.75651,Lake Wazeecha,Wisconsin,Wood County,US
43.3736,-89.57568,Lake Wisconsin,Wisconsin,Columbia County,US
44.92635,-91.30099,Lake Wissota,Wisconsin,Chippewa County,US
42.84749,-90.71068,Lancaster,Wisconsin,Grant County,US
43.14612,-88.1662,Lannon,Wisconsin,Waukesha County,US
44.27999,-88.31844,Little Chute,Wisconsin,Outagamie County,US
45.96495,-91.36795,Little Round Lake,Wisconsin,Sawyer County,US
43.31388,-89.52651,Lodi,Wisconsin,Columbia County,US
43.59138,-88.44371,Lomira,Wisconsin,Dodge County,US
44.73691,-90.49597,Loyal,Wisconsin,Clark County,US
45.57607,-92.4827,Luck,Wisconsin,Polk County,US
44.53861,-87.70398,Luxemburg,Wisconsin,Kewaunee County,US
43.07305,-89.40123,Madison,Wisconsin,Dane County,US
44.46443,-88.91983,Manawa,Wisconsin,Waupaca County,US
44.08861,-87.65758,Manitowoc,Wisconsin,Manitowoc County,US
43.11833,-89.37956,Maple Bluff,Wisconsin,Dane County,US
44.92913,-89.8404,Marathon,Wisconsin,Marathon County,US
45.09998,-87.63066,Marinette,Wisconsin,Marinette County,US
44.67081,-88.88927,Marion,Wisconsin,Waupaca County,US
43.7072,-88.99011,Markesan,Wisconsin,Green Lake County,US
43.16833,-89.06678,Marshall,Wisconsin,Dane County,US
44.66885,-90.1718,Marshfield,Wisconsin,Wood County,US
43.79719,-90.07735,Mauston,Wisconsin,Juneau County,US
43.49416,-88.54482,Mayville,Wisconsin,Dodge County,US
43.17666,-89.79485,Mazomanie,Wisconsin,Dane County,US
43.0125,-89.28984,McFarland,Wisconsin,Dane County,US
45.13858,-90.34014,Medford,Wisconsin,Taylor County,US
44.20221,-88.4465,Menasha,Wisconsin,Winnebago County,US
43.1789,-88.11731,Menomonee Falls,Wisconsin,Waukesha County,US
44.87552,-91.91934,Menomonie,Wisconsin,Dunn County,US
43.2364,-87.98453,Mequon,Wisconsin,Ozaukee County,US
45.18052,-89.68346,Merrill,Wisconsin,Lincoln County,US
43.14667,-88.30676,Merton,Wisconsin,Waukesha County,US
43.09722,-89.50429,Middleton,Wisconsin,Dane County,US
42.77556,-88.944,Milton,Wisconsin,Rock County,US
43.0389,-87.90647,Milwaukee,Wisconsin,Milwaukee County,US
42.86,-90.17985,Mineral Point,Wisconsin,Iowa County,US
44.23916,-87.64119,Mishicot,Wisconsin,Manitowoc County,US
44.56774,-91.67099,Mondovi,Wisconsin,Buffalo County,US
43.06222,-89.33401,Monona,Wisconsin,Dane County,US
42.60112,-89.63845,Monroe,Wisconsin,Green County,US
43.79137,-89.31984,Montello,Wisconsin,Marquette County,US
42.74556,-89.59484,Monticello,Wisconsin,Green County,US
44.79302,-89.70318,Mosinee,Wisconsin,Marathon County,US
43.00861,-89.73846,Mount Horeb,Wisconsin,Dane County,US
42.86668,-88.33343,Mukwonago,Wisconsin,Waukesha County,US
43.18499,-90.44318,Muscoda,Wisconsin,Grant County,US
42.90585,-88.13898,Muskego,Wisconsin,Waukesha County,US
43.09779,-88.40232,Nashotah,Wisconsin,Waukesha County,US
44.18582,-88.46261,Neenah,Wisconsin,Winnebago County,US
44.55996,-90.59625,Neillsville,Wisconsin,Clark County,US
44.31246,-89.90429,Nekoosa,Wisconsin,Wood County,US
42.9764,-88.10842,New Berlin,Wisconsin,Waukesha County,US
42.81445,-89.63512,New Glarus,Wisconsin,Green County,US
43.94999,-88.08426,New Holstein,Wisconsin,Calumet County,US
43.87914,-90.16541,New Lisbon,Wisconsin,Juneau County,US
44.39276,-88.73983,New London,Wisconsin,Waupaca County,US
45.12302,-92.53659,New Richmond,Wisconsin,Saint Croix County,US
43.43167,-88.04648,Newburg,Wisconsin,Washington County,US
45.77135,-87.99485,Niagara,Wisconsin,Marinette County,US
43.81138,-88.48344,North Fond du Lac,Wisconsin,Fond du Lac County,US
44.99302,-92.75687,North Hudson,Wisconsin,Saint Croix County,US
43.84635,-91.24819,North La Crosse,Wisconsin,La Crosse County,US
42.93446,-88.40537,North Prairie,Wisconsin,Waukesha County,US
42.88585,-87.86314,Oak Creek,Wisconsin,Milwaukee County,US
43.6861,-88.5465,Oakfield,Wisconsin,Fond du Lac County,US
43.11167,-88.49927,Oconomowoc,Wisconsin,Waukesha County,US
44.88721,-87.86455,Oconto,Wisconsin,Oconto County,US
44.87388,-88.14288,Oconto Falls,Wisconsin,Oconto County,US
43.12334,-88.44065,Okauchee Lake,Wisconsin,Waukesha County,US
44.03943,-88.74428,Omro,Wisconsin,Winnebago County,US
43.88441,-91.23514,Onalaska,Wisconsin,La Crosse County,US
44.4986,-88.18288,Oneida,Wisconsin,Brown County,US
43.62277,-87.79453,Oostburg,Wisconsin,Sheboygan County,US
42.92611,-89.38456,Oregon,Wisconsin,Dane County,US
42.62751,-89.25317,Orfordville,Wisconsin,Rock County,US
45.32052,-92.70493,Osceola,Wisconsin,Polk County,US
44.02471,-88.54261,Oshkosh,Wisconsin,Winnebago County,US
44.57218,-91.22738,Osseo,Wisconsin,Trempealeau County,US
42.57752,-88.10509,Paddock Lake,Wisconsin,Kenosha County,US
42.87779,-88.58621,Palmyra,Wisconsin,Jefferson County,US
43.53776,-89.30012,Pardeeville,Wisconsin,Columbia County,US
45.9344,-90.44155,Park Falls,Wisconsin,Price County,US
42.53807,-88.35093,Pell Lake,Wisconsin,Walworth County,US
45.05443,-87.74927,Peshtigo,Wisconsin,Marinette County,US
43.08057,-88.2612,Pewaukee,Wisconsin,Waukesha County,US
45.69663,-90.40043,Phillips,Wisconsin,Price County,US
42.73416,-90.47846,Platteville,Wisconsin,Grant County,US
42.55308,-87.93341,Pleasant Prairie,Wisconsin,Kenosha County,US
44.45636,-89.54401,Plover,Wisconsin,Portage County,US
43.74861,-87.97704,Plymouth,Wisconsin,Sheboygan County,US
44.3508,-89.8654,Port Edwards,Wisconsin,Wood County,US
43.38722,-87.87564,Port Washington,Wisconsin,Ozaukee County,US
43.53915,-89.46262,Portage,Wisconsin,Columbia County,US
42.82168,-88.34898,Potter Lake,Wisconsin,Walworth County,US
42.55363,-88.29454,Powers Lake,Wisconsin,Kenosha County,US
43.39026,-89.4029,Poynette,Wisconsin,Columbia County,US
43.05165,-91.14124,Prairie du Chien,Wisconsin,Crawford County,US
43.28693,-89.72401,Prairie du Sac,Wisconsin,Sauk County,US
44.74886,-92.80215,Prescott,Wisconsin,Pierce County,US
43.85081,-89.12178,Princeton,Wisconsin,Green Lake County,US
44.67222,-88.2426,Pulaski,Wisconsin,Brown County,US
42.72613,-87.78285,Racine,Wisconsin,Racine County,US
43.53915,-89.00678,Randolph,Wisconsin,Columbia County,US
43.55222,-87.96176,Random Lake,Wisconsin,Sheboygan County,US
44.04192,-89.09845,Redgranite,Wisconsin,Waushara County,US
43.53248,-90.00263,Reedsburg,Wisconsin,Sauk County,US
44.1536,-87.95676,Reedsville,Wisconsin,Manitowoc County,US
45.63662,-89.41208,Rhinelander,Wisconsin,Oneida County,US
44.91275,-89.6754,Rib Mountain,Wisconsin,Marathon County,US
45.50607,-91.73823,Rice Lake,Wisconsin,Barron County,US
43.25612,-88.19398,Richfield,Wisconsin,Washington County,US
43.33471,-90.38679,Richland Center,Wisconsin,Richland County,US
43.8422,-88.83594,Ripon,Wisconsin,Fond du Lac County,US
43.44776,-89.23984,Rio,Wisconsin,Columbia County,US
44.86136,-92.62381,River Falls,Wisconsin,Pierce County,US
43.17418,-87.92425,River Hills,Wisconsin,Milwaukee County,US
44.98386,-92.55603,Roberts,Wisconsin,Saint Croix County,US
42.74141,-88.22426,Rochester,Wisconsin,Racine County,US
43.80776,-88.67483,Rosendale,Wisconsin,Fond du Lac County,US
44.88719,-89.62012,Rothschild,Wisconsin,Marathon County,US
45.40996,-92.63965,Saint Croix Falls,Wisconsin,Polk County,US
42.96752,-87.87758,Saint Francis,Wisconsin,Milwaukee County,US
43.83638,-88.34149,Saint Peter,Wisconsin,Fond du Lac County,US
42.55474,-88.11092,Salem,Wisconsin,Kenosha County,US
43.27082,-89.72207,Sauk City,Wisconsin,Sauk County,US
43.38167,-87.94065,Saukville,Wisconsin,Ozaukee County,US
44.90969,-89.60457,Schofield,Wisconsin,Marathon County,US
44.82663,-91.43127,Seymour,Wisconsin,Eau Claire County,US
44.51499,-88.33038,Seymour,Wisconsin,Outagamie County,US
42.50252,-88.72899,Sharon,Wisconsin,Walworth County,US
44.78221,-88.60899,Shawano,Wisconsin,Shawano County,US
43.75083,-87.71453,Sheboygan,Wisconsin,Sheboygan County,US
43.73197,-87.82213,Sheboygan Falls,Wisconsin,Sheboygan County,US
45.73939,-91.92545,Shell Lake,Wisconsin,Washburn County,US
44.1736,-88.25983,Sherwood,Wisconsin,Calumet County,US
43.08918,-87.88758,Shorewood,Wisconsin,Milwaukee County,US
43.0775,-89.44568,Shorewood Hills,Wisconsin,Dane County,US
42.57334,-90.23096,Shullsburg,Wisconsin,Lafayette County,US
42.54613,-88.16564,Silver Lake,Wisconsin,Kenosha County,US
44.05526,-89.22623,Silver Lake,Wisconsin,Waushara County,US
45.78578,-92.38103,Siren,Wisconsin,Burnett County,US
43.33361,-88.28621,Slinger,Wisconsin,Washington County,US
42.6403,-87.91036,Somers,Wisconsin,Kenosha County,US
45.12441,-92.67354,Somerset,Wisconsin,Saint Croix County,US
42.91057,-87.86064,South Milwaukee,Wisconsin,Milwaukee County,US
43.94413,-90.81291,Sparta,Wisconsin,Monroe County,US
44.75774,-90.2968,Spencer,Wisconsin,Marathon County,US
45.82245,-91.88934,Spooner,Wisconsin,Washburn County,US
43.17527,-90.0679,Spring Green,Wisconsin,Sauk County,US
44.84524,-92.2388,Spring Valley,Wisconsin,Pierce County,US
44.95997,-90.93708,Stanley,Wisconsin,Chippewa County,US
44.52358,-89.57456,Stevens Point,Wisconsin,Portage County,US
42.91695,-89.21789,Stoughton,Wisconsin,Dane County,US
44.80108,-90.0793,Stratford,Wisconsin,Marathon County,US
44.54969,-91.39266,Strum,Wisconsin,Trempealeau County,US
44.83416,-87.37704,Sturgeon Bay,Wisconsin,Door County,US
42.69807,-87.89452,Sturtevant,Wisconsin,Racine County,US
44.63194,-88.03927,Suamico,Wisconsin,Brown County,US
43.1836,-89.21373,Sun Prairie,Wisconsin,Dane County,US
46.72077,-92.10408,Superior,Wisconsin,Douglas County,US
43.1339,-88.22204,Sussex,Wisconsin,Waukesha County,US
44.98913,-91.84767,Tainter Lake,Wisconsin,Dunn County,US
43.51722,-88.45121,Theresa,Wisconsin,Dodge County,US
43.23751,-87.9787,Thiensville,Wisconsin,Ozaukee County,US
44.96108,-90.79986,Thorp,Wisconsin,Clark County,US
42.8289,-88.19759,Tichigan,Wisconsin,Racine County,US
43.97858,-90.50402,Tomah,Wisconsin,Monroe County,US
45.47108,-89.72986,Tomahawk,Wisconsin,Lincoln County,US
44.00552,-91.44209,Trempealeau,Wisconsin,Trempealeau County,US
45.3944,-92.14241,Turtle Lake,Wisconsin,Barron County,US
42.53113,-88.24815,Twin Lakes,Wisconsin,Kenosha County,US
44.15388,-87.56925,Two Rivers,Wisconsin,Manitowoc County,US
42.68807,-88.05147,Union Grove,Wisconsin,Racine County,US
42.99083,-89.53318,Verona,Wisconsin,Dane County,US
43.55692,-90.88874,Viroqua,Wisconsin,Vernon County,US
43.00445,-88.37676,Wales,Wisconsin,Waukesha County,US
42.53113,-88.59955,Walworth,Wisconsin,Walworth County,US
46.67327,-90.89491,Washburn,Wisconsin,Bayfield County,US
43.18388,-88.98844,Waterloo,Wisconsin,Jefferson County,US
42.76307,-88.21426,Waterford,Wisconsin,Racine County,US
43.19472,-88.72899,Watertown,Wisconsin,Jefferson County,US
43.01168,-88.23148,Waukesha,Wisconsin,Waukesha County,US
43.19194,-89.45567,Waunakee,Wisconsin,Dane County,US
44.35803,-89.08595,Waupaca,Wisconsin,Waupaca County,US
43.63332,-88.72955,Waupun,Wisconsin,Fond du Lac County,US
44.95914,-89.63012,Wausau,Wisconsin,Marathon County,US
44.0747,-89.2879,Wautoma,Wisconsin,Waushara County,US
43.04946,-88.00759,Wauwatosa,Wisconsin,Milwaukee County,US
43.47443,-89.7704,West Baraboo,Wisconsin,Sauk County,US
43.01668,-88.00703,West Allis,Wisconsin,Milwaukee County,US
43.42528,-88.18343,West Bend,Wisconsin,Washington County,US
43.01251,-87.97259,West Milwaukee,Wisconsin,Milwaukee County,US
43.89913,-91.08125,West Salem,Wisconsin,La Crosse County,US
43.65692,-90.8543,Westby,Wisconsin,Vernon County,US
43.88359,-89.49346,Westfield,Wisconsin,Marquette County,US
44.8908,-89.54762,Weston,Wisconsin,Marathon County,US
44.32137,-88.93372,Weyauwega,Wisconsin,Waupaca County,US
43.11334,-87.90009,Whitefish Bay,Wisconsin,Milwaukee County,US
44.36746,-91.31655,Whitehall,Wisconsin,Trempealeau County,US
42.83362,-88.73233,Whitewater,Wisconsin,Walworth County,US
44.49358,-89.55873,Whiting,Wisconsin,Portage County,US
42.57807,-88.54093,Williams Bay,Wisconsin,Walworth County,US
42.82946,-88.1587,Wind Lake,Wisconsin,Racine County,US
42.78446,-87.76619,Wind Point,Wisconsin,Racine County,US
43.21833,-89.34151,Windsor,Wisconsin,Dane County,US
44.11082,-88.71261,Winneconne,Wisconsin,Winnebago County,US
43.62748,-89.77096,Wisconsin Dells,Wisconsin,Columbia County,US
44.38358,-89.81735,Wisconsin Rapids,Wisconsin,Wood County,US
44.8272,-89.16956,Wittenberg,Wisconsin,Shawano County,US
44.95302,-92.2913,Woodville,Wisconsin,Saint Croix County,US
44.32582,-88.16288,Wrightstown,Wisconsin,Brown County,US
40.01813,-80.73425,Benwood,West Virginia,Marshall County,US
40.20563,-80.55674,Bethany,West Virginia,Brooke County,US
40.04396,-80.69064,Bethlehem,West Virginia,Ohio County,US
40.61312,-80.56285,Chester,West Virginia,Hancock County,US
40.32757,-80.59591,Follansbee,West Virginia,Brooke County,US
40.32479,-80.57757,Hooverson Heights,West Virginia,Brooke County,US
40.49673,-80.60674,New Cumberland,West Virginia,Hancock County,US
40.6184,-80.60424,Newell,West Virginia,Hancock County,US
40.41896,-80.58952,Weirton,West Virginia,Hancock County,US
40.4084,-80.53924,Weirton Heights,West Virginia,Hancock County,US
40.27201,-80.60952,Wellsburg,West Virginia,Brooke County,US
40.16979,-80.59369,West Liberty,West Virginia,Ohio County,US
40.06396,-80.72091,Wheeling,West Virginia,Ohio County,US
41.61704,-72.08452,Baltic,Connecticut,New London County,US
41.41398,-73.30345,Newtown,Connecticut,Fairfield County,US
42.1812,-72.36064,Three Rivers,Massachusetts,Hampden County,US
42.02316,-70.68281,South Duxbury,Massachusetts,Plymouth County,US
42.6112,-71.57451,Groton,Massachusetts,Middlesex County,US
42.11037,-73.35511,Sheffield,Massachusetts,Berkshire County,US
44.79757,-69.05115,Carmel,Maine,Penobscot County,US
44.82311,-70.33951,Phillips,Maine,Franklin County,US
43.4087,-70.58144,West Kennebunk,Maine,York County,US
45.32802,-93.47023,Nowthen,Minnesota,Anoka County,US
43.61062,-73.17983,Castleton,Vermont,Rutland County,US
43.73916,-87.78175,Kohler,Wisconsin,Sheboygan County,US
41.34621,-73.079,Ansonia,Connecticut,New Haven County,US
41.37121,-73.41401,Bethel,Connecticut,Fairfield County,US
41.81288,-72.69759,Blue Hills,Connecticut,Hartford County,US
41.16704,-73.20483,Bridgeport,Connecticut,Fairfield County,US
41.67176,-72.94927,Bristol,Connecticut,Hartford County,US
41.91232,-72.54509,Broad Brook,Connecticut,Hartford County,US
41.27954,-72.8151,Branford,Connecticut,New Haven County,US
41.00426,-73.65374,Byram,Connecticut,Fairfield County,US
42.02731,-73.32928,Canaan,Connecticut,Litchfield County,US
41.83426,-72.89177,Canton Valley,Connecticut,Hartford County,US
41.49899,-72.90066,Cheshire,Connecticut,New Haven County,US
41.27871,-72.52759,Clinton,Connecticut,Middlesex County,US
41.57565,-72.33203,Colchester,Connecticut,New London County,US
41.81288,-72.9201,Collinsville,Connecticut,Hartford County,US
34.90225,-110.15818,Holbrook,Arizona,Navajo County,US
34.39916,-118.91815,Fillmore,California,Ventura County,US
31.44815,-109.92841,Bisbee,Arizona,Cochise County,US
38.7524,-122.61499,Middletown,California,Lake County,US
34.07087,-112.15071,Black Canyon City,Arizona,Yavapai County,US
35.13469,-119.45623,South Taft,California,Kern County,US
38.00853,-122.09608,Vine Hill,California,Contra Costa County,US
38.48196,-100.46708,Dighton,Kansas,Lane County,US
35.9742,-105.33001,Mora,New Mexico,Mora County,US
33.03117,-111.58263,Blackwater,Arizona,Pinal County,US
39.81607,-111.85549,Mona,Utah,Juab County,US
33.37032,-112.58378,Buckeye,Arizona,Maricopa County,US
35.14778,-114.5683,Bullhead City,Arizona,Mohave County,US
33.13428,-110.12004,Bylas,Arizona,Graham County,US
32.7584,-109.71619,Cactus Flat,Arizona,Graham County,US
34.56364,-111.85432,Camp Verde,Arizona,Yavapai County,US
33.78477,-110.02649,Canyon Day,Arizona,Gila County,US
33.82226,-111.9182,Carefree,Arizona,Maricopa County,US
33.12033,-111.88819,Casa Blanca,Arizona,Pinal County,US
32.8795,-111.75735,Casa Grande,Arizona,Pinal County,US
32.32341,-110.9951,Casas Adobes,Arizona,Pima County,US
32.50556,-110.92111,Catalina,Arizona,Pima County,US
32.29785,-110.9187,Catalina Foothills,Arizona,Pima County,US
33.83337,-111.9507,Cave Creek,Arizona,Maricopa County,US
33.83333,-111.95083,Cave Creek,Arizona,Maricopa County,US
33.30616,-111.84125,Chandler,Arizona,Maricopa County,US
36.15445,-109.55261,Chinle,Arizona,Apache County,US
34.75752,-112.45378,Chino Valley,Arizona,Yavapai County,US
34.04477,-110.48539,Cibecue,Arizona,Navajo County,US
34.18863,-114.22467,Cienega Springs,Arizona,La Paz County,US
33.54865,-112.44433,Citrus Park,Arizona,Maricopa County,US
34.77113,-112.05794,Clarkdale,Arizona,Yavapai County,US
33.41117,-110.84261,Claypool,Arizona,Gila County,US
33.0509,-109.29618,Clifton,Arizona,Greenlee County,US
36.99026,-112.97577,Colorado City,Arizona,Mohave County,US
34.16253,-112.85074,Congress,Arizona,Yavapai County,US
32.97784,-111.51762,Coolidge,Arizona,Pinal County,US
34.30781,-112.10349,Cordes Lakes,Arizona,Yavapai County,US
34.7178,-111.92154,Cornville,Arizona,Yavapai County,US
31.96536,-110.77564,Corona de Tucson,Arizona,Pima County,US
34.73919,-112.00988,Cottonwood,Arizona,Yavapai County,US
34.5539,-114.37246,Desert Hills,Arizona,Mohave County,US
35.38529,-110.32068,Dilkon,Arizona,Navajo County,US
35.59194,-114.27329,Dolan Springs,Arizona,Mohave County,US
31.34473,-109.54678,Douglas,Arizona,Cochise County,US
32.14119,-111.02843,Drexel Heights,Arizona,Pima County,US
34.11124,-109.29238,Eagar,Arizona,Apache County,US
31.94286,-110.92842,East Sahuarita,Arizona,Pima County,US
33.60419,-114.52523,Ehrenberg,Arizona,La Paz County,US
33.61309,-112.3246,El Mirage,Arizona,Maricopa County,US
32.7559,-111.55484,Eloy,Arizona,Pinal County,US
35.83667,-110.38152,First Mesa,Arizona,Navajo County,US
35.19807,-111.65127,Flagstaff,Arizona,Coconino County,US
33.03145,-111.38734,Florence,Arizona,Pinal County,US
32.29396,-111.00982,Flowing Wells,Arizona,Pima County,US
35.74446,-109.07648,Fort Defiance,Arizona,Apache County,US
32.65783,-114.41189,Fortuna Foothills,Arizona,Yuma County,US
33.61171,-111.71736,Fountain Hills,Arizona,Maricopa County,US
36.94554,-112.52659,Fredonia,Arizona,Coconino County,US
35.7114,-109.54205,Ganado,Arizona,Apache County,US
32.94782,-112.71683,Gila Bend,Arizona,Maricopa County,US
33.35283,-111.78903,Gilbert,Arizona,Maricopa County,US
33.53865,-112.18599,Glendale,Arizona,Maricopa County,US
33.39422,-110.7865,Globe,Arizona,Gila County,US
33.29367,-111.30429,Gold Camp,Arizona,Pinal County,US
35.22333,-114.22301,Golden Valley,Arizona,Mohave County,US
33.43532,-112.35821,Goodyear,Arizona,Maricopa County,US
36.05443,-112.13934,Grand Canyon,Arizona,Coconino County,US
36.04637,-112.15406,Grand Canyon Village,Arizona,Coconino County,US
31.85425,-110.9937,Green Valley,Arizona,Pima County,US
33.37088,-111.96292,Guadalupe,Arizona,Maricopa County,US
35.28308,-109.20704,Houck,Arizona,Apache County,US
31.62787,-110.33397,Huachuca City,Arizona,Cochise County,US
34.95586,-110.33401,Joseph City,Arizona,Navajo County,US
35.09696,-111.69266,Kachina Village,Arizona,Coconino County,US
36.59722,-111.07431,Kaibito,Arizona,Coconino County,US
36.72778,-110.25458,Kayenta,Arizona,Navajo County,US
33.05701,-110.91067,Kearny,Arizona,Pinal County,US
35.18944,-114.05301,Kingman,Arizona,Mohave County,US
34.4839,-114.32245,Lake Havasu City,Arizona,Mohave County,US
34.63224,-111.77793,Lake Montezuma,Arizona,Yavapai County,US
34.16393,-109.98955,Lake of the Woods,Arizona,Navajo County,US
33.36282,-112.16932,Laveen,Arizona,Maricopa County,US
35.03224,-110.75291,LeChee,Arizona,Coconino County,US
34.28504,-110.15706,Linden,Arizona,Navajo County,US
33.49337,-112.35794,Litchfield Park,Arizona,Maricopa County,US
36.41695,-109.22871,Lukachukai,Arizona,Apache County,US
32.72257,-110.64065,Mammoth,Arizona,Pinal County,US
36.35278,-109.61789,Many Farms,Arizona,Apache County,US
32.43674,-111.22538,Marana,Arizona,Pima County,US
33.05811,-112.04764,Maricopa,Arizona,Pinal County,US
34.39781,-112.23627,Mayer,Arizona,Yavapai County,US
36.00221,-114.06829,Meadview,Arizona,Mohave County,US
33.42227,-111.82264,Mesa,Arizona,Maricopa County,US
31.99008,-110.43535,Mescal,Arizona,Cochise County,US
33.39922,-110.86872,Miami,Arizona,Gila County,US
34.93306,-114.58885,Mohave Valley,Arizona,Mohave County,US
33.07867,-109.36535,Morenci,Arizona,Greenlee County,US
35.08529,-111.66599,Mountainaire,Arizona,Coconino County,US
31.33538,-109.94813,Naco,Arizona,Cochise County,US
33.91587,-112.13599,New River,Arizona,Maricopa County,US
31.34038,-110.93425,Nogales,Arizona,Santa Cruz County,US
32.61091,-110.77093,Oracle,Arizona,Pinal County,US
32.39091,-110.96649,Oro Valley,Arizona,Pima County,US
36.91472,-111.45583,Page,Arizona,Coconino County,US
33.53115,-111.94265,Paradise Valley,Arizona,Maricopa County,US
34.15002,-114.28912,Parker,Arizona,La Paz County,US
35.26057,-111.94877,Parks,Arizona,Coconino County,US
34.88558,-112.46823,Paulden,Arizona,Yavapai County,US
34.23087,-111.32514,Payson,Arizona,Gila County,US
35.52916,-113.42549,Peach Springs,Arizona,Mohave County,US
33.5806,-112.23738,Peoria,Arizona,Maricopa County,US
33.31034,-110.45538,Peridot,Arizona,Gila County,US
33.44838,-112.07404,Phoenix,Arizona,Maricopa County,US
32.34591,-111.24621,Picture Rocks,Arizona,Pima County,US
32.89656,-109.82835,Pima,Arizona,Graham County,US
34.38447,-111.45514,Pine,Arizona,Gila County,US
34.14254,-109.96038,Pinetop-Lakeside,Arizona,Navajo County,US
31.35716,-109.56352,Pirtleville,Arizona,Cochise County,US
34.54002,-112.4685,Prescott,Arizona,Yavapai County,US
34.61002,-112.31572,Prescott Valley,Arizona,Yavapai County,US
33.66391,-114.22995,Quartzsite,Arizona,La Paz County,US
33.24866,-111.6343,Queen Creek,Arizona,Maricopa County,US
33.72254,-111.67569,Rio Verde,Arizona,Maricopa County,US
31.47148,-110.97648,Rio Rico,Arizona,Santa Cruz County,US
33.07672,-111.7393,Sacaton,Arizona,Pinal County,US
32.83395,-109.70758,Safford,Arizona,Graham County,US
31.95758,-110.95565,Sahuarita,Arizona,Pima County,US
31.90425,-110.21424,Saint David,Arizona,Cochise County,US
34.50587,-109.36093,Saint Johns,Arizona,Apache County,US
35.64474,-109.09565,Saint Michaels,Arizona,Apache County,US
33.78114,-113.61465,Salome,Arizona,La Paz County,US
33.34533,-110.45316,San Carlos,Arizona,Gila County,US
33.34588,-111.8507,San Carlos,Arizona,Maricopa County,US
32.487,-114.78218,San Luis,Arizona,Yuma County,US
32.59979,-110.63093,San Manuel,Arizona,Pinal County,US
33.50921,-111.89903,Scottsdale,Arizona,Maricopa County,US
34.86974,-111.76099,Sedona,Arizona,Coconino County,US
31.91202,-111.88123,Sells,Arizona,Pima County,US
34.25421,-110.02983,Show Low,Arizona,Navajo County,US
31.55454,-110.30369,Sierra Vista,Arizona,Cochise County,US
34.51337,-110.07845,Snowflake,Arizona,Navajo County,US
32.59644,-114.70968,Somerton,Arizona,Yuma County,US
32.19952,-110.96842,South Tucson,Arizona,Pima County,US
34.34503,-112.15905,Spring Valley,Arizona,Yavapai County,US
34.13355,-109.28834,Springerville,Arizona,Apache County,US
34.25504,-111.25847,Star Valley,Arizona,Gila County,US
32.06702,-110.95148,Summit,Arizona,Pima County,US
33.59754,-112.27182,Sun City,Arizona,Maricopa County,US
33.66198,-112.34127,Sun City West,Arizona,Maricopa County,US
33.21116,-111.87542,Sun Lakes,Arizona,Maricopa County,US
34.2542,-111.26125,Sun Valley,Arizona,Gila County,US
33.29395,-111.09623,Superior,Arizona,Pinal County,US
33.63059,-112.33322,Surprise,Arizona,Maricopa County,US
32.72979,-109.71397,Swift Trail Junction,Arizona,Graham County,US
32.25174,-110.73731,Tanque Verde,Arizona,Pima County,US
34.46504,-110.09123,Taylor,Arizona,Navajo County,US
33.41477,-111.90931,Tempe,Arizona,Maricopa County,US
33.41421,-111.94348,Tempe Junction,Arizona,Maricopa County,US
32.84923,-109.75925,Thatcher,Arizona,Graham County,US
32.07675,-111.31371,Three Points,Arizona,Pima County,US
33.45004,-112.25932,Tolleson,Arizona,Maricopa County,US
31.71287,-110.06758,Tombstone,Arizona,Cochise County,US
33.83171,-111.29457,Tonto Basin,Arizona,Gila County,US
32.41035,-111.01732,Tortolita,Arizona,Pima County,US
36.13499,-111.23986,Tuba City,Arizona,Coconino County,US
31.61259,-111.04592,Tubac,Arizona,Santa Cruz County,US
32.22174,-110.92648,Tucson,Arizona,Pima County,US
32.18758,-111.09093,Tucson Estates,Arizona,Pima County,US
32.04786,-110.71203,Vail,Arizona,Pima County,US
32.67283,-114.14688,Wellton,Arizona,Yuma County,US
31.95731,-110.34202,Whetstone,Arizona,Cochise County,US
34.34865,-109.99789,White Mountain Lake,Arizona,Navajo County,US
33.83699,-109.96427,Whiteriver,Arizona,Navajo County,US
33.96864,-112.72962,Wickenburg,Arizona,Maricopa County,US
32.25285,-109.83201,Willcox,Arizona,Cochise County,US
35.24946,-112.191,Williams,Arizona,Coconino County,US
34.69002,-112.54101,Williamson,Arizona,Yavapai County,US
34.91195,-114.60663,Willow Valley,Arizona,Mohave County,US
35.68057,-109.05259,Window Rock,Arizona,Apache County,US
35.02419,-110.69736,Winslow,Arizona,Navajo County,US
33.59393,-112.30294,Youngtown,Arizona,Maricopa County,US
32.72532,-114.6244,Yuma,Arizona,Yuma County,US
34.46999,-118.19674,Acton,California,Los Angeles County,US
34.58277,-117.40922,Adelanto,California,San Bernardino County,US
34.14306,-118.73787,Agoura,California,Los Angeles County,US
34.13639,-118.77453,Agoura Hills,California,Los Angeles County,US
34.49638,-118.32563,Agua Dulce,California,Los Angeles County,US
33.44281,-116.86502,Aguanga,California,Riverside County,US
37.3655,-119.72627,Ahwahnee,California,Madera County,US
37.76521,-122.24164,Alameda,California,Alameda County,US
37.8502,-122.03218,Alamo,California,Contra Costa County,US
37.88687,-122.29775,Albany,California,Alameda County,US
34.09529,-118.12701,Alhambra,California,Los Angeles County,US
33.56504,-117.72712,Aliso Viejo,California,Orange County,US
38.44463,-121.94302,Allendale,California,Solano County,US
33.88946,-118.33091,Alondra Park,California,Los Angeles County,US
35.88773,-119.48734,Alpaugh,California,Tulare County,US
32.83505,-116.76641,Alpine,California,San Diego County,US
35.72912,-118.54953,Alta Sierra,California,Kern County,US
39.14156,-121.05384,Alta Sierra,California,Nevada County,US
34.18973,-118.13118,Altadena,California,Los Angeles County,US
37.36605,-121.82718,Alum Rock,California,Santa Clara County,US
38.17492,-122.2608,American Canyon,California,Napa County,US
36.96356,-121.77912,Amesti,California,Santa Cruz County,US
33.83529,-117.9145,Anaheim,California,Orange County,US
38.06826,-120.53965,Angels Camp,California,Calaveras County,US
38.57574,-122.44998,Angwin,California,Napa County,US
38.70824,-121.32995,Antelope,California,Sacramento County,US
38.00492,-121.80579,Antioch,California,Contra Costa County,US
33.55503,-116.67363,Anza,California,Riverside County,US
34.50083,-117.18588,Apple Valley,California,San Bernardino County,US
36.97717,-121.8994,Aptos,California,Santa Cruz County,US
39.0174,-122.05775,Arbuckle,California,Colusa County,US
34.13973,-118.03534,Arcadia,California,Los Angeles County,US
36.31578,-119.70846,Armona,California,Kings County,US
38.25547,-120.35103,Arnold,California,Calaveras County,US
36.88856,-121.643,Aromas,California,San Benito County,US
35.11859,-120.59073,Arroyo Grande,California,San Luis Obispo County,US
33.86585,-118.08312,Artesia,California,Los Angeles County,US
35.20913,-118.82843,Arvin,California,Kern County,US
37.69465,-122.11385,Ashland,California,Alameda County,US
35.48942,-120.67073,Atascadero,California,San Luis Obispo County,US
37.46133,-122.19774,Atherton,California,San Mateo County,US
37.34772,-120.60908,Atwater,California,Merced County,US
37.08078,-119.48541,Auberry,California,Fresno County,US
38.89657,-121.07689,Auburn,California,Placer County,US
38.91434,-120.95244,Auburn Lake Trails,California,El Dorado County,US
37.97881,-121.26217,August,California,San Joaquin County,US
33.34281,-118.32785,Avalon,California,Los Angeles County,US
36.00412,-120.12903,Avenal,California,Kings County,US
35.17998,-120.73184,Avila Beach,California,San Luis Obispo County,US
34.03612,-117.99118,Avocado Heights,California,Los Angeles County,US
34.13362,-117.90756,Azusa,California,Los Angeles County,US
35.37329,-119.01871,Bakersfield,California,Kern County,US
34.08529,-117.9609,Baldwin Park,California,Los Angeles County,US
33.92557,-116.87641,Banning,California,Riverside County,US
34.89859,-117.02282,Barstow,California,San Bernardino County,US
34.86971,-117.05615,Barstow Heights,California,San Bernardino County,US
38.02909,-121.96163,Bay Point,California,Contra Costa County,US
35.15913,-118.62842,Bear Valley Springs,California,Kern County,US
33.92946,-116.97725,Beaumont,California,Riverside County,US
33.97751,-118.18702,Bell,California,Los Angeles County,US
33.96529,-118.15146,Bell Gardens,California,Los Angeles County,US
33.88168,-118.11701,Bellflower,California,Los Angeles County,US
37.52021,-122.2758,Belmont,California,San Mateo County,US
34.04057,-118.16924,Belvedere,California,Los Angeles County,US
37.8727,-122.46442,Belvedere,California,Marin County,US
37.08911,-122.08635,Ben Lomond,California,Santa Cruz County,US
38.04937,-122.15858,Benicia,California,Solano County,US
37.87159,-122.27275,Berkeley,California,Alameda County,US
33.7428,-116.28918,Bermuda Dunes,California,Riverside County,US
39.64516,-121.4033,Berry Creek,California,Butte County,US
38.01492,-121.64051,Bethel Island,California,Contra Costa County,US
34.07362,-118.40036,Beverly Hills,California,Los Angeles County,US
34.26112,-116.84503,Big Bear City,California,San Bernardino County,US
34.2439,-116.91142,Big Bear Lake,California,San Bernardino County,US
37.16493,-118.28955,Big Pine,California,Inyo County,US
34.14002,-114.36134,Big River,California,San Bernardino County,US
39.41239,-121.71275,Biggs,California,Butte County,US
36.80217,-120.01627,Biola,California,Fresno County,US
37.36354,-118.39511,Bishop,California,Inyo County,US
37.82076,-121.90774,Blackhawk,California,Contra Costa County,US
34.07029,-117.39588,Bloomington,California,San Bernardino County,US
33.6103,-114.59635,Blythe,California,Riverside County,US
38.33325,-123.04806,Bodega Bay,California,Sonoma County,US
35.58801,-118.49203,Bodfish,California,Kern County,US
37.90937,-122.68637,Bolinas,California,Marin County,US
32.65783,-117.03003,Bonita,California,San Diego County,US
37.04162,-122.15052,Bonny Doon,California,Santa Cruz County,US
33.28892,-117.22559,Bonsall,California,San Diego County,US
39.00907,-123.36612,Boonville,California,Mendocino County,US
34.99942,-117.64978,Boron,California,Kern County,US
36.69885,-121.67495,Boronda,California,Monterey County,US
33.25587,-116.37501,Borrego Springs,California,San Diego County,US
32.80755,-116.93642,Bostonia,California,San Diego County,US
37.12606,-122.12219,Boulder Creek,California,Santa Cruz County,US
34.0339,-118.20535,Boyle Heights,California,Los Angeles County,US
38.3138,-122.48193,Boyes Hot Springs,California,Sonoma County,US
34.14695,-117.9709,Bradbury,California,Los Angeles County,US
32.97866,-115.53027,Brawley,California,Imperial County,US
33.91668,-117.90006,Brea,California,Orange County,US
37.93187,-121.69579,Brentwood,California,Contra Costa County,US
38.25575,-119.23127,Bridgeport,California,Mono County,US
37.68077,-122.39997,Brisbane,California,San Mateo County,US
37.6866,-122.48275,Broadmoor,California,San Mateo County,US
37.10634,-122.10608,Brookdale,California,Santa Cruz County,US
39.44377,-123.38529,Brooktrails,California,Mendocino County,US
34.6136,-120.19265,Buellton,California,Santa Barbara County,US
33.86751,-117.99812,Buena Park,California,Orange County,US
37.32133,-121.91662,Buena Vista,California,Santa Clara County,US
34.18084,-118.30897,Burbank,California,Los Angeles County,US
37.32328,-121.93162,Burbank,California,Santa Clara County,US
37.5841,-122.36608,Burlingame,California,San Mateo County,US
35.40052,-119.46956,Buttonwillow,California,Kern County,US
37.86715,-121.63801,Byron,California,Contra Costa County,US
37.62076,-120.98577,Bystrom,California,Stanislaus County,US
33.91752,-116.78724,Cabazon,California,Riverside County,US
34.15778,-118.63842,Calabasas,California,Los Angeles County,US
32.67895,-115.49888,Calexico,California,Imperial County,US
35.1258,-117.9859,California City,California,Kern County,US
33.1256,-115.51415,Calipatria,California,Imperial County,US
38.5788,-122.57971,Calistoga,California,Napa County,US
34.0039,-117.06198,Calimesa,California,Riverside County,US
35.05303,-120.59628,Callender,California,San Luis Obispo County,US
34.21639,-119.0376,Camarillo,California,Ventura County,US
35.56414,-121.08075,Cambria,California,San Luis Obispo County,US
37.25689,-121.93079,Cambrian Park,California,Santa Clara County,US
38.66879,-120.98716,Cameron Park,California,El Dorado County,US
38.73824,-120.67493,Camino,California,El Dorado County,US
38.42519,-122.95944,Camp Meeker,California,Sonoma County,US
37.28717,-121.94996,Campbell,California,Santa Clara County,US
32.60645,-116.46891,Campo,California,San Diego County,US
34.20112,-118.59814,Canoga Park,California,Los Angeles County,US
33.68502,-117.27309,Canyon Lake,California,Riverside County,US
36.97523,-121.95329,Capitola,California,Santa Cruz County,US
33.15809,-117.35059,Carlsbad,California,San Diego County,US
36.50605,-121.76594,Carmel Valley Village,California,Monterey County,US
36.55524,-121.92329,Carmel-by-the-Sea,California,Monterey County,US
38.61713,-121.32828,Carmichael,California,Sacramento County,US
34.39888,-119.51846,Carpinteria,California,Santa Barbara County,US
33.83141,-118.28202,Carson,California,Los Angeles County,US
36.54273,-119.8332,Caruthers,California,Fresno County,US
34.18362,-118.94343,Casa Conejo,California,Ventura County,US
34.48888,-118.62287,Castaic,California,Los Angeles County,US
37.6941,-122.08635,Castro Valley,California,Alameda County,US
36.76579,-121.758,Castroville,California,Monterey County,US
33.77974,-116.46529,Cathedral City,California,Riverside County,US
35.44275,-120.89213,Cayucos,California,San Luis Obispo County,US
38.06576,-120.27686,Cedar Ridge,California,Tuolumne County,US
37.59493,-120.95771,Ceres,California,Stanislaus County,US
34.05557,-118.41786,Century City,California,Los Angeles County,US
33.85835,-118.06479,Cerritos,California,Los Angeles County,US
34.15806,-119.22316,Channel Islands Beach,California,Ventura County,US
34.10306,-117.84589,Charter Oak,California,Los Angeles County,US
34.25723,-118.6012,Chatsworth,California,Los Angeles County,US
33.97252,-116.97725,Cherry Valley,California,Riverside County,US
37.67938,-122.1033,Cherryland,California,Alameda County,US
39.72849,-121.83748,Chico,California,Butte County,US
35.64051,-117.76395,China Lake Acres,California,Kern County,US
34.01223,-117.68894,Chino,California,San Bernardino County,US
33.9938,-117.75888,Chino Hills,California,San Bernardino County,US
37.123,-120.26018,Chowchilla,California,Madera County,US
36.57052,-121.51855,Chualar,California,Monterey County,US
32.64005,-117.0842,Chula Vista,California,San Diego County,US
34.11501,-117.89173,Citrus,California,Los Angeles County,US
38.70712,-121.28106,Citrus Heights,California,Sacramento County,US
34.09668,-117.71978,Claremont,California,Los Angeles County,US
38.33602,-121.15939,Clay,California,Sacramento County,US
37.94103,-121.93579,Clayton,California,Contra Costa County,US
38.95823,-122.62637,Clearlake,California,Lake County,US
39.02628,-122.67193,Clearlake Oaks,California,Lake County,US
38.80546,-123.01722,Cloverdale,California,Sonoma County,US
36.82523,-119.70292,Clovis,California,Fresno County,US
33.6803,-116.17389,Coachella,California,Riverside County,US
36.13968,-120.36015,Coalinga,California,Fresno County,US
37.26217,-119.70098,Coarsegold,California,Madera County,US
38.82213,-122.72305,Cobb,California,Lake County,US
39.10073,-120.95328,Colfax,California,Placer County,US
38.21464,-121.26884,Collierville,California,San Joaquin County,US
37.67688,-122.45969,Colma,California,San Mateo County,US
34.0739,-117.31365,Colton,California,San Bernardino County,US
38.03631,-120.40131,Columbia,California,Tuolumne County,US
39.21433,-122.00942,Colusa,California,Colusa County,US
34.00057,-118.15979,Commerce,California,Los Angeles County,US
33.89585,-118.22007,Compton,California,Los Angeles County,US
37.97798,-122.03107,Concord,California,Contra Costa County,US
37.98104,-120.64187,Copperopolis,California,Calaveras County,US
36.09801,-119.5604,Corcoran,California,Kings County,US
39.92766,-122.17916,Corning,California,Tehama County,US
33.87529,-117.56644,Corona,California,Riverside County,US
32.68589,-117.18309,Coronado,California,San Diego County,US
36.98856,-121.80634,Corralitos,California,Santa Cruz County,US
37.92548,-122.52748,Corte Madera,California,Marin County,US
33.64113,-117.91867,Costa Mesa,California,Orange County,US
38.32686,-122.70721,Cotati,California,Sonoma County,US
33.60419,-117.58699,Coto De Caza,California,Orange County,US
38.65824,-121.97108,Cottonwood,California,Yolo County,US
37.96881,-121.34078,Country Club,California,San Joaquin County,US
39.79327,-123.24922,Covelo,California,Mendocino County,US
34.09001,-117.89034,Covina,California,Los Angeles County,US
32.80727,-116.86808,Crest,California,San Diego County,US
34.24195,-117.2856,Crestline,California,San Bernardino County,US
38.05242,-122.21302,Crockett,California,Contra Costa County,US
33.96057,-118.18535,Cudahy,California,Los Angeles County,US
34.02112,-118.39647,Culver City,California,Los Angeles County,US
37.323,-122.03218,Cupertino,California,Santa Clara County,US
36.52328,-119.28678,Cutler,California,Tulare County,US
33.81696,-118.03729,Cypress,California,Orange County,US
37.70577,-122.46192,Daly City,California,San Mateo County,US
33.46697,-117.69811,Dana Point,California,Orange County,US
37.82159,-121.99996,Danville,California,Contra Costa County,US
38.54491,-121.74052,Davis,California,Yolo County,US
37.03578,-121.86246,Day Valley,California,Santa Cruz County,US
38.68185,-120.82327,Deer Park,California,El Dorado County,US
38.53269,-122.4697,Deer Park,California,Napa County,US
32.95949,-117.26531,Del Mar,California,San Diego County,US
36.58635,-121.94746,Del Monte Forest,California,Monterey County,US
33.91613,-118.36952,Del Aire,California,Los Angeles County,US
36.65912,-119.59374,Del Rey,California,Fresno County,US
36.59329,-121.83495,Del Rey Oaks,California,Monterey County,US
37.74354,-121.01188,Del Rio,California,Stanislaus County,US
35.76884,-119.24705,Delano,California,Kern County,US
37.43216,-120.77854,Delhi,California,Merced County,US
37.52632,-120.79687,Denair,California,Stanislaus County,US
32.85283,-116.61585,Descanso,California,San Diego County,US
33.96173,-116.50353,Desert Hot Springs,California,Riverside County,US
33.4042,-116.03972,Desert Shores,California,Imperial County,US
34.59082,-118.15257,Desert View Highlands,California,Los Angeles County,US
37.83493,-121.95801,Diablo,California,Contra Costa County,US
34.02862,-117.81034,Diamond Bar,California,Los Angeles County,US
38.69463,-120.81494,Diamond Springs,California,El Dorado County,US
36.54328,-119.38707,Dinuba,California,Tulare County,US
37.90854,-121.60023,Discovery Bay,California,Contra Costa County,US
38.44546,-121.8233,Dixon,California,Solano County,US
38.21381,-121.08855,Dogtown,California,San Joaquin County,US
39.18796,-120.09991,Dollar Point,California,Placer County,US
36.98606,-120.62657,Dos Palos,California,Merced County,US
33.94001,-118.13257,Downey,California,Los Angeles County,US
39.55934,-120.82689,Downieville,California,Sierra County,US
34.13945,-117.97729,Duarte,California,Los Angeles County,US
37.70215,-121.93579,Dublin,California,Alameda County,US
38.88518,-121.96969,Dunnigan,California,Yolo County,US
39.64627,-121.79998,Durham,California,Butte County,US
35.88412,-119.27233,Earlimart,California,Tulare County,US
33.89807,-118.19535,East Rancho Dominguez,California,Los Angeles County,US
37.38105,-121.81745,East Foothills,California,Santa Clara County,US
33.74002,-116.93891,East Hemet,California,Riverside County,US
33.92446,-117.98895,East La Mirada,California,Los Angeles County,US
34.0239,-118.17202,East Los Angeles,California,Los Angeles County,US
37.78798,-120.80382,East Oakdale,California,Stanislaus County,US
37.46883,-122.14108,East Palo Alto,California,San Mateo County,US
34.14612,-118.09424,East Pasadena,California,Los Angeles County,US
36.05745,-118.97566,East Porterville,California,Tulare County,US
39.93406,-120.89801,East Quincy,California,Plumas County,US
37.94492,-122.31358,East Richmond Heights,California,Contra Costa County,US
34.09168,-118.09118,East San Gabriel,California,Los Angeles County,US
37.9777,-120.3613,East Sonora,California,Tuolumne County,US
36.65023,-119.7907,Easton,California,Fresno County,US
32.79477,-116.96253,El Cajon,California,San Diego County,US
32.792,-115.56305,El Centro,California,Imperial County,US
37.91576,-122.31164,El Cerrito,California,Contra Costa County,US
33.84057,-117.52283,El Cerrito,California,Riverside County,US
38.68574,-121.08217,El Dorado Hills,California,El Dorado County,US
37.50272,-122.46942,El Granada,California,San Mateo County,US
34.06862,-118.02757,El Monte,California,Los Angeles County,US
34.23578,-119.16383,El Rio,California,Ventura County,US
33.91918,-118.41647,El Segundo,California,Los Angeles County,US
37.97715,-122.29525,El Sobrante,California,Contra Costa County,US
38.29769,-122.49165,El Verano,California,Sonoma County,US
38.3488,-122.51081,Eldridge,California,Sonoma County,US
38.4088,-121.37162,Elk Grove,California,Sacramento County,US
36.8244,-121.7405,Elkhorn,California,Monterey County,US
38.71379,-121.46273,Elverta,California,Sacramento County,US
37.46466,-122.26802,Emerald Lake Hills,California,San Mateo County,US
37.83132,-122.28525,Emeryville,California,Alameda County,US
37.63826,-120.90215,Empire,California,Stanislaus County,US
33.03699,-117.29198,Encinitas,California,San Diego County,US
37.79781,-120.99792,Escalon,California,San Joaquin County,US
33.11921,-117.08642,Escondido,California,San Diego County,US
38.69213,-122.01719,Esparto,California,Yolo County,US
32.87977,-116.94669,Eucalyptus Hills,California,San Diego County,US
36.29606,-119.14205,Exeter,California,Tulare County,US
38.64463,-121.27217,Fair Oaks,California,Sacramento County,US
32.99393,-117.18726,Fairbanks Ranch,California,San Diego County,US
37.98715,-122.58887,Fairfax,California,Marin County,US
38.24936,-122.03997,Fairfield,California,Solano County,US
37.07633,-120.19295,Fairmead,California,Madera County,US
37.67854,-122.0458,Fairview,California,Alameda County,US
33.37642,-117.25115,Fallbrook,California,San Diego County,US
36.29773,-119.20678,Farmersville,California,Tulare County,US
37.05134,-122.0733,Felton,California,Santa Cruz County,US
36.85884,-120.45601,Firebaugh,California,Fresno County,US
38.49602,-121.40884,Florin,California,Sacramento County,US
38.67796,-121.17606,Folsom,California,Sacramento County,US
34.09223,-117.43505,Fontana,California,San Bernardino County,US
38.67877,-121.35114,Foothill Farms,California,Sacramento County,US
33.68641,-117.66088,Foothill Ranch,California,Orange County,US
35.15441,-119.45623,Ford City,California,Kern County,US
38.16851,-120.40659,Forest Meadows,California,Calaveras County,US
39.88211,-121.67275,Forest Ranch,California,Butte County,US
39.02018,-120.81799,Foresthill,California,Placer County,US
38.47352,-122.89027,Forestville,California,Sonoma County,US
39.44572,-123.80529,Fort Bragg,California,Mendocino County,US
35.26275,-116.68475,Fort Irwin,California,San Bernardino County,US
37.55855,-122.27108,Foster City,California,San Mateo County,US
33.70918,-117.95367,Fountain Valley,California,Orange County,US
36.63051,-119.67847,Fowler,California,Fresno County,US
34.82276,-118.94482,Frazier Park,California,Kern County,US
36.93523,-121.77301,Freedom,California,Santa Cruz County,US
37.54827,-121.98857,Fremont,California,Alameda County,US
37.88409,-121.27106,French Camp,California,San Joaquin County,US
36.74773,-119.77237,Fresno,California,Fresno County,US
33.87029,-117.92534,Fullerton,California,Orange County,US
38.25464,-121.29995,Galt,California,Sacramento County,US
37.96381,-121.22939,Garden Acres,California,San Joaquin County,US
33.77391,-117.94145,Garden Grove,California,Orange County,US
33.88835,-118.30896,Gardena,California,Los Angeles County,US
33.90196,-116.54557,Garnet,California,Riverside County,US
38.90684,-120.83855,Georgetown,California,El Dorado County,US
37.00578,-121.56828,Gilroy,California,Santa Clara County,US
34.01168,-117.48477,Glen Avon,California,Riverside County,US
34.14251,-118.25508,Glendale,California,Los Angeles County,US
34.13612,-117.86534,Glendora,California,Los Angeles County,US
38.62629,-121.24662,Gold River,California,Sacramento County,US
35.14247,-118.49036,Golden Hills,California,Kern County,US
34.43583,-119.82764,Goleta,California,Santa Barbara County,US
36.50663,-121.44438,Gonzales,California,Monterey County,US
33.76474,-117.26698,Good Hope,California,Riverside County,US
36.35106,-119.42012,Goshen,California,Tulare County,US
34.0339,-117.31365,Grand Terrace,California,San Bernardino County,US
38.76323,-121.16384,Granite Bay,California,Placer County,US
32.80311,-116.90475,Granite Hills,California,San Diego County,US
39.21906,-121.06106,Grass Valley,California,Nevada County,US
38.4363,-122.86972,Graton,California,Sonoma County,US
33.73808,-117.07642,Green Acres,California,Riverside County,US
34.62165,-118.41397,Green Valley,California,Los Angeles County,US
38.25297,-122.16219,Green Valley,California,Solano County,US
35.38329,-119.10983,Greenacres,California,Kern County,US
35.26885,-119.00288,Greenfield,California,Kern County,US
36.3208,-121.24381,Greenfield,California,Monterey County,US
39.36378,-121.69358,Gridley,California,Butte County,US
35.12164,-120.62128,Grover Beach,California,San Luis Obispo County,US
34.97164,-120.57184,Guadalupe,California,Santa Barbara County,US
38.50186,-122.99611,Guerneville,California,Sonoma County,US
37.25772,-120.99882,Gustine,California,Merced County,US
33.99307,-117.96868,Hacienda Heights,California,Los Angeles County,US
37.46355,-122.42859,Half Moon Bay,California,San Mateo County,US
39.74266,-122.01359,Hamilton City,California,Glenn County,US
36.32745,-119.64568,Hanford,California,Kings County,US
32.82033,-116.83002,Harbison Canyon,California,San Diego County,US
38.41713,-121.94691,Hartley,California,Solano County,US
33.8314,-118.07284,Hawaiian Gardens,California,Los Angeles County,US
33.9164,-118.35257,Hawthorne,California,Los Angeles County,US
37.66882,-122.0808,Hayward,California,Alameda County,US
38.61047,-122.86916,Healdsburg,California,Sonoma County,US
32.73089,-115.52972,Heber,California,Imperial County,US
33.74761,-116.97307,Hemet,California,Riverside County,US
38.29575,-121.24439,Herald,California,Sacramento County,US
38.01714,-122.28858,Hercules,California,Contra Costa County,US
33.86224,-118.39952,Hermosa Beach,California,Los Angeles County,US
34.42639,-117.30088,Hesperia,California,San Bernardino County,US
34.16028,-118.65231,Hidden Hills,California,Los Angeles County,US
33.22531,-117.11253,Hidden Meadows,California,San Diego County,US
38.80796,-122.55832,Hidden Valley Lake,California,Lake County,US
34.01585,-117.33338,Highgrove,California,Riverside County,US
34.12834,-117.20865,Highland,California,San Bernardino County,US
37.5741,-122.37942,Hillsborough,California,San Mateo County,US
36.85245,-121.4016,Hollister,California,San Benito County,US
34.09834,-118.32674,Hollywood,California,Los Angeles County,US
32.81116,-115.38026,Holtville,California,Imperial County,US
36.30328,-119.63624,Home Garden,California,Kings County,US
33.87807,-117.52088,Home Gardens,California,Riverside County,US
33.74308,-117.1092,Homeland,California,Riverside County,US
37.59688,-120.86604,Hughson,California,Stanislaus County,US
33.6603,-117.99923,Huntington Beach,California,Orange County,US
33.98168,-118.22507,Huntington Park,California,Los Angeles County,US
36.20273,-120.10292,Huron,California,Fresno County,US
33.74002,-116.71891,Idyllwild,California,Riverside County,US
32.84755,-115.56944,Imperial,California,Imperial County,US
32.58394,-117.11308,Imperial Beach,California,San Diego County,US
33.71791,-116.34311,Indian Wells,California,Riverside County,US
33.7207,-116.21677,Indio,California,Riverside County,US
33.96168,-118.35313,Inglewood,California,Los Angeles County,US
36.95134,-121.73384,Interlaken,California,Santa Cruz County,US
38.10103,-122.85694,Inverness,California,Marin County,US
35.6469,-117.81257,Inyokern,California,Kern County,US
38.35269,-120.93272,Ione,California,Amador County,US
33.66946,-117.82311,Irvine,California,Orange County,US
34.10695,-117.93534,Irwindale,California,Los Angeles County,US
34.41333,-119.86097,Isla Vista,California,Santa Barbara County,US
36.38717,-119.21789,Ivanhoe,California,Tulare County,US
38.3488,-120.7741,Jackson,California,Amador County,US
37.95326,-120.4227,Jamestown,California,Tuolumne County,US
32.717,-116.87613,Jamul,California,San Diego County,US
34.13473,-116.31307,Joshua Tree,California,San Bernardino County,US
33.07866,-116.60196,Julian,California,San Diego County,US
38.97795,-122.83944,Kelseyville,California,Lake County,US
37.92992,-121.25272,Kennedy,California,San Joaquin County,US
37.91048,-122.28025,Kensington,California,Contra Costa County,US
37.95215,-122.5572,Kentfield,California,Marin County,US
38.4138,-122.54609,Kenwood,California,Sonoma County,US
36.72356,-120.05988,Kerman,California,Fresno County,US
35.75467,-118.42536,Kernville,California,Kern County,US
36.00829,-119.9618,Kettleman City,California,Kings County,US
37.5566,-120.91549,Keyes,California,Stanislaus County,US
36.21274,-121.12603,King City,California,Monterey County,US
39.23768,-120.02658,Kings Beach,California,Placer County,US
36.51384,-119.55402,Kingsburg,California,Fresno County,US
37.96881,-121.66801,Knightsen,California,Contra Costa County,US
34.19917,-118.18785,La Canada Flintridge,California,Los Angeles County,US
33.93196,-117.94617,La Habra,California,Orange County,US
33.96085,-117.95062,La Habra Heights,California,Los Angeles County,US
32.84727,-117.2742,La Jolla,California,San Diego County,US
32.76783,-117.02308,La Mesa,California,San Diego County,US
33.91724,-118.01201,La Mirada,California,Los Angeles County,US
33.8464,-118.04673,La Palma,California,Orange County,US
32.70811,-116.99725,La Presa,California,San Diego County,US
34.02001,-117.94951,La Puente,California,Los Angeles County,US
33.66336,-116.31001,La Quinta,California,Riverside County,US
38.56685,-121.3569,La Riviera,California,Sacramento County,US
36.93662,-121.86468,La Selva Beach,California,Santa Cruz County,US
34.10084,-117.76784,La Verne,California,Los Angeles County,US
37.39994,-122.1983,Ladera,California,San Mateo County,US
33.99418,-118.37535,Ladera Heights,California,Los Angeles County,US
33.57086,-117.63561,Ladera Ranch,California,Orange County,US
37.88576,-122.11802,Lafayette,California,Contra Costa County,US
38.42102,-121.42384,Laguna,California,Sacramento County,US
33.54225,-117.78311,Laguna Beach,California,Orange County,US
33.61252,-117.71283,Laguna Hills,California,Orange County,US
33.52253,-117.70755,Laguna Niguel,California,Orange County,US
33.6103,-117.72533,Laguna Woods,California,Orange County,US
34.24834,-117.18921,Lake Arrowhead,California,San Bernardino County,US
33.66808,-117.32726,Lake Elsinore,California,Riverside County,US
33.64697,-117.68922,Lake Forest,California,Orange County,US
35.61801,-118.47314,Lake Isabella,California,Kern County,US
34.61249,-117.82812,Lake Los Angeles,California,Los Angeles County,US
35.7283,-120.87963,Lake Nacimiento,California,San Luis Obispo County,US
33.12615,-117.20837,Lake San Marcos,California,San Diego County,US
39.23295,-121.20051,Lake Wildwood,California,Nevada County,US
39.03962,-121.05661,Lake of the Pines,California,Nevada County,US
33.63863,-117.34393,Lakeland Village,California,Riverside County,US
39.04295,-122.91583,Lakeport,California,Lake County,US
32.85727,-116.92225,Lakeside,California,San Diego County,US
33.83863,-117.11809,Lakeview,California,Riverside County,US
33.85363,-118.13396,Lakewood,California,Los Angeles County,US
35.25968,-118.91427,Lamont,California,Kern County,US
34.69804,-118.13674,Lancaster,California,Los Angeles County,US
37.93409,-122.53525,Larkspur,California,Marin County,US
34.03723,-118.63592,Las Flores,California,Los Angeles County,US
33.58808,-117.62672,Las Flores,California,Orange County,US
36.86523,-121.73495,Las Lomas,California,Monterey County,US
37.8227,-121.27661,Lathrop,California,San Joaquin County,US
36.43328,-119.6868,Laton,California,Fresno County,US
33.88724,-118.35257,Lawndale,California,Los Angeles County,US
39.68821,-123.48279,Laytonville,California,Mendocino County,US
37.22855,-120.24823,Le Grand,California,Merced County,US
34.84164,-118.86482,Lebec,California,Kern County,US
32.74255,-117.03142,Lemon Grove,California,San Diego County,US
36.30078,-119.78291,Lemoore,California,Kings County,US
33.93807,-118.35258,Lennox,California,Los Angeles County,US
34.87665,-117.10393,Lenwood,California,San Bernardino County,US
34.61832,-118.28813,Leona Valley,California,Los Angeles County,US
37.16467,-121.97301,Lexington Hills,California,Santa Clara County,US
38.89156,-121.29301,Lincoln,California,Placer County,US
38.0052,-121.32828,Lincoln Village,California,San Joaquin County,US
39.12767,-121.5508,Linda,California,Yuba County,US
38.02131,-121.08383,Linden,California,San Joaquin County,US
36.20301,-119.08816,Lindsay,California,Tulare County,US
34.5211,-117.98368,Littlerock,California,Los Angeles County,US
36.98356,-121.98052,Live Oak,California,Santa Cruz County,US
39.27572,-121.65997,Live Oak,California,Sutter County,US
37.38688,-120.72353,Livingston,California,Merced County,US
37.68187,-121.76801,Livermore,California,Alameda County,US
38.16353,-121.14994,Lockeford,California,San Joaquin County,US
38.1302,-121.27245,Lodi,California,San Joaquin County,US
34.04835,-117.26115,Loma Linda,California,San Bernardino County,US
39.31183,-121.41774,Loma Rica,California,Yuba County,US
33.79224,-118.31507,Lomita,California,Los Angeles County,US
37.1055,-122.05274,Lompico,California,Santa Cruz County,US
34.63915,-120.45794,Lompoc,California,Santa Barbara County,US
36.47606,-119.44318,London,California,Tulare County,US
36.60626,-118.06462,Lone Pine,California,Inyo County,US
33.76696,-118.18923,Long Beach,California,Los Angeles County,US
38.82129,-121.193,Loomis,California,Placer County,US
33.80307,-118.07256,Los Alamitos,California,Orange County,US
34.74443,-120.27821,Los Alamos,California,Santa Barbara County,US
37.38522,-122.11413,Los Altos,California,Santa Clara County,US
37.37966,-122.13746,Los Altos Hills,California,Santa Clara County,US
34.05223,-118.24368,Los Angeles,California,Los Angeles County,US
37.05828,-120.84992,Los Banos,California,Merced County,US
37.22661,-121.97468,Los Gatos,California,Santa Clara County,US
34.66776,-120.11487,Los Olivos,California,Santa Barbara County,US
35.31109,-120.8324,Los Osos,California,San Luis Obispo County,US
33.97279,-117.70811,Los Serranos,California,San Bernardino County,US
35.61635,-119.69429,Lost Hills,California,Kern County,US
38.91045,-122.61026,Lower Lake,California,Lake County,US
37.35133,-122.10052,Loyola,California,Santa Clara County,US
36.38078,-119.6643,Lucerne,California,Kings County,US
39.09017,-122.79638,Lucerne,California,Lake County,US
34.44389,-116.96781,Lucerne Valley,California,San Bernardino County,US
33.93029,-118.21146,Lynwood,California,Los Angeles County,US
36.96134,-120.06072,Madera,California,Madera County,US
37.01911,-120.06683,Madera Acres,California,Madera County,US
39.81211,-121.57831,Magalia,California,Butte County,US
34.00501,-118.81009,Malibu,California,Los Angeles County,US
34.03279,-118.68842,Malibu Beach,California,Los Angeles County,US
37.64855,-118.97208,Mammoth Lakes,California,Mono County,US
33.88474,-118.41091,Manhattan Beach,California,Los Angeles County,US
37.79743,-121.21605,Manteca,California,San Joaquin County,US
35.05886,-119.40095,Maricopa,California,Kern County,US
37.86854,-122.50914,Marin City,California,Marin County,US
36.6844,-121.80217,Marina,California,Monterey County,US
33.98029,-118.45174,Marina del Rey,California,Los Angeles County,US
37.48494,-119.96628,Mariposa,California,Mariposa County,US
38.01937,-122.13413,Martinez,California,Contra Costa County,US
39.14573,-121.59135,Marysville,California,Yuba County,US
39.27628,-122.19137,Maxwell,California,Colusa County,US
34.11501,-118.00979,Mayflower Village,California,Los Angeles County,US
33.98668,-118.18535,Maywood,California,Los Angeles County,US
35.67801,-119.22927,McFarland,California,Kern County,US
33.83335,-117.29615,Mead Valley,California,Riverside County,US
39.00101,-121.02189,Meadow Vista,California,Placer County,US
33.57219,-116.0782,Mecca,California,Riverside County,US
34.44694,-119.27928,Meiners Oaks,California,Ventura County,US
36.75356,-120.38156,Mendota,California,Fresno County,US
33.72835,-117.14642,Menifee,California,Riverside County,US
37.45383,-122.18219,Menlo Park,California,San Mateo County,US
34.07001,-117.13448,Mentone,California,San Bernardino County,US
37.30216,-120.48297,Merced,California,Merced County,US
33.60586,-114.73107,Mesa Verde,California,Riverside County,US
37.54438,-119.92045,Midpines,California,Mariposa County,US
33.74474,-117.98923,Midway City,California,Orange County,US
37.90604,-122.54498,Mill Valley,California,Marin County,US
37.59855,-122.38719,Millbrae,California,San Mateo County,US
37.42827,-121.90662,Milpitas,California,Santa Clara County,US
36.72384,-119.45818,Minkler,California,Fresno County,US
33.99251,-117.51644,Mira Loma,California,Riverside County,US
34.43361,-119.28511,Mira Monte,California,Ventura County,US
34.45083,-119.71291,Mission Canyon,California,Santa Barbara County,US
34.68609,-120.43683,Mission Hills,California,Santa Barbara County,US
33.60002,-117.672,Mission Viejo,California,Orange County,US
37.6391,-120.99688,Modesto,California,Stanislaus County,US
35.05247,-118.17396,Mojave,California,Kern County,US
37.9977,-120.26991,Mono Vista,California,Tuolumne County,US
34.14806,-117.99895,Monrovia,California,Los Angeles County,US
37.99548,-122.33275,Montalvin,California,Contra Costa County,US
37.54216,-122.51609,Montara,California,San Mateo County,US
34.07751,-117.68978,Montclair,California,San Bernardino County,US
38.46547,-123.00889,Monte Rio,California,Sonoma County,US
37.23633,-121.99246,Monte Sereno,California,Santa Clara County,US
34.00946,-118.10535,Montebello,California,Los Angeles County,US
34.43666,-119.63208,Montecito,California,Santa Barbara County,US
36.60024,-121.89468,Monterey,California,Monterey County,US
34.06251,-118.12285,Monterey Park,California,Los Angeles County,US
34.28556,-118.88204,Moorpark,California,Ventura County,US
38.03853,-121.24578,Morada,California,San Joaquin County,US
37.83493,-122.12969,Moraga,California,Contra Costa County,US
33.93752,-117.23059,Moreno Valley,California,Riverside County,US
37.1305,-121.65439,Morgan Hill,California,Santa Clara County,US
34.04695,-116.58085,Morongo Valley,California,San Bernardino County,US
35.36581,-120.8499,Morro Bay,California,San Luis Obispo County,US
37.52744,-122.51331,Moss Beach,California,San Mateo County,US
37.05106,-122.05857,Mount Hermon,California,Santa Cruz County,US
37.78326,-121.54273,Mountain House,California,San Joaquin County,US
38.22825,-120.54076,Mountain Ranch,California,Calaveras County,US
38.00881,-122.11746,Mountain View,California,Contra Costa County,US
37.38605,-122.08385,Mountain View,California,Santa Clara County,US
34.49666,-117.34894,Mountain View Acres,California,San Bernardino County,US
38.13762,-120.46105,Murphys,California,Calaveras County,US
33.55391,-117.21392,Murrieta,California,Riverside County,US
33.56058,-117.15809,Murrieta Hot Springs,California,Riverside County,US
34.15418,-117.34421,Muscoy,California,San Bernardino County,US
38.29714,-122.28553,Napa,California,Napa County,US
32.67811,-117.0992,National City,California,San Diego County,US
34.84806,-114.61413,Needles,California,San Bernardino County,US
39.26173,-121.01779,Nevada City,California,Nevada County,US
37.52966,-122.04024,Newark,California,Alameda County,US
38.87407,-121.13328,Newcastle,California,Placer County,US
37.31383,-121.02076,Newman,California,Stanislaus County,US
33.61891,-117.92895,Newport Beach,California,Orange County,US
39.12323,-122.84833,Nice,California,Lake County,US
33.24004,-115.51888,Niland,California,Imperial County,US
35.04275,-120.476,Nipomo,California,San Luis Obispo County,US
33.93113,-117.54866,Norco,California,Riverside County,US
38.93129,-121.08189,North Auburn,California,Placer County,US
35.01664,-117.83284,North Edwards,California,Kern County,US
34.10279,-118.02423,North El Monte,California,Los Angeles County,US
37.47438,-122.19663,North Fair Oaks,California,San Mateo County,US
34.16056,-118.26452,North Glendale,California,Los Angeles County,US
38.68574,-121.37217,North Highlands,California,Sacramento County,US
34.17223,-118.37897,North Hollywood,California,Los Angeles County,US
37.95881,-122.36747,North Richmond,California,Contra Costa County,US
34.22834,-118.53675,Northridge,California,Los Angeles County,US
33.90224,-118.08173,Norwalk,California,Los Angeles County,US
38.10742,-122.5697,Novato,California,Marin County,US
33.80141,-117.14587,Nuevo,California,Riverside County,US
34.38313,-117.38135,Oak Hills,California,San Bernardino County,US
34.17917,-118.76287,Oak Park,California,Ventura County,US
34.4,-119.30011,Oak View,California,Ventura County,US
37.76659,-120.84715,Oakdale,California,Stanislaus County,US
37.328,-119.64932,Oakhurst,California,Madera County,US
37.80437,-122.2708,Oakland,California,Alameda County,US
37.99742,-121.71245,Oakley,California,Contra Costa County,US
33.46586,-116.09889,Oasis,California,Riverside County,US
38.40741,-122.94833,Occidental,California,Sonoma County,US
35.09886,-120.61239,Oceano,California,San Luis Obispo County,US
33.19587,-117.37948,Oceanside,California,San Diego County,US
35.41968,-119.01955,Oildale,California,Kern County,US
34.44805,-119.24289,Ojai,California,Ventura County,US
39.09545,-121.55219,Olivehurst,California,Yuba County,US
34.06334,-117.65089,Ontario,California,San Bernardino County,US
36.96078,-121.96413,Opal Cliffs,California,Santa Cruz County,US
33.78779,-117.85311,Orange,California,Orange County,US
36.62439,-119.31373,Orange Cove,California,Fresno County,US
38.67851,-121.22578,Orangevale,California,Sacramento County,US
34.86526,-120.436,Orcutt,California,Santa Barbara County,US
37.87715,-122.17969,Orinda,California,Contra Costa County,US
39.74738,-122.19637,Orland,California,Glenn County,US
36.54495,-119.28734,Orosi,California,Tulare County,US
39.51394,-121.55776,Oroville,California,Butte County,US
34.1975,-119.17705,Oxnard,California,Ventura County,US
34.19084,-119.2415,Oxnard Shores,California,Ventura County,US
37.98353,-122.07524,Pacheco,California,Contra Costa County,US
37.61383,-122.48692,Pacifica,California,San Mateo County,US
36.61774,-121.91662,Pacific Grove,California,Monterey County,US
36.90412,-121.74856,Pajaro,California,Monterey County,US
39.43544,-121.53802,Palermo,California,Butte County,US
33.72255,-116.37697,Palm Desert,California,Riverside County,US
33.8303,-116.54529,Palm Springs,California,Riverside County,US
34.57943,-118.11646,Palmdale,California,Los Angeles County,US
37.44188,-122.14302,Palo Alto,California,Santa Clara County,US
33.80057,-118.39007,Palos Verdes Estates,California,Los Angeles County,US
39.75961,-121.62192,Paradise,California,Butte County,US
33.88946,-118.15979,Paramount,California,Los Angeles County,US
36.94717,-120.02294,Parksdale,California,Madera County,US
38.49602,-121.45884,Parkway,California,Sacramento County,US
36.92689,-120.04461,Parkwood,California,Madera County,US
36.61162,-119.52707,Parlier,California,Fresno County,US
34.14778,-118.14452,Pasadena,California,Los Angeles County,US
37.00439,-122.0258,Pasatiempo,California,Santa Cruz County,US
35.62664,-120.691,Paso Robles,California,San Luis Obispo County,US
37.4716,-121.12966,Patterson,California,Stanislaus County,US
33.97529,-117.47588,Pedley,California,Riverside County,US
39.196,-121.19107,Penn Valley,California,Nevada County,US
38.29964,-122.66665,Penngrove,California,Sonoma County,US
33.78252,-117.22865,Perris,California,Riverside County,US
38.23242,-122.63665,Petaluma,California,Sonoma County,US
34.42611,-117.57228,Phelan,California,San Bernardino County,US
33.98307,-118.09673,Pico Rivera,California,Los Angeles County,US
37.82437,-122.23163,Piedmont,California,Alameda County,US
38.41297,-120.65882,Pine Grove,California,Amador County,US
34.84637,-119.14955,Pine Mountain Club,California,Kern County,US
34.84692,-119.15678,Pine Mountain Club,California,Kern County,US
32.82144,-116.52918,Pine Valley,California,San Diego County,US
38.00437,-122.29886,Pinole,California,Contra Costa County,US
38.43186,-120.57187,Pioneer,California,Amador County,US
34.41527,-118.79398,Piru,California,Ventura County,US
35.14275,-120.64128,Pismo Beach,California,San Luis Obispo County,US
38.02798,-121.88468,Pittsburg,California,Contra Costa County,US
35.96856,-119.29178,Pixley,California,Tulare County,US
34.43333,-117.64672,Pinon Hills,California,San Bernardino County,US
33.87224,-117.87034,Placentia,California,Orange County,US
38.72963,-120.79855,Placerville,California,El Dorado County,US
37.29077,-120.31852,Planada,California,Merced County,US
37.94798,-122.0608,Pleasant Hill,California,Contra Costa County,US
37.66243,-121.87468,Pleasanton,California,Alameda County,US
39.02073,-121.55802,Plumas Lake,California,Yuba County,US
38.48185,-120.84466,Plymouth,California,Amador County,US
38.76129,-120.58659,Pollock Pines,California,El Dorado County,US
34.05529,-117.75228,Pomona,California,Los Angeles County,US
34.14778,-119.19511,Port Hueneme,California,Ventura County,US
39.81046,-120.4691,Portola,California,Plumas County,US
33.67919,-117.63116,Portola Hills,California,Orange County,US
36.06523,-119.01677,Porterville,California,Tulare County,US
37.38411,-122.23524,Portola Valley,California,San Mateo County,US
32.96282,-117.03586,Poway,California,San Diego County,US
36.77579,-121.66967,Prunedale,California,Monterey County,US
33.70697,-117.24504,Quail Valley,California,Riverside County,US
34.64526,-118.21813,Quartz Hill,California,Los Angeles County,US
39.94219,-120.94347,Quincy,California,Plumas County,US
33.41031,-117.14781,Rainbow,California,San Diego County,US
33.04171,-116.86808,Ramona,California,San Diego County,US
38.12742,-120.85827,Rancho Calaveras,California,Calaveras County,US
38.1275,-120.85833,Rancho Calaveras,California,Calaveras County,US
38.58907,-121.30273,Rancho Cordova,California,Sacramento County,US
34.1064,-117.59311,Rancho Cucamonga,California,San Bernardino County,US
33.73974,-116.41279,Rancho Mirage,California,Riverside County,US
38.50185,-121.09467,Rancho Murieta,California,Sacramento County,US
33.74446,-118.38702,Rancho Palos Verdes,California,Los Angeles County,US
32.74727,-116.9353,Rancho San Diego,California,San Diego County,US
33.02032,-117.20281,Rancho Santa Fe,California,San Diego County,US
33.64086,-117.6031,Rancho Santa Margarita,California,Orange County,US
34.05557,-117.18254,Redlands,California,San Bernardino County,US
33.84918,-118.38841,Redondo Beach,California,Los Angeles County,US
37.48522,-122.23635,Redwood City,California,San Mateo County,US
37.53188,-122.24802,Redwood Shores,California,San Mateo County,US
39.26544,-123.20445,Redwood Valley,California,Mendocino County,US
36.59634,-119.4504,Reedley,California,Fresno County,US
34.1064,-117.37032,Rialto,California,San Bernardino County,US
35.79662,-119.10788,Richgrove,California,Tulare County,US
37.93576,-122.34775,Richmond,California,Contra Costa County,US
35.62246,-117.6709,Ridgecrest,California,Kern County,US
36.81246,-121.36577,Ridgemark,California,San Benito County,US
36.96828,-121.90023,Rio Del Mar,California,Santa Cruz County,US
38.69101,-121.44857,Rio Linda,California,Sacramento County,US
38.15575,-121.69134,Rio Vista,California,Solano County,US
37.74159,-121.12438,Ripon,California,San Joaquin County,US
37.73604,-120.93549,Riverbank,California,Stanislaus County,US
36.43106,-119.85958,Riverdale,California,Fresno County,US
37.60938,-121.05188,Riverdale Park,California,Stanislaus County,US
33.95335,-117.39616,Riverside,California,Riverside County,US
38.79073,-121.23578,Rocklin,California,Placer County,US
38.03298,-122.26691,Rodeo,California,Contra Costa County,US
38.33964,-122.7011,Rohnert Park,California,Sonoma County,US
33.75696,-118.35396,Rolling Hills,California,Los Angeles County,US
33.78779,-118.35813,Rolling Hills Estates,California,Los Angeles County,US
37.9652,-122.32997,Rollingwood,California,Contra Costa County,US
33.74585,-117.17503,Romoland,California,Riverside County,US
34.86414,-118.16341,Rosamond,California,Kern County,US
35.38357,-119.14538,Rosedale,California,Kern County,US
38.42213,-122.72804,Roseland,California,Sonoma County,US
34.08057,-118.07285,Rosemead,California,Los Angeles County,US
38.55185,-121.36467,Rosemont,California,Sacramento County,US
38.75212,-121.28801,Roseville,California,Placer County,US
37.96242,-122.55498,Ross,California,Marin County,US
33.78557,-118.08506,Rossmoor,California,Orange County,US
33.97612,-117.90534,Rowland Heights,California,Los Angeles County,US
33.99613,-117.4056,Rubidoux,California,Riverside County,US
34.20779,-117.1092,Running Springs,California,San Bernardino County,US
38.58157,-121.4944,Sacramento,California,Sacramento County,US
38.50519,-122.47026,Saint Helena,California,Napa County,US
37.70576,-121.08494,Salida,California,Stanislaus County,US
36.67774,-121.6555,Salinas,California,Monterey County,US
33.29865,-115.95611,Salton City,California,Imperial County,US
38.19603,-120.68049,San Andreas,California,Calaveras County,US
37.97465,-122.56164,San Anselmo,California,Marin County,US
34.15556,-117.65644,San Antonio Heights,California,San Bernardino County,US
34.10834,-117.28977,San Bernardino,California,San Bernardino County,US
37.63049,-122.41108,San Bruno,California,San Mateo County,US
37.50716,-122.26052,San Carlos,California,San Mateo County,US
33.42697,-117.61199,San Clemente,California,Orange County,US
32.71533,-117.15726,San Diego,California,San Diego County,US
33.00671,-116.78364,San Diego Country Estates,California,San Diego County,US
34.10668,-117.80673,San Dimas,California,Los Angeles County,US
34.28195,-118.43897,San Fernando,California,Los Angeles County,US
37.77493,-122.41942,San Francisco,California,San Francisco County,US
34.09611,-118.10583,San Gabriel,California,Los Angeles County,US
33.78391,-116.95864,San Jacinto,California,Riverside County,US
36.60662,-120.18904,San Joaquin,California,Fresno County,US
33.61169,-117.83672,San Joaquin Hills,California,Orange County,US
37.33939,-121.89496,San Jose,California,Santa Clara County,US
36.84551,-121.538,San Juan Bautista,California,San Benito County,US
33.50169,-117.66255,San Juan Capistrano,California,Orange County,US
37.72493,-122.15608,San Leandro,California,Alameda County,US
37.68104,-122.12441,San Lorenzo,California,Alameda County,US
35.28275,-120.65962,San Luis Obispo,California,San Luis Obispo County,US
33.14337,-117.16614,San Marcos,California,San Diego County,US
34.1214,-118.10646,San Marino,California,Los Angeles County,US
37.08495,-121.61022,San Martin,California,Santa Clara County,US
37.56299,-122.32553,San Mateo,California,San Mateo County,US
35.75247,-120.69628,San Miguel,California,San Luis Obispo County,US
37.96215,-122.34553,San Pablo,California,Contra Costa County,US
33.09171,-116.95392,San Pasqual,California,San Diego County,US
33.73585,-118.29229,San Pedro,California,Los Angeles County,US
37.97353,-122.53109,San Rafael,California,Marin County,US
37.77993,-121.97802,San Ramon,California,Contra Costa County,US
36.70801,-119.55597,Sanger,California,Fresno County,US
33.74557,-117.86783,Santa Ana,California,Orange County,US
34.42083,-119.69819,Santa Barbara,California,Santa Barbara County,US
37.35411,-121.95524,Santa Clara,California,Santa Clara County,US
34.39166,-118.54259,Santa Clarita,California,Los Angeles County,US
36.97412,-122.0308,Santa Cruz,California,Santa Cruz County,US
33.94724,-118.08535,Santa Fe Springs,California,Los Angeles County,US
35.38997,-120.60906,Santa Margarita,California,San Luis Obispo County,US
34.95303,-120.43572,Santa Maria,California,Santa Barbara County,US
34.01945,-118.49119,Santa Monica,California,Los Angeles County,US
34.35417,-119.05927,Santa Paula,California,Ventura County,US
38.44047,-122.71443,Santa Rosa,California,Sonoma County,US
34.27167,-118.70898,Santa Susana,California,Ventura County,US
37.99853,-122.52525,Santa Venetia,California,Marin County,US
34.61443,-120.07987,Santa Ynez,California,Santa Barbara County,US
32.83838,-116.97392,Santee,California,San Diego County,US
37.88492,-122.07607,Saranap,California,Contra Costa County,US
37.26383,-122.02301,Saratoga,California,Santa Clara County,US
34.28306,-119.14983,Saticoy,California,Ventura County,US
37.85909,-122.48525,Sausalito,California,Marin County,US
37.05106,-122.01468,Scotts Valley,California,Santa Cruz County,US
38.71519,-123.45445,Sea Ranch,California,Sonoma County,US
36.97412,-121.91579,Seacliff,California,Santa Cruz County,US
33.74141,-118.10479,Seal Beach,California,Orange County,US
35.76745,-117.40395,Searles Valley,California,San Bernardino County,US
36.61107,-121.85162,Seaside,California,Monterey County,US
38.40214,-122.82388,Sebastopol,California,Sonoma County,US
33.64169,-117.29087,Sedco Hills,California,Riverside County,US
32.79311,-115.69111,Seeley,California,Imperial County,US
36.57078,-119.61208,Selma,California,Fresno County,US
37.28605,-121.83856,Seven Trees,California,Santa Clara County,US
37.61382,-120.99271,Shackelford,California,Stanislaus County,US
35.50051,-119.27178,Shafter,California,Kern County,US
35.65525,-120.37543,Shandon,California,San Luis Obispo County,US
34.15112,-118.44925,Sherman Oaks,California,Los Angeles County,US
38.66574,-120.92605,Shingle Springs,California,El Dorado County,US
34.16167,-118.05285,Sierra Madre,California,Los Angeles County,US
33.80446,-118.16785,Signal Hill,California,Los Angeles County,US
34.26945,-118.78148,Simi Valley,California,Ventura County,US
33.89001,-116.35251,Sky Valley,California,Riverside County,US
38.01048,-122.58442,Sleepy Hollow,California,Marin County,US
39.00101,-122.78916,Soda Bay,California,Lake County,US
32.99115,-117.27115,Solana Beach,California,San Diego County,US
36.42469,-121.32632,Soledad,California,Monterey County,US
34.59582,-120.13765,Solvang,California,Santa Barbara County,US
38.29186,-122.45804,Sonoma,California,Sonoma County,US
37.98409,-120.38214,Sonora,California,Tuolumne County,US
36.98801,-121.95663,Soquel,California,Santa Cruz County,US
37.98465,-120.2638,Soulsbyville,California,Tuolumne County,US
36.96439,-120.65324,South Dos Palos,California,Merced County,US
34.05195,-118.04673,South El Monte,California,Los Angeles County,US
33.95474,-118.21202,South Gate,California,Los Angeles County,US
38.93324,-119.98435,South Lake Tahoe,California,El Dorado County,US
39.49655,-121.55219,South Oroville,California,Butte County,US
34.11612,-118.15035,South Pasadena,California,Los Angeles County,US
37.65466,-122.40775,South San Francisco,California,San Mateo County,US
34.06251,-118.09035,South San Gabriel,California,Los Angeles County,US
34.01279,-117.90478,South San Jose Hills,California,Los Angeles County,US
33.96085,-118.04173,South Whittier,California,Los Angeles County,US
39.11656,-121.63913,South Yuba City,California,Sutter County,US
32.74477,-116.99892,Spring Valley,California,San Diego County,US
36.74023,-119.24679,Squaw Valley,California,Fresno County,US
35.08886,-118.64259,Stallion Springs,California,Kern County,US
37.42411,-122.16608,Stanford,California,Santa Clara County,US
33.80252,-117.99312,Stanton,California,Orange County,US
37.9577,-121.29078,Stockton,California,San Joaquin County,US
36.1894,-119.82319,Stratford,California,Kings County,US
36.14551,-119.06066,Strathmore,California,Tulare County,US
37.89687,-122.50886,Strawberry,California,Marin County,US
38.23825,-122.04024,Suisun,California,Solano County,US
34.42138,-119.59652,Summerland,California,Santa Barbara County,US
33.70919,-117.19726,Sun City,California,Riverside County,US
36.74912,-119.69931,Sunnyside,California,Fresno County,US
34.01196,-117.43338,Sunnyslope,California,Riverside County,US
37.36883,-122.03635,Sunnyvale,California,Santa Clara County,US
39.15989,-121.75275,Sutter,California,Sutter County,US
38.39297,-120.80244,Sutter Creek,California,Amador County,US
35.14247,-119.45651,Taft,California,Kern County,US
35.13469,-119.47262,Taft Heights,California,Kern County,US
39.23991,-120.05102,Tahoe Vista,California,Placer County,US
39.06741,-120.12824,Tahoma,California,Placer County,US
39.13323,-123.16778,Talmage,California,Mendocino County,US
37.87965,-122.54581,Tamalpais Valley,California,Marin County,US
37.99353,-122.31636,Tara Hills,California,Contra Costa County,US
36.79301,-119.70097,Tarpey Village,California,Fresno County,US
35.13219,-118.44897,Tehachapi,California,Kern County,US
33.49364,-117.14836,Temecula,California,Riverside County,US
38.26658,-122.49276,Temelec,California,Sonoma County,US
34.10723,-118.05785,Temple City,California,Los Angeles County,US
35.54969,-120.706,Templeton,California,San Luis Obispo County,US
35.96245,-119.04427,Terra Bella,California,Tulare County,US
33.6403,-116.13945,Thermal,California,Riverside County,US
39.51128,-121.58692,Thermalito,California,Butte County,US
38.22603,-121.42467,Thornton,California,San Joaquin County,US
34.17056,-118.83759,Thousand Oaks,California,Ventura County,US
33.82002,-116.39029,Thousand Palms,California,Riverside County,US
37.87354,-122.45664,Tiburon,California,Marin County,US
39.14878,-121.66691,Tierra Buena,California,Sutter County,US
36.0594,-119.31206,Tipton,California,Tulare County,US
34.09362,-118.60147,Topanga,California,Los Angeles County,US
34.42,-119.56707,Toro Canyon,California,Santa Barbara County,US
33.83585,-118.34063,Torrance,California,Los Angeles County,US
33.66252,-117.59033,Trabuco Canyon,California,Orange County,US
37.73987,-121.42618,Tracy,California,San Joaquin County,US
39.32796,-120.18325,Truckee,California,Nevada County,US
36.20773,-119.34734,Tulare,California,Tulare County,US
37.9627,-120.2413,Tuolumne City,California,Tuolumne County,US
37.49466,-120.84659,Turlock,California,Stanislaus County,US
33.74585,-117.82617,Tustin,California,Orange County,US
33.76446,-117.79394,North Tustin,California,Orange County,US
38.03965,-120.23269,Twain Harte,California,Tuolumne County,US
34.13556,-116.05417,Twentynine Palms,California,San Bernardino County,US
36.96745,-121.99802,Twin Lakes,California,Santa Cruz County,US
39.15017,-123.20778,Ukiah,California,Mendocino County,US
37.59577,-122.01913,Union City,California,Alameda County,US
34.1389,-118.35341,Universal City,California,Los Angeles County,US
34.09751,-117.64839,Upland,California,San Bernardino County,US
39.16461,-122.91055,Upper Lake,California,Lake County,US
38.35658,-121.98774,Vacaville,California,Solano County,US
34.445,-118.65759,Val Verde,California,Los Angeles County,US
34.44361,-118.60953,Valencia,California,Los Angeles County,US
34.04529,-117.94367,Valinda,California,Los Angeles County,US
33.7478,-116.89336,Valle Vista,California,Riverside County,US
38.10409,-122.25664,Vallejo,California,Solano County,US
33.21837,-117.0342,Valley Center,California,San Diego County,US
38.19159,-120.8291,Valley Springs,California,Calaveras County,US
34.18667,-118.44897,Van Nuys,California,Los Angeles County,US
34.70832,-120.46766,Vandenberg Village,California,Santa Barbara County,US
34.27834,-119.29317,Ventura,California,Ventura County,US
34.53611,-117.29116,Victorville,California,San Bernardino County,US
33.81446,-117.81311,Villa Park,California,Orange County,US
34.50055,-118.11646,Vincent,California,Los Angeles County,US
36.33023,-119.29206,Visalia,California,Tulare County,US
33.20004,-117.24254,Vista,California,San Diego County,US
33.6278,-116.21806,Vista Santa Rosa,California,Riverside County,US
37.92631,-122.05552,Waldon,California,Contra Costa County,US
34.02029,-117.86534,Walnut,California,Los Angeles County,US
37.90631,-122.06496,Walnut Creek,California,Contra Costa County,US
38.24214,-121.51162,Walnut Grove,California,Sacramento County,US
33.96807,-118.22507,Walnut Park,California,Los Angeles County,US
37.64132,-120.76048,Waterford,California,Stanislaus County,US
36.91023,-121.75689,Watsonville,California,Santa Cruz County,US
35.23802,-118.9151,Weedpatch,California,Kern County,US
35.66579,-118.29036,Weldon,California,Kern County,US
33.92335,-118.30341,West Athens,California,Los Angeles County,US
33.82168,-118.29257,West Carson,California,Los Angeles County,US
33.8939,-118.27063,West Rancho Dominguez,California,Los Angeles County,US
34.06862,-117.93895,West Covina,California,Los Angeles County,US
34.09001,-118.36174,West Hollywood,California,Los Angeles County,US
37.43355,-122.20302,West Menlo Park,California,San Mateo County,US
36.71023,-119.85126,West Park,California,Fresno County,US
34.05168,-117.9684,West Puente Valley,California,Los Angeles County,US
38.58046,-121.53023,West Sacramento,California,Yolo County,US
34.14584,-118.80565,Westlake Village,California,Los Angeles County,US
33.75918,-118.00673,Westminster,California,Orange County,US
33.9414,-118.3023,Westmont,California,Los Angeles County,US
33.03727,-115.62138,Westmorland,California,Imperial County,US
34.05612,-118.43063,"Westwood, Los Angeles",California,Los Angeles County,US
39.00989,-121.42301,Wheatland,California,Yuba County,US
33.97918,-118.03284,Whittier,California,Los Angeles County,US
33.59891,-117.28004,Wildomar,California,Riverside County,US
39.15461,-122.14942,Williams,California,Colusa County,US
39.40961,-123.35557,Willits,California,Mendocino County,US
33.91696,-118.25507,Willowbrook,California,Los Angeles County,US
39.52433,-122.19359,Willows,California,Glenn County,US
38.41186,-121.27217,Wilton,California,Sacramento County,US
33.70697,-117.08447,Winchester,California,Riverside County,US
38.54713,-122.81638,Windsor,California,Sonoma County,US
38.52491,-121.9708,Winters,California,Yolo County,US
32.83116,-116.93336,Winter Gardens,California,San Diego County,US
37.38938,-120.61325,Winton,California,Merced County,US
35.7069,-118.4562,Wofford Heights,California,Kern County,US
38.0127,-122.64526,Woodacre,California,Marin County,US
38.15408,-121.30134,Woodbridge,California,San Joaquin County,US
33.88224,-117.35727,Woodcrest,California,Riverside County,US
36.41356,-119.09872,Woodlake,California,Tulare County,US
38.67852,-121.7733,Woodland,California,Yolo County,US
34.16834,-118.60592,Woodland Hills,California,Los Angeles County,US
37.42994,-122.25386,Woodside,California,San Mateo County,US
36.09356,-119.199,Woodville,California,Tulare County,US
34.36083,-117.63339,Wrightwood,California,San Bernardino County,US
33.88863,-117.81311,Yorba Linda,California,Orange County,US
37.19106,-119.77265,Yosemite Lakes,California,Madera County,US
38.40158,-122.36081,Yountville,California,Napa County,US
39.14045,-121.61691,Yuba City,California,Sutter County,US
34.03363,-117.04309,Yucaipa,California,San Bernardino County,US
34.11417,-116.43224,Yucca Valley,California,San Bernardino County,US
39.55666,-104.89609,Acres Green,Colorado,Douglas County,US
37.46945,-105.87002,Alamosa,Colorado,Alamosa County,US
39.75778,-105.1625,Applewood,Colorado,Jefferson County,US
39.80276,-105.08748,Arvada,Colorado,Jefferson County,US
39.1911,-106.81754,Aspen,Colorado,Pitkin County,US
39.72943,-104.83192,Aurora,Colorado,Adams County,US
39.63137,-106.52225,Avon,Colorado,Eagle County,US
39.36887,-107.03282,Basalt,Colorado,Eagle County,US
39.44137,-108.02507,Battlement Mesa,Colorado,Garfield County,US
37.22556,-107.59811,Bayfield,Colorado,La Plata County,US
39.75887,-104.42746,Bennett,Colorado,Adams County,US
39.80443,-105.02609,Berkley,Colorado,Adams County,US
39.01305,-104.70081,Black Forest,Colorado,El Paso County,US
39.48165,-106.03835,Breckenridge,Colorado,Summit County,US
39.98526,-104.82053,Brighton,Colorado,Adams County,US
39.92054,-105.08665,Broomfield,Colorado,Broomfield County,US
38.84222,-106.13113,Buena Vista,Colorado,Chaffee County,US
39.30611,-102.26936,Burlington,Colorado,Kit Carson County,US
39.71137,-104.22774,Byers,Colorado,Arapahoe County,US
38.44098,-105.24245,Canon City,Colorado,Fremont County,US
39.40221,-107.21116,Carbondale,Colorado,Garfield County,US
39.53249,-104.90109,Carriage Club,Colorado,Douglas County,US
39.45804,-104.89609,Castle Pines,Colorado,Douglas County,US
39.37221,-104.85609,Castle Rock,Colorado,Douglas County,US
39.58471,-104.90109,Castlewood,Colorado,Arapahoe County,US
38.90165,-107.92645,Cedaredge,Colorado,Delta County,US
39.57916,-104.87692,Centennial,Colorado,Arapahoe County,US
37.75306,-106.10864,Center,Colorado,Saguache County,US
39.80193,-105.51416,Central City,Colorado,Gilpin County,US
39.64165,-104.95943,Cherry Hills Village,Colorado,Arapahoe County,US
38.8214,-102.35324,Cheyenne Wells,Colorado,Cheyenne County,US
38.85861,-104.69886,Cimarron Hills,Colorado,El Paso County,US
39.09193,-108.44898,Clifton,Colorado,Mesa County,US
39.90638,-105.37749,Coal Creek,Colorado,Boulder County,US
37.94529,-104.83526,Colorado City,Colorado,Pueblo County,US
38.83388,-104.82136,Colorado Springs,Colorado,El Paso County,US
39.58777,-105.06943,Columbine,Colorado,Jefferson County,US
39.6011,-105.03221,Columbine Valley,Colorado,Arapahoe County,US
39.80832,-104.93387,Commerce City,Colorado,Adams County,US
37.08835,-106.01974,Conejos,Colorado,Conejos County,US
37.34888,-108.58593,Cortez,Colorado,Montezuma County,US
37.84917,-106.92643,Creede,Colorado,Mineral County,US
38.86971,-106.98782,Crested Butte,Colorado,Gunnison County,US
38.74666,-105.17831,Cripple Creek,Colorado,Teller County,US
37.67889,-106.35337,Del Norte,Colorado,Rio Grande County,US
38.74221,-108.06896,Delta,Colorado,Delta County,US
39.73915,-104.9847,Denver,Colorado,Denver County,US
39.83943,-104.91859,Derby,Colorado,Adams County,US
37.7661,-108.90594,Dove Creek,Colorado,Dolores County,US
37.27528,-107.88007,Durango,Colorado,La Plata County,US
38.48056,-102.78186,Eads,Colorado,Kiowa County,US
39.65526,-106.82865,Eagle,Colorado,Eagle County,US
39.75304,-105.06415,Edgewater,Colorado,Jefferson County,US
39.64499,-106.5942,Edwards,Colorado,Eagle County,US
39.39498,-107.09033,El Jebel,Colorado,Eagle County,US
39.36027,-104.59691,Elizabeth,Colorado,Elbert County,US
38.83833,-104.38691,Ellicott,Colorado,El Paso County,US
39.64777,-104.98776,Englewood,Colorado,Arapahoe County,US
39.63332,-105.31721,Evergreen,Colorado,Jefferson County,US
39.22471,-106.00196,Fairplay,Colorado,Park County,US
39.85137,-104.99859,Federal Heights,Colorado,Adams County,US
38.39028,-105.1186,Florence,Colorado,Fremont County,US
38.73749,-104.78886,Fort Carson,Colorado,El Paso County,US
38.68222,-104.70081,Fountain,Colorado,El Paso County,US
38.12917,-104.02329,Fowler,Colorado,Otero County,US
39.94499,-105.81723,Fraser,Colorado,Grand County,US
39.57443,-106.09752,Frisco,Colorado,Summit County,US
39.15887,-108.72899,Fruita,Colorado,Mesa County,US
39.08165,-108.49676,Fruitvale,Colorado,Mesa County,US
39.68582,-105.27277,Genesee,Colorado,Jefferson County,US
39.7061,-105.6975,Georgetown,Colorado,Clear Creek County,US
39.70499,-104.93359,Glendale,Colorado,Arapahoe County,US
39.04527,-104.82442,Gleneagle,Colorado,El Paso County,US
39.55054,-107.32478,Glenwood Springs,Colorado,Garfield County,US
39.75554,-105.2211,Golden,Colorado,Jefferson County,US
39.06387,-108.55065,Grand Junction,Colorado,Mesa County,US
39.61721,-104.95081,Greenwood Village,Colorado,Arapahoe County,US
38.54582,-106.92532,Gunnison,Colorado,Gunnison County,US
39.64693,-106.95171,Gypsum,Colorado,Eagle County,US
39.55388,-104.96943,Highlands Ranch,Colorado,Douglas County,US
39.1361,-103.46994,Hugo,Colorado,Lincoln County,US
39.74249,-105.51361,Idaho Springs,Colorado,Clear Creek County,US
39.61665,-105.23721,Indian Hills,Colorado,Jefferson County,US
39.57582,-105.11221,Ken Caryl,Colorado,Jefferson County,US
39.59943,-105.98724,Keystone,Colorado,Summit County,US
39.34721,-104.46441,Kiowa,Colorado,Elbert County,US
39.65471,-105.29971,Kittredge,Colorado,Jefferson County,US
37.98501,-103.54383,La Junta,Colorado,Otero County,US
39.9936,-105.08971,Lafayette,Colorado,Boulder County,US
38.03,-107.31533,Lake City,Colorado,Hinsdale County,US
39.70471,-105.08137,Lakewood,Colorado,Jefferson County,US
38.08723,-102.62075,Lamar,Colorado,Prowers County,US
38.06667,-103.22271,Las Animas,Colorado,Bent County,US
39.25082,-106.29252,Leadville,Colorado,Lake County,US
39.26388,-103.69217,Limon,Colorado,Lincoln County,US
38.42916,-105.21999,Lincoln Park,Colorado,Fremont County,US
39.61332,-105.01665,Littleton,Colorado,Arapahoe County,US
39.19581,-108.81316,Loma,Colorado,Mesa County,US
39.55171,-104.8863,Lone Tree,Colorado,Adams County,US
39.97776,-105.13193,Louisville,Colorado,Boulder County,US
37.345,-108.28925,Mancos,Colorado,Montezuma County,US
38.85971,-104.9172,Manitou Springs,Colorado,El Paso County,US
39.55166,-104.85887,Meridian,Colorado,Douglas County,US
39.58637,-106.43086,Minturn,Colorado,Eagle County,US
37.57917,-106.14808,Monte Vista,Colorado,Rio Grande County,US
38.47832,-107.87617,Montrose,Colorado,Montrose County,US
39.09166,-104.87276,Monument,Colorado,El Paso County,US
37.93138,-107.85645,Mountain Village,Colorado,San Miguel County,US
39.96138,-105.51083,Nederland,Colorado,Boulder County,US
39.57276,-107.53644,New Castle,Colorado,Garfield County,US
39.88554,-104.9872,Northglenn,Colorado,Adams County,US
38.60499,-107.98229,Olathe,Colorado,Montrose County,US
39.04304,-108.55232,Orchard Mesa,Colorado,Mesa County,US
38.82832,-107.9709,Orchard City,Colorado,Delta County,US
38.21806,-103.75606,Ordway,Colorado,Crowley County,US
38.02277,-107.67145,Ouray,Colorado,Ouray County,US
37.26945,-107.00976,Pagosa Springs,Colorado,Archuleta County,US
39.11026,-108.35092,Palisade,Colorado,Mesa County,US
39.12221,-104.9172,Palmer Lake,Colorado,El Paso County,US
39.45192,-108.05285,Parachute,Colorado,Garfield County,US
39.5186,-104.76136,Parker,Colorado,Douglas County,US
38.425,-105.02276,Penrose,Colorado,Fremont County,US
39.25666,-104.99248,Perry Park,Colorado,Douglas County,US
39.40832,-104.65108,Ponderosa Park,Colorado,Elbert County,US
38.25445,-104.60914,Pueblo,Colorado,Pueblo County,US
38.35,-104.72275,Pueblo West,Colorado,Pueblo County,US
39.07887,-108.63565,Redlands,Colorado,Mesa County,US
39.5347,-107.78312,Rifle,Colorado,Garfield County,US
38.05251,-103.72023,Rocky Ford,Colorado,Otero County,US
39.47388,-105.08526,Roxborough Park,Colorado,Douglas County,US
38.0875,-106.14197,Saguache,Colorado,Saguache County,US
38.53472,-105.9989,Salida,Colorado,Chaffee County,US
37.20085,-105.4239,San Luis,Colorado,Costilla County,US
39.64693,-105.02526,Sheridan,Colorado,Arapahoe County,US
39.83776,-105.00137,Sherrelwood,Colorado,Adams County,US
39.54859,-107.65617,Silt,Colorado,Garfield County,US
39.63214,-106.07428,Silverthorne,Colorado,Summit County,US
37.81194,-107.66451,Silverton,Colorado,San Juan County,US
39.21304,-106.93782,Snowmass Village,Colorado,Pitkin County,US
39.58721,-104.95276,Southglenn,Colorado,Arapahoe County,US
37.40835,-102.61436,Springfield,Colorado,Baca County,US
39.53082,-104.80386,Stonegate,Colorado,Douglas County,US
39.73832,-104.32329,Strasburg,Colorado,Adams County,US
38.77388,-104.7797,Stratmoor,Colorado,El Paso County,US
39.95276,-105.1686,Superior,Colorado,Boulder County,US
37.93749,-107.81229,Telluride,Colorado,San Miguel County,US
39.45527,-104.73442,The Pinery,Colorado,Douglas County,US
39.86804,-104.97192,Thornton,Colorado,Adams County,US
39.97804,-104.87331,Todd Creek,Colorado,Adams County,US
37.20444,-108.72954,Towaoc,Colorado,Montezuma County,US
37.16946,-104.50054,Trinidad,Colorado,Las Animas County,US
39.82499,-105.0047,Twin Lakes,Colorado,Adams County,US
39.64026,-106.3742,Vail,Colorado,Eagle County,US
37.62418,-104.78026,Walsenburg,Colorado,Huerfano County,US
39.83665,-104.95915,Welby,Colorado,Adams County,US
38.13472,-105.46584,Westcliffe,Colorado,Custer County,US
39.83665,-105.0372,Westminster,Colorado,Adams County,US
39.7661,-105.07721,Wheat Ridge,Colorado,Jefferson County,US
38.99388,-105.05693,Woodland Park,Colorado,Teller County,US
39.10138,-104.84748,Woodmoor,Colorado,El Paso County,US
39.80667,-101.0421,Atwood,Kansas,Rawlins County,US
39.39584,-101.05238,Colby,Kansas,Thomas County,US
37.7528,-100.01708,Dodge City,Kansas,Ford County,US
37.00808,-101.89017,Elkhart,Kansas,Morton County,US
37.97169,-100.87266,Garden City,Kansas,Finney County,US
39.35083,-101.71017,Goodland,Kansas,Sherman County,US
38.95779,-100.48875,Gove,Kansas,Gove County,US
37.98614,-100.98933,Holcomb,Kansas,Finney County,US
39.3575,-100.44181,Hoxie,Kansas,Sheridan County,US
37.1753,-101.3496,Hugoton,Kansas,Stevens County,US
37.57057,-101.751,Johnson,Kansas,Stanton County,US
37.94058,-101.25489,Lakin,Kansas,Kearny County,US
38.47974,-101.35877,Leoti,Kansas,Wichita County,US
37.04308,-100.921,Liberal,Kansas,Seward County,US
37.28558,-100.34015,Meade,Kansas,Meade County,US
39.13334,-100.86376,Oakley,Kansas,Logan County,US
39.81834,-100.5282,Oberlin,Kansas,Decatur County,US
37.2603,-100.59265,Plains,Kansas,Meade County,US
39.77222,-101.7999,Saint Francis,Kansas,Cheyenne County,US
37.43725,-100.97211,Satanta,Kansas,Haskell County,US
38.48252,-100.90709,Scott City,Kansas,Scott County,US
38.89779,-101.75212,Sharon Springs,Kansas,Wallace County,US
37.98057,-101.75267,Syracuse,Kansas,Hamilton County,US
37.48169,-100.84377,Sublette,Kansas,Haskell County,US
38.46974,-101.75267,Tribune,Kansas,Greeley County,US
37.58141,-101.35517,Ulysses,Kansas,Grant County,US
35.65448,-106.02224,Agua Fria,New Mexico,Santa Fe County,US
34.42089,-107.51088,Alamo,New Mexico,Socorro County,US
32.89953,-105.96027,Alamogordo,New Mexico,Otero County,US
35.08449,-106.65114,Albuquerque,New Mexico,Bernalillo County,US
36.39309,-105.28501,Angel Fire,New Mexico,Colfax County,US
32.00399,-106.60583,Anthony,New Mexico,Dona Ana County,US
32.79396,-108.18421,Arenas Valley,New Mexico,Grant County,US
36.51669,-105.56918,Arroyo Seco,New Mexico,Taos County,US
32.84233,-104.4033,Artesia,New Mexico,Eddy County,US
32.76956,-104.38885,Atoka,New Mexico,Eddy County,US
36.82223,-107.99285,Aztec,New Mexico,San Juan County,US
32.76174,-108.1306,Bayard,New Mexico,Grant County,US
34.66284,-106.77642,Belen,New Mexico,Valencia County,US
32.07093,-106.62138,Berino,New Mexico,Dona Ana County,US
35.30004,-106.55114,Bernalillo,New Mexico,Sandoval County,US
35.08837,-108.79119,Black Rock,New Mexico,McKinley County,US
36.71112,-107.98451,Bloomfield,New Mexico,San Juan County,US
32.80703,-105.9861,Boles Acres,New Mexico,Otero County,US
34.85478,-106.7053,Bosque Farms,New Mexico,Valencia County,US
33.54536,-105.5722,Capitan,New Mexico,Lincoln County,US
32.42067,-104.22884,Carlsbad,New Mexico,Eddy County,US
35.06394,-106.45725,Carnuel,New Mexico,Bernalillo County,US
33.64174,-105.87721,Carrizozo,New Mexico,Lincoln County,US
36.90307,-106.57948,Chama,New Mexico,Rio Arriba County,US
32.02376,-106.38566,Chaparral,New Mexico,Dona Ana County,US
36.00391,-105.94697,Chimayo,New Mexico,Rio Arriba County,US
35.53391,-108.5998,Church Rock,New Mexico,McKinley County,US
36.51087,-104.91583,Cimarron,New Mexico,Colfax County,US
36.45169,-103.1841,Clayton,New Mexico,Union County,US
34.4048,-103.20523,Clovis,New Mexico,Curry County,US
31.8276,-107.64002,Columbus,New Mexico,Luna County,US
35.23782,-106.60669,Corrales,New Mexico,Sandoval County,US
35.67808,-108.15118,Crownpoint,New Mexico,McKinley County,US
32.2687,-107.75864,Deming,New Mexico,Luna County,US
33.19733,-104.37302,Dexter,New Mexico,Chaves County,US
32.38954,-106.8139,Dona Ana,New Mexico,Dona Ana County,US
36.93362,-106.99893,Dulce,New Mexico,Rio Arriba County,US
35.06144,-106.19141,Edgewood,New Mexico,Santa Fe County,US
34.727,-106.71086,El Cerro,New Mexico,Valencia County,US
35.88919,-106.07975,El Rancho,New Mexico,Santa Fe County,US
35.9628,-106.02947,El Valle de Arroyo Seco,New Mexico,Santa Fe County,US
35.52642,-105.93474,Eldorado at Santa Fe,New Mexico,Santa Fe County,US
33.14868,-107.18475,Elephant Butte,New Mexico,Sierra County,US
35.99113,-106.08058,Espanola,New Mexico,Rio Arriba County,US
34.75839,-106.05585,Estancia,New Mexico,Torrance County,US
32.43734,-103.15908,Eunice,New Mexico,Lea County,US
36.72806,-108.21869,Farmington,New Mexico,San Juan County,US
36.79445,-108.08035,Flora Vista,New Mexico,San Juan County,US
34.47173,-104.24553,Fort Sumner,New Mexico,De Baca County,US
35.52808,-108.74258,Gallup,New Mexico,McKinley County,US
35.14726,-107.85145,Grants,New Mexico,Cibola County,US
33.11511,-104.32691,Hagerman,New Mexico,Chaves County,US
32.66536,-107.15307,Hatch,New Mexico,Dona Ana County,US
32.70261,-103.13604,Hobbs,New Mexico,Lea County,US
32.69924,-108.13199,Hurley,New Mexico,Grant County,US
32.11318,-103.19351,Jal,New Mexico,Lea County,US
34.61312,-106.76364,Jarales,New Mexico,Valencia County,US
35.61392,-106.72587,Jemez Pueblo,New Mexico,Sandoval County,US
36.73417,-108.3598,Kirtland,New Mexico,San Juan County,US
35.56281,-106.13086,La Cienega,New Mexico,Santa Fe County,US
32.4429,-104.22106,La Huerta,New Mexico,Eddy County,US
32.97787,-105.94193,La Luz,New Mexico,Otero County,US
35.94836,-106.07058,La Mesilla,New Mexico,Rio Arriba County,US
35.98919,-105.99641,La Puebla,New Mexico,Santa Fe County,US
31.95066,-106.66166,La Union,New Mexico,Dona Ana County,US
35.03671,-107.38282,Laguna,New Mexico,Cibola County,US
32.31232,-106.77834,Las Cruces,New Mexico,Dona Ana County,US
35.59393,-105.2239,Las Vegas,New Mexico,San Miguel County,US
35.14866,-106.64697,Lee Acres,New Mexico,Bernalillo County,US
36.69889,-108.03674,Lee Acres,New Mexico,San Juan County,US
35.36533,-103.41079,Logan,New Mexico,Quay County,US
32.35036,-108.70866,Lordsburg,New Mexico,Hidalgo County,US
35.88808,-106.30697,Los Alamos,New Mexico,Los Alamos County,US
34.72571,-106.75726,Los Chavez,New Mexico,Valencia County,US
34.80617,-106.73336,Los Lunas,New Mexico,Valencia County,US
35.16199,-106.6428,Los Ranchos de Albuquerque,New Mexico,Bernalillo County,US
32.28623,-104.09577,Loving,New Mexico,Eddy County,US
32.94401,-103.34855,Lovington,New Mexico,Lea County,US
34.86478,-106.05169,McIntosh,New Mexico,Torrance County,US
34.80144,-106.54363,Meadow Lake,New Mexico,Valencia County,US
33.15759,-105.77415,Mescalero,New Mexico,Otero County,US
32.27009,-106.80084,Mesilla,New Mexico,Dona Ana County,US
32.16454,-106.69666,Mesquite,New Mexico,Dona Ana County,US
35.16976,-107.89089,Milan,New Mexico,Cibola County,US
34.99005,-106.04919,Moriarty,New Mexico,Torrance County,US
35.77698,-103.95664,Mosquero,New Mexico,Harding County,US
35.89336,-105.98252,Nambe,New Mexico,Santa Fe County,US
35.90001,-109.03398,Navajo,New Mexico,McKinley County,US
36.94612,-107.06309,Navajo,New Mexico,Rio Arriba County,US
35.17338,-106.62336,North Valley,New Mexico,Bernalillo County,US
35.2006,-106.70114,Paradise Hills,New Mexico,Bernalillo County,US
35.5742,-105.67502,Pecos,New Mexico,San Miguel County,US
34.837,-106.69058,Peralta,New Mexico,Valencia County,US
35.30698,-106.42475,Placitas,New Mexico,Sandoval County,US
34.97699,-106.32419,Ponderosa Pine,New Mexico,Bernalillo County,US
34.18619,-103.3344,Portales,New Mexico,Roosevelt County,US
36.70391,-105.59501,Questa,New Mexico,Taos County,US
32.5012,-106.92807,Radium Springs,New Mexico,Dona Ana County,US
36.35864,-105.60946,Ranchos de Taos,New Mexico,Taos County,US
36.90336,-104.43915,Raton,New Mexico,Colfax County,US
33.71311,-108.75784,Reserve,New Mexico,Catron County,US
35.23338,-106.66447,Rio Rancho,New Mexico,Sandoval County,US
33.39437,-104.52491,Roswell,New Mexico,Chaves County,US
33.33175,-105.67304,Ruidoso,New Mexico,Lincoln County,US
33.32897,-105.60443,Ruidoso Downs,New Mexico,Lincoln County,US
35.43392,-106.44669,San Felipe Pueblo,New Mexico,Sandoval County,US
32.15538,-106.735,San Miguel,New Mexico,Dona Ana County,US
32.35093,-106.81112,San Ysidro,New Mexico,Dona Ana County,US
35.17699,-106.49141,Sandia Heights,New Mexico,Bernalillo County,US
35.16393,-106.31141,Sandia Knolls,New Mexico,Bernalillo County,US
32.77952,-108.15032,Santa Clara,New Mexico,Grant County,US
35.96558,-106.08863,Santa Clara Pueblo,New Mexico,Rio Arriba County,US
35.68698,-105.9378,Santa Fe,New Mexico,Santa Fe County,US
34.93867,-104.68249,Santa Rosa,New Mexico,Guadalupe County,US
36.15335,-106.67948,Santa Teresa,New Mexico,Rio Arriba County,US
31.85594,-106.63916,Santa Teresa,New Mexico,Dona Ana County,US
35.51476,-106.36586,Santo Domingo Pueblo,New Mexico,Sandoval County,US
36.78555,-108.68703,Shiprock,New Mexico,San Juan County,US
32.77007,-108.28033,Silver City,New Mexico,Grant County,US
34.0584,-106.89142,Socorro,New Mexico,Socorro County,US
35.01005,-106.67808,South Valley,New Mexico,Bernalillo County,US
36.82,-108.05813,Spencerville,New Mexico,San Juan County,US
36.36114,-104.59527,Springer,New Mexico,Colfax County,US
31.7965,-106.57999,Sunland Park,New Mexico,Dona Ana County,US
36.43864,-105.54445,Taos Pueblo,New Mexico,Taos County,US
36.40725,-105.57307,Taos,New Mexico,Taos County,US
34.38869,-103.05134,Texico,New Mexico,Curry County,US
35.40253,-108.2234,Thoreau,New Mexico,McKinley County,US
36.70029,-106.54976,Tierra Amarilla,New Mexico,Rio Arriba County,US
34.74089,-106.72836,Tome,New Mexico,Valencia County,US
33.1284,-107.25281,Truth or Consequences,New Mexico,Sierra County,US
35.17191,-103.72686,Tucumcari,New Mexico,Quay County,US
33.07397,-106.0186,Tularosa,New Mexico,Otero County,US
35.70919,-108.77481,Twin Lakes,New Mexico,McKinley County,US
32.28343,-106.75334,University Park,New Mexico,Dona Ana County,US
36.71584,-108.31424,Upper Fruitland,New Mexico,San Juan County,US
32.11176,-106.6625,Vado,New Mexico,Dona Ana County,US
34.7995,-106.7003,Valencia,New Mexico,Valencia County,US
36.75972,-108.48175,Waterflow,New Mexico,San Juan County,US
35.82753,-106.20391,White Rock,New Mexico,Los Alamos County,US
32.38093,-106.47944,White Sands,New Mexico,Dona Ana County,US
35.07253,-108.85064,Zuni Pueblo,New Mexico,McKinley County,US
37.36496,-115.16446,Alamo,Nevada,Lincoln County,US
35.97859,-114.83249,Boulder City,Nevada,Clark County,US
36.77303,-114.12802,Bunkerville,Nevada,Clark County,US
37.61496,-114.51194,Caliente,Nevada,Lincoln County,US
39.1638,-119.7674,Carson City,Nevada,Carson City,US
39.68019,-119.97659,Cold Springs,Nevada,Washoe County,US
39.23714,-119.59295,Dayton,Nevada,Lyon County,US
39.24744,-114.88863,Ely,Nevada,White Pine County,US
36.02525,-115.24194,Enterprise,Nevada,Clark County,US
39.51271,-115.96061,Eureka,Nevada,Eureka County,US
39.47353,-118.77737,Fallon,Nevada,Churchill County,US
39.60797,-119.25183,Fernley,Nevada,Lyon County,US
38.9413,-119.74962,Gardnerville,Nevada,Douglas County,US
38.88824,-119.74129,Gardnerville Ranchos,Nevada,Douglas County,US
39.61547,-119.82658,Golden Valley,Nevada,Washoe County,US
37.70854,-117.23563,Goldfield,Nevada,Esmeralda County,US
38.52464,-118.62458,Hawthorne,Nevada,Mineral County,US
36.0397,-114.98194,Henderson,Nevada,Clark County,US
39.2513,-119.97297,Incline Village,Nevada,Washoe County,US
39.04796,-119.72212,Johnson Lane,Nevada,Douglas County,US
38.97713,-119.90685,Kingsbury,Nevada,Douglas County,US
36.17497,-115.13722,Las Vegas,Nevada,Clark County,US
35.16778,-114.57302,Laughlin,Nevada,Clark County,US
39.63602,-119.84325,Lemmon Valley,Nevada,Washoe County,US
39.40494,-114.77863,McGill,Nevada,White Pine County,US
36.80553,-114.06719,Mesquite,Nevada,Clark County,US
38.95407,-119.76573,Minden,Nevada,Douglas County,US
36.68219,-114.59416,Moapa Town,Nevada,Clark County,US
36.58053,-114.47026,Moapa Valley,Nevada,Clark County,US
39.5138,-119.92603,Mogul,Nevada,Washoe County,US
36.19886,-115.1175,North Las Vegas,Nevada,Clark County,US
36.20829,-115.98391,Pahrump,Nevada,Nye County,US
36.09719,-115.14666,Paradise,Nevada,Clark County,US
37.92969,-114.45221,Pioche,Nevada,Lincoln County,US
39.52963,-119.8138,Reno,Nevada,Washoe County,US
35.81692,-115.63223,Sandy Valley,Nevada,Clark County,US
39.41547,-119.22461,Silver Springs,Nevada,Lyon County,US
38.80047,-119.32738,Smith,Nevada,Lyon County,US
39.64908,-119.70741,Spanish Springs,Nevada,Washoe County,US
39.53491,-119.75269,Sparks,Nevada,Washoe County,US
36.10803,-115.245,Spring Valley,Nevada,Clark County,US
39.3738,-119.37406,Stagecoach,Nevada,Lyon County,US
39.5963,-119.77602,Sun Valley,Nevada,Washoe County,US
36.21108,-115.07306,Sunrise Manor,Nevada,Clark County,US
38.06716,-117.23008,Tonopah,Nevada,Nye County,US
39.51824,-119.98881,Verdi,Nevada,Washoe County,US
39.30963,-119.64962,Virginia City,Nevada,Storey County,US
36.07081,-115.08416,Whitney,Nevada,Clark County,US
36.12997,-115.11889,Winchester,Nevada,Clark County,US
38.98575,-119.16293,Yerington,Nevada,Lyon County,US
36.81614,-100.51987,Beaver,Oklahoma,Beaver County,US
36.72947,-102.51324,Boise City,Oklahoma,Cimarron County,US
36.5953,-101.63655,Goodwell,Oklahoma,Texas County,US
36.6828,-101.48155,Guymon,Oklahoma,Texas County,US
36.86003,-101.2135,Hooker,Oklahoma,Texas County,US
33.8323,-101.84295,Abernathy,Texas,Lubbock County,US
31.65511,-106.13887,Agua Dulce,Texas,El Paso County,US
30.35862,-103.66206,Alpine,Texas,Brewster County,US
35.222,-101.8313,Amarillo,Texas,Potter County,US
32.31872,-102.54572,Andrews,Texas,Andrews County,US
31.99927,-106.60555,Anthony,Texas,El Paso County,US
33.13343,-100.22733,Aspermont,Texas,Stonewall County,US
31.19154,-101.46039,Big Lake,Texas,Reagan County,US
32.2504,-101.47874,Big Spring,Texas,Howard County,US
36.45336,-100.53737,Booker,Texas,Lipscomb County,US
35.66782,-101.39739,Borger,Texas,Hutchinson County,US
34.51368,-102.883,Bovina,Texas,Parmer County,US
29.31051,-100.41786,Brackettville,Texas,Kinney County,US
33.1812,-102.27435,Brownfield,Texas,Terry County,US
35.192,-102.06464,Bushland,Texas,Potter County,US
36.05226,-102.0024,Cactus,Texas,Moore County,US
35.91282,-100.38208,Canadian,Texas,Hemphill County,US
31.91149,-106.60027,Canutillo,Texas,El Paso County,US
34.98033,-101.9188,Canyon,Texas,Randall County,US
35.68365,-102.3302,Channing,Texas,Hartley County,US
34.42645,-100.204,Childress,Texas,Childress County,US
29.36745,-100.94371,Cienegas Terrace,Texas,Val Verde County,US
34.93783,-100.8882,Clarendon,Texas,Donley County,US
35.11172,-101.36322,Claude,Texas,Armstrong County,US
32.38817,-100.86456,Colorado City,Texas,Mitchell County,US
31.39736,-102.35014,Crane,Texas,Crane County,US
33.66008,-101.23793,Crosbyton,Texas,Crosby County,US
36.05948,-102.51325,Dalhart,Texas,Dallam County,US
29.36273,-100.89676,Del Rio,Texas,Val Verde County,US
32.96455,-102.8291,Denver City,Texas,Yoakum County,US
33.62175,-100.83652,Dickens,Texas,Dickens County,US
34.5509,-102.31186,Dimmitt,Texas,Castro County,US
35.86559,-101.97324,Dumas,Texas,Moore County,US
28.70914,-100.49952,Eagle Pass,Texas,Maverick County,US
34.23314,-102.41075,Earth,Texas,Lamb County,US
28.6772,-100.48702,Eidson Road,Texas,Maverick County,US
31.75872,-106.48693,El Paso,Texas,El Paso County,US
30.86017,-100.60093,Eldorado,Texas,Schleicher County,US
28.77442,-100.49174,Elm Creek,Texas,Maverick County,US
31.50234,-106.15859,Fabens,Texas,El Paso County,US
34.38341,-103.038,Farwell,Texas,Parmer County,US
33.98452,-101.33766,Floydada,Texas,Floyd County,US
29.30607,-100.42202,Fort Clark Springs,Texas,Kinney County,US
30.58821,-103.89463,Fort Davis,Texas,Jeff Davis County,US
31.29846,-105.84525,Fort Hancock,Texas,Hudspeth County,US
30.89404,-102.87932,Fort Stockton,Texas,Pecos County,US
34.64173,-102.7241,Friona,Texas,Parmer County,US
35.63977,-101.60323,Fritch,Texas,Hutchinson County,US
32.77038,-101.44541,Gail,Texas,Borden County,US
31.86402,-101.48123,Garden City,Texas,Glasscock County,US
32.0204,-102.38015,Gardendale,Texas,Ector County,US
31.57932,-100.5476,Grape Creek,Texas,Tom Green County,US
33.62064,-100.32289,Guthrie,Texas,King County,US
34.06424,-101.84379,Hale Center,Texas,Hale County,US
32.88483,-100.12649,Hamlin,Texas,Fisher County,US
34.38507,-102.11574,Hart,Texas,Castro County,US
34.81506,-102.3977,Hereford,Texas,Deaf Smith County,US
31.84963,-106.17285,Homestead Meadows North,Texas,El Paso County,US
31.81097,-106.16427,Homestead Meadows South,Texas,El Paso County,US
31.69261,-106.20748,Horizon City,Texas,El Paso County,US
33.66647,-101.68294,Idalou,Texas,Lubbock County,US
30.91405,-101.89791,Iraan,Texas,Pecos County,US
33.24815,-100.57373,Jayton,Texas,Kent County,US
31.85763,-103.09267,Kermit,Texas,Winkler County,US
32.7376,-101.95099,Lamesa,Texas,Dawson County,US
28.69053,-100.46869,Las Quintas Fronterizas,Texas,Maverick County,US
28.69137,-100.46924,Las Quintas Fronterizas Colonia,Texas,Maverick County,US
33.58732,-102.37796,Levelland,Texas,Hockley County,US
33.91731,-102.3249,Littlefield,Texas,Lamb County,US
34.12452,-101.44155,Lockney,Texas,Floyd County,US
33.67064,-101.53516,Lorenzo,Texas,Crosby County,US
33.57786,-101.85517,Lubbock,Texas,Lubbock County,US
30.30973,-104.02134,Marfa,Texas,Presidio County,US
34.01202,-100.82208,Matador,Texas,Motley County,US
31.13598,-102.2243,McCamey,Texas,Upton County,US
34.72478,-100.53401,Memphis,Texas,Hall County,US
31.70513,-103.59935,Mentone,Texas,Loving County,US
32.47068,-100.01287,Merkel,Texas,Taylor County,US
31.26183,-100.81733,Mertzon,Texas,Irion County,US
35.69143,-100.63819,Miami,Texas,Roberts County,US
31.99735,-102.07791,Midland,Texas,Midland County,US
31.5943,-102.89265,Monahans,Texas,Ward County,US
33.7251,-102.75938,Morton,Texas,Cochran County,US
34.22647,-102.72383,Muleshoe,Texas,Bailey County,US
31.84568,-102.36764,Odessa,Texas,Ector County,US
34.18341,-102.13463,Olton,Texas,Lamb County,US
30.71017,-101.20067,Ozona,Texas,Crockett County,US
34.0123,-100.30206,Paducah,Texas,Cottle County,US
35.53616,-100.95987,Pampa,Texas,Gray County,US
35.3456,-101.38044,Panhandle,Texas,Carson County,US
31.42291,-103.49323,Pecos,Texas,Reeves County,US
36.40003,-100.80265,Perryton,Texas,Ochiltree County,US
33.86952,-101.59739,Petersburg,Texas,Hale County,US
33.18871,-102.82799,Plains,Texas,Yoakum County,US
34.18479,-101.70684,Plainview,Texas,Hale County,US
33.19122,-101.379,Post,Texas,Garza County,US
29.56074,-104.37215,Presidio,Texas,Presidio County,US
31.22265,-101.93791,Rankin,Texas,Upton County,US
33.53342,-101.67961,Ransom Canyon,Texas,Lubbock County,US
31.89237,-100.48482,Robert Lee,Texas,Coke County,US
32.74483,-100.37761,Roby,Texas,Fisher County,US
30.01576,-100.20536,Rocksprings,Texas,Edwards County,US
32.44595,-100.53872,Roscoe,Texas,Nolan County,US
28.65644,-100.42218,Rosita North,Texas,Maverick County,US
28.62375,-100.42837,Rosita South,Texas,Maverick County,US
32.85205,-100.46566,Rotan,Texas,Fisher County,US
31.46377,-100.43704,San Angelo,Texas,Tom Green County,US
31.58511,-106.27276,San Elizario,Texas,El Paso County,US
30.14241,-102.39403,Sanderson,Texas,Terrell County,US
32.94427,-102.56491,Seagraves,Texas,Gaines County,US
32.71899,-102.64491,Seminole,Texas,Gaines County,US
34.21174,-101.69017,Seth Ward,Texas,Hale County,US
33.68897,-101.99823,Shallowater,Texas,Lubbock County,US
35.21422,-100.24901,Shamrock,Texas,Wheeler County,US
31.17457,-105.35718,Sierra Blanca,Texas,Hudspeth County,US
34.47423,-101.30461,Silverton,Texas,Briscoe County,US
33.43731,-101.64349,Slaton,Texas,Lubbock County,US
32.71789,-100.91762,Snyder,Texas,Scurry County,US
31.65456,-106.30331,Socorro,Texas,El Paso County,US
31.63622,-106.29054,Socorro Mission Number 1 Colonia,Texas,El Paso County,US
30.56685,-100.64343,Sonora,Texas,Sutton County,US
31.67261,-106.2397,Sparks,Texas,El Paso County,US
36.19837,-101.19238,Spearman,Texas,Hansford County,US
32.12929,-101.78846,Stanton,Texas,Martin County,US
31.83625,-100.98483,Sterling City,Texas,Sterling County,US
35.82698,-101.44294,Stinnett,Texas,Hutchinson County,US
36.33614,-102.07212,Stratford,Texas,Sherman County,US
33.45621,-102.48936,Sundown,Texas,Hockley County,US
36.0167,-101.82462,Sunray,Texas,Moore County,US
32.47095,-100.40594,Sweetwater,Texas,Nolan County,US
33.16676,-101.79377,Tahoka,Texas,Lynn County,US
31.4454,-106.08831,Tornillo,Texas,El Paso County,US
34.53589,-101.75852,Tulia,Texas,Swisher County,US
29.37495,-100.83176,Val Verde Park,Texas,Val Verde County,US
31.04029,-104.83073,Van Horn,Texas,Culberson County,US
35.24283,-102.42826,Vega,Texas,Oldham County,US
31.95121,-106.60249,Vinton,Texas,El Paso County,US
34.85617,-100.21373,Wellington,Texas,Collingsworth County,US
31.84235,-102.49876,West Odessa,Texas,Ector County,US
31.95871,-106.57805,Westway,Texas,El Paso County,US
35.44533,-100.27096,Wheeler,Texas,Wheeler County,US
33.50592,-102.00906,Wolfforth,Texas,Lubbock County,US
38.92219,-111.93409,Aurora,Utah,Sevier County,US
38.27691,-112.64105,Beaver,Utah,Beaver County,US
37.62416,-109.47818,Blanding,Utah,San Juan County,US
39.61996,-110.83433,Carbonville,Utah,Carbon County,US
39.21219,-111.01961,Castle Dale,Utah,Emery County,US
37.67748,-113.06189,Cedar City,Utah,Iron County,US
39.35218,-112.57717,Delta,Utah,Millard County,US
39.54774,-110.41488,East Carbon City,Utah,Carbon County,US
37.77331,-113.02439,Enoch,Utah,Iron County,US
39.35968,-111.58631,Ephraim,Utah,Sanpete County,US
37.57359,-113.71913,Enterprise,Utah,Washington County,US
39.62635,-111.43963,Fairview,Utah,Sanpete County,US
39.09358,-111.13322,Ferron,Utah,Emery County,US
38.96885,-112.32355,Fillmore,Utah,Millard County,US
39.62996,-111.6352,Fountain Green,Utah,Sanpete County,US
39.99634,-111.84327,Genola,Utah,Utah County,US
39.15524,-111.81826,Gunnison,Utah,Sanpete County,US
39.68413,-110.85461,Helper,Utah,Carbon County,US
37.0036,-112.96688,Hildale,Utah,Washington County,US
39.32664,-110.96461,Huntington,Utah,Emery County,US
37.17526,-113.28995,Hurricane,Utah,Washington County,US
37.16859,-113.67941,Ivins,Utah,Washington County,US
38.23748,-112.21993,Junction,Utah,Piute County,US
37.04749,-112.52631,Kanab,Utah,Kane County,US
37.20109,-113.26967,LaVerkin,Utah,Washington County,US
38.40276,-111.64296,Loa,Utah,Wayne County,US
39.2683,-111.63686,Manti,Utah,Sanpete County,US
38.39691,-113.01079,Milford,Utah,Beaver County,US
38.57332,-109.54984,Moab,Utah,Grand County,US
38.62997,-112.12076,Monroe,Utah,Sevier County,US
37.87138,-109.34289,Monticello,Utah,San Juan County,US
39.52496,-111.59047,Moroni,Utah,Sanpete County,US
39.54691,-111.45547,Mount Pleasant,Utah,Sanpete County,US
39.71023,-111.83632,Nephi,Utah,Juab County,US
39.22719,-111.0535,Orangeville,Utah,Emery County,US
37.82276,-112.43576,Panguitch,Utah,Garfield County,US
37.8422,-112.828,Parowan,Utah,Iron County,US
39.59941,-110.81071,Price,Utah,Carbon County,US
38.77247,-112.08409,Richfield,Utah,Sevier County,US
37.10415,-113.58412,Saint George,Utah,Washington County,US
38.95774,-111.85993,Salina,Utah,Sevier County,US
37.13304,-113.65413,Santa Clara,Utah,Washington County,US
39.97551,-111.78521,Santaquin,Utah,Utah County,US
39.65941,-110.85349,Spring Glen,Utah,Carbon County,US
37.25332,-113.28467,Toquerville,Utah,Washington County,US
37.13054,-113.50829,Washington,Utah,Washington County,US
39.54247,-110.73543,Wellington,Utah,Carbon County,US
34.86724,-111.80543,West Sedona,Arizona,Yavapai County,US
38.97962,-121.37551,Sheridan,California,Placer County,US
36.43884,-118.90454,Three Rivers,California,Tulare County,US
35.59412,-119.34095,Wasco,California,Kern County,US
37.36104,-118.45511,West Bishop,California,Inyo County,US
38.86832,-107.592,Paonia,Colorado,Delta County,US
37.80669,-100.3482,Cimarron,Kansas,Gray County,US
35.8928,-106.02308,Pojoaque,New Mexico,Santa Fe County,US
36.90856,-116.75923,Beatty,Nevada,Nye County,US
39.08602,-119.78407,Indian Hills,Nevada,Douglas County,US
33.8112,-102.16379,Anton,Texas,Hockley County,US
36.26503,-101.40627,Gruver,Texas,Hansford County,US
33.67425,-101.38766,Ralls,Texas,Crosby County,US
33.47648,-100.85569,Spur,Texas,Dickens County,US
39.12524,-111.81909,Centerfield,Utah,Sanpete County,US
32.37172,-112.86071,Ajo,Arizona,Pima County,US
33.86726,-112.14682,Anthem,Arizona,Maricopa County,US
33.41505,-111.54958,Apache Junction,Arizona,Pinal County,US
31.72731,-111.0612,Arivaca Junction,Arizona,Pima County,US
32.75589,-111.67096,Arizona City,Arizona,Pinal County,US
33.4356,-112.3496,Avondale,Arizona,Maricopa County,US
32.43785,-111.31539,Avra Valley,Arizona,Pima County,US
34.5757,-113.17626,Bagdad,Arizona,Yavapai County,US
36.89942,-113.93274,Beaver Dam,Arizona,Mohave County,US
31.96786,-110.29452,Benson,Arizona,Cochise County,US
34.7803,-111.76265,Big Park,Arizona,Yavapai County,US
40.07582,-102.22325,Wray,Colorado,Yuma County,US
47.8124,-116.89659,Rathdrum,Idaho,Kootenai County,US
58.30194,-134.41972,Juneau,Alaska,Juneau City and Borough,US
46.91807,-104.00437,Beach,North Dakota,Golden Valley County,US
55.34225,-131.64784,Ketchikan,Alaska,Ketchikan Gateway Borough,US
40.60439,-111.82938,Little Cottonwood Creek Valley,Utah,Salt Lake County,US
40.05301,-111.67354,Salem,Utah,Utah County,US
41.63854,-111.93383,Wellsville,Utah,Cache County,US
47.32621,-122.18151,Lea Hill,Washington,King County,US
55.12917,-131.57222,Metlakatla,Alaska,Annette Island Reserve,US
56.8125,-132.95556,Petersburg,Alaska,Wrangell-Petersburg Census Area,US
57.05315,-135.33088,Sitka,Alaska,Sitka City and Borough,US
56.47083,-132.37667,Wrangell,Alaska,City and Borough of Wrangell,US
41.48711,-120.54246,Alturas,California,Modoc County,US
40.44821,-122.29778,Anderson,California,Shasta County,US
40.86652,-124.08284,Arcata,California,Humboldt County,US
40.84235,-124.06367,Bayside,California,Humboldt County,US
40.77263,-124.18395,Bayview,California,Humboldt County,US
40.64071,-122.2325,Bella Vista,California,Shasta County,US
40.88291,-123.98395,Blue Lake,California,Humboldt County,US
40.88238,-121.66082,Burney,California,Shasta County,US
40.68043,-122.37112,Central Valley (historical),California,Shasta County,US
40.30627,-121.23191,Chester,California,Plumas County,US
40.38571,-122.28084,Cottonwood,California,Shasta County,US
41.75595,-124.20175,Crescent City,California,Del Norte County,US
40.76985,-124.14284,Cutten,California,Humboldt County,US
41.20821,-122.27195,Dunsmuir,California,Siskiyou County,US
40.80207,-124.16367,Eureka,California,Humboldt County,US
40.57624,-124.26394,Ferndale,California,Humboldt County,US
40.59819,-124.15728,Fortuna,California,Humboldt County,US
40.05627,-122.15027,Gerber,California,Tehama County,US
40.13961,-120.95107,Greenville,California,Plumas County,US
41.79275,-123.3808,Happy Camp,California,Siskiyou County,US
40.55431,-123.18308,Hayfork,California,Trinity County,US
40.72596,-124.18978,Humboldt Hill,California,Humboldt County,US
40.54763,-124.09727,Hydesville,California,Humboldt County,US
40.29656,-120.52411,Janesville,California,Lassen County,US
40.38434,-120.58745,Johnstonville,California,Lassen County,US
40.70737,-122.80752,Lewiston,California,Trinity County,US
40.02127,-122.10027,Los Molinos,California,Tehama County,US
41.25571,-122.13945,McCloud,California,Siskiyou County,US
40.94652,-124.10062,McKinleyville,California,Humboldt County,US
41.7282,-122.5278,Montague,California,Siskiyou County,US
41.31024,-122.31225,Mount Shasta,California,Siskiyou County,US
40.78874,-124.13034,Myrtletown,California,Humboldt County,US
40.56376,-122.23889,Palo Cedro,California,Shasta County,US
40.73318,-124.15228,Pine Hills,California,Humboldt County,US
40.17849,-122.23583,Red Bluff,California,Tehama County,US
40.58654,-122.39168,Redding,California,Shasta County,US
40.12014,-123.82336,Redway,California,Humboldt County,US
40.4993,-124.10644,Rio Dell,California,Humboldt County,US
40.59932,-122.49196,Shasta,California,Shasta County,US
40.68043,-122.37084,Shasta Lake,California,Shasta County,US
40.49238,-121.88916,Shingletown,California,Shasta County,US
40.41628,-120.65301,Susanville,California,Lassen County,US
41.95599,-121.47749,Tulelake,California,Siskiyou County,US
40.73098,-122.94197,Weaverville,California,Trinity County,US
41.42265,-122.38613,Weed,California,Siskiyou County,US
40.306,-121.00579,Westwood,California,Lassen County,US
40.93958,-123.63144,Willow Creek,California,Humboldt County,US
41.73542,-122.63447,Yreka,California,Siskiyou County,US
40.16054,-103.21438,Akron,Colorado,Washington County,US
40.10915,-104.76247,Aristocrat Ranchettes,Colorado,Weld County,US
40.58248,-104.73191,Ault,Colorado,Weld County,US
40.30832,-105.08109,Berthoud,Colorado,Larimer County,US
40.01499,-105.27055,Boulder,Colorado,Boulder County,US
40.25887,-103.62384,Brush,Colorado,Morgan County,US
40.34943,-105.07776,Campion,Colorado,Larimer County,US
40.51525,-107.54645,Craig,Colorado,Moffat County,US
40.08471,-104.93942,Dacono,Colorado,Weld County,US
40.53026,-104.71135,Eaton,Colorado,Weld County,US
40.05026,-105.04998,Erie,Colorado,Boulder County,US
40.37721,-105.52167,Estes Park,Colorado,Larimer County,US
40.37637,-104.69219,Evans,Colorado,Weld County,US
40.11248,-104.93664,Firestone,Colorado,Weld County,US
40.58526,-105.08442,Fort Collins,Colorado,Larimer County,US
40.08471,-104.81303,Fort Lupton,Colorado,Weld County,US
40.25026,-103.79995,Fort Morgan,Colorado,Morgan County,US
40.09915,-104.9372,Frederick,Colorado,Weld County,US
40.28193,-104.77775,Gilcrest,Colorado,Weld County,US
40.0861,-105.93946,Granby,Colorado,Grand County,US
40.42331,-104.70913,Greeley,Colorado,Weld County,US
40.49529,-107.25729,Hayden,Colorado,Routt County,US
40.58444,-102.30241,Holyoke,Colorado,Phillips County,US
40.07304,-106.1028,Hot Sulphur Springs,Colorado,Grand County,US
40.07359,-104.64302,Hudson,Colorado,Weld County,US
40.33693,-104.9122,Johnstown,Colorado,Weld County,US
40.98833,-102.26435,Julesburg,Colorado,Sedgwick County,US
40.10832,-104.51996,Keenesburg,Colorado,Weld County,US
40.38748,-104.56163,Kersey,Colorado,Weld County,US
40.05887,-106.38892,Kremmling,Colorado,Grand County,US
40.34887,-104.70191,La Salle,Colorado,Weld County,US
40.62637,-105.13776,Laporte,Colorado,Larimer County,US
40.00721,-104.71608,Lochbuie,Colorado,Weld County,US
40.16721,-105.10193,Longmont,Colorado,Boulder County,US
40.39776,-105.07498,Loveland,Colorado,Larimer County,US
40.22471,-105.27138,Lyons,Colorado,Boulder County,US
40.23332,-104.99859,Mead,Colorado,Weld County,US
40.03747,-107.91313,Meeker,Colorado,Rio Blanco County,US
40.32943,-104.85525,Milliken,Colorado,Weld County,US
40.10387,-105.17082,Niwot,Colorado,Boulder County,US
40.21498,-104.82275,Platteville,Colorado,Weld County,US
40.08748,-108.80483,Rangely,Colorado,Rio Blanco County,US
40.52415,-104.85108,Severance,Colorado,Weld County,US
40.48498,-106.83172,Steamboat Springs,Colorado,Routt County,US
40.62554,-103.20771,Sterling,Colorado,Logan County,US
40.73164,-106.28364,Walden,Colorado,Jackson County,US
40.70387,-105.00859,Wellington,Colorado,Larimer County,US
40.47748,-104.90136,Windsor,Colorado,Weld County,US
40.12221,-102.72521,Yuma,Colorado,Yuma County,US
42.94408,-112.83833,Aberdeen,Idaho,Bingham County,US
42.78602,-112.85444,American Falls,Idaho,Power County,US
43.46964,-111.96664,Ammon,Idaho,Bonneville County,US
43.63657,-113.30028,Arco,Idaho,Butte County,US
44.07158,-111.44829,Ashton,Idaho,Fremont County,US
43.46352,-114.2606,Bellevue,Idaho,Blaine County,US
43.19047,-112.34498,Blackfoot,Idaho,Bingham County,US
43.6135,-116.20345,Boise,Idaho,Ada County,US
48.69133,-116.31631,Bonners Ferry,Idaho,Boundary County,US
42.59907,-114.75949,Buhl,Idaho,Twin Falls County,US
42.53574,-113.79279,Burley,Idaho,Cassia County,US
43.66294,-116.68736,Caldwell,Idaho,Canyon County,US
44.51628,-116.0418,Cascade,Idaho,Valley County,US
44.50464,-114.23173,Challis,Idaho,Custer County,US
42.92075,-112.46609,Chubbuck,Idaho,Bannock County,US
47.67768,-116.78047,Coeur d'Alene,Idaho,Kootenai County,US
44.72989,-116.4382,Council,Idaho,Adams County,US
47.72963,-116.77019,Dalton Gardens,Idaho,Kootenai County,US
43.72325,-111.11133,Driggs,Idaho,Teton County,US
44.1763,-112.23082,Dubois,Idaho,Clark County,US
43.69544,-116.35401,Eagle,Idaho,Ada County,US
43.8735,-116.4993,Emmett,Idaho,Gem County,US
43.34657,-114.79173,Fairfield,Idaho,Camas County,US
42.57019,-114.60782,Filer,Idaho,Twin Falls County,US
43.03325,-112.43831,Fort Hall,Idaho,Bingham County,US
44.00766,-116.91655,Fruitland,Idaho,Payette County,US
43.62211,-116.23817,Garden City,Idaho,Ada County,US
42.9549,-115.3009,Glenns Ferry,Idaho,Elmore County,US
42.93879,-114.71311,Gooding,Idaho,Gooding County,US
45.92655,-116.12237,Grangeville,Idaho,Idaho County,US
43.51963,-114.31532,Hailey,Idaho,Blaine County,US
42.53068,-114.30101,Hansen,Idaho,Twin Falls County,US
47.76602,-116.78658,Hayden,Idaho,Kootenai County,US
42.55852,-113.7639,Heyburn,Idaho,Minidoka County,US
43.61766,-116.93376,Homedale,Idaho,Owyhee County,US
43.8285,-115.83455,Idaho City,Idaho,Boise County,US
43.46658,-112.03414,Idaho Falls,Idaho,Bonneville County,US
43.5263,-111.93302,Iona,Idaho,Bonneville County,US
42.72407,-114.51865,Jerome,Idaho,Jerome County,US
46.22712,-116.02931,Kamiah,Idaho,Lewis County,US
47.53826,-116.11933,Kellogg,Idaho,Shoshone County,US
43.68074,-114.36366,Ketchum,Idaho,Blaine County,US
42.5338,-114.36476,Kimberly,Idaho,Twin Falls County,US
43.49183,-116.42012,Kuna,Idaho,Ada County,US
46.40489,-116.80487,Lapwai,Idaho,Nez Perce County,US
46.41655,-117.01766,Lewiston,Idaho,Nez Perce County,US
46.38044,-116.97543,Lewiston Orchards,Idaho,Nez Perce County,US
43.51297,-111.96441,Lincoln,Idaho,Bonneville County,US
42.19159,-112.2508,Malad City,Idaho,Oneida County,US
43.54544,-116.8132,Marsing,Idaho,Owyhee County,US
44.91101,-116.09874,McCall,Idaho,Valley County,US
43.61211,-116.39151,Meridian,Idaho,Ada County,US
43.70683,-116.62014,Middleton,Idaho,Canyon County,US
42.32215,-111.2977,Montpelier,Idaho,Bear Lake County,US
43.22269,-112.44248,Moreland,Idaho,Bingham County,US
46.73239,-117.00017,Moscow,Idaho,Latah County,US
43.13295,-115.6912,Mountain Home,Idaho,Elmore County,US
43.21822,-116.55234,Murphy,Idaho,Owyhee County,US
43.54072,-116.56346,Nampa,Idaho,Canyon County,US
43.96989,-116.81904,New Plymouth,Idaho,Payette County,US
46.23489,-116.2407,Nezperce,Idaho,Lewis County,US
46.47935,-116.25514,Orofino,Idaho,Clearwater County,US
47.50604,-115.99933,Osburn,Idaho,Shoshone County,US
42.22715,-111.40104,Paris,Idaho,Bear Lake County,US
43.78516,-116.94321,Parma,Idaho,Canyon County,US
42.60796,-113.78335,Paul,Idaho,Minidoka County,US
44.07822,-116.93377,Payette,Idaho,Payette County,US
47.53881,-116.23739,Pinehurst,Idaho,Shoshone County,US
47.33518,-116.88851,Plummer,Idaho,Benewah County,US
42.8713,-112.44553,Pocatello,Idaho,Bannock County,US
48.30548,-116.5338,Ponderay,Idaho,Bonner County,US
47.71796,-116.95159,Post Falls,Idaho,Kootenai County,US
42.09631,-111.87662,Preston,Idaho,Franklin County,US
48.18097,-116.91157,Priest River,Idaho,Bonner County,US
43.82602,-111.78969,Rexburg,Idaho,Madison County,US
43.67241,-111.91497,Rigby,Idaho,Jefferson County,US
42.61908,-113.67723,Rupert,Idaho,Minidoka County,US
43.9663,-111.68218,Saint Anthony,Idaho,Fremont County,US
47.31435,-116.56267,Saint Maries,Idaho,Benewah County,US
45.17575,-113.8959,Salmon,Idaho,Lemhi County,US
48.27659,-116.55325,Sandpoint,Idaho,Bonner County,US
43.3813,-112.12331,Shelley,Idaho,Bingham County,US
42.93602,-114.40588,Shoshone,Idaho,Lincoln County,US
42.65437,-111.60467,Soda Springs,Idaho,Caribou County,US
47.96629,-116.86853,Spirit Lake,Idaho,Kootenai County,US
43.69211,-116.49346,Star,Idaho,Ada County,US
43.87297,-111.7483,Sugar City,Idaho,Madison County,US
43.69713,-114.35172,Sun Valley,Idaho,Blaine County,US
42.56297,-114.46087,Twin Falls,Idaho,Twin Falls County,US
43.5963,-111.96386,Ucon,Idaho,Bonneville County,US
43.6027,-111.11133,Victor,Idaho,Teton County,US
47.47409,-115.92794,Wallace,Idaho,Shoshone County,US
44.251,-116.96933,Weiser,Idaho,Washington County,US
42.77574,-114.70422,Wendell,Idaho,Gooding County,US
43.67655,-116.91182,Wilder,Idaho,Canyon County,US
45.5205,-109.44294,Absarokee,Montana,Stillwater County,US
46.12854,-112.94226,Anaconda,Montana,Deer Lodge County,US
46.36695,-104.28466,Baker,Montana,Fallon County,US
45.77604,-111.1769,Belgrade,Montana,Gallatin County,US
45.28465,-111.36829,Big Sky,Montana,Gallatin County,US
45.83494,-109.95546,Big Timber,Montana,Sweet Grass County,US
48.06329,-114.07261,Bigfork,Montana,Flathead County,US
45.78329,-108.50069,Billings,Montana,Yellowstone County,US
46.23659,-112.12083,Boulder,Montana,Jefferson County,US
45.67965,-111.03856,Bozeman,Montana,Gallatin County,US
45.44388,-105.40749,Broadus,Montana,Powder River County,US
48.55692,-113.01342,Browning,Montana,Glacier County,US
46.00382,-112.53474,Butte,Montana,Silver Bow County,US
48.51054,-110.96747,Chester,Montana,Liberty County,US
48.59,-109.23128,Chinook,Montana,Blaine County,US
47.81245,-112.18363,Choteau,Montana,Teton County,US
47.41667,-105.59222,Circle,Montana,McCone County,US
46.46521,-111.98638,Clancy,Montana,Jefferson County,US
46.76909,-113.7126,Clinton,Montana,Missoula County,US
45.88416,-106.62364,Colstrip,Montana,Rosebud County,US
48.37246,-114.18152,Columbia Falls,Montana,Flathead County,US
45.63661,-109.25211,Columbus,Montana,Stillwater County,US
48.17025,-111.94613,Conrad,Montana,Pondera County,US
45.60164,-107.46119,Crow Agency,Montana,Big Horn County,US
48.63304,-112.32616,Cut Bank,Montana,Glacier County,US
46.39576,-112.73004,Deer Lodge,Montana,Powell County,US
45.21631,-112.63752,Dillon,Montana,Beaverhead County,US
46.58966,-111.91555,East Helena,Montana,Lewis and Clark County,US
46.87076,-113.94455,East Missoula,Montana,Missoula County,US
45.88889,-104.55273,Ekalaka,Montana,Carter County,US
48.87996,-115.0535,Eureka,Montana,Lincoln County,US
48.22579,-114.27624,Evergreen,Montana,Flathead County,US
46.26638,-106.67781,Forsyth,Montana,Rosebud County,US
48.4825,-108.76544,Fort Belknap Agency,Montana,Blaine County,US
47.8183,-110.66744,Fort Benton,Montana,Chouteau County,US
45.62965,-111.18606,Four Corners,Montana,Gallatin County,US
47.01492,-114.22984,Frenchtown,Montana,Missoula County,US
48.19696,-106.63671,Glasgow,Montana,Valley County,US
47.10529,-104.71246,Glendive,Montana,Dawson County,US
47.50024,-111.30081,Great Falls,Montana,Cascade County,US
46.24687,-114.16037,Hamilton,Montana,Ravalli County,US
45.73248,-107.61203,Hardin,Montana,Big Horn County,US
46.43551,-109.83435,Harlowton,Montana,Wheatland County,US
48.55,-109.68409,Havre,Montana,Hill County,US
46.59271,-112.03611,Helena,Montana,Lewis and Clark County,US
46.29277,-107.23423,Hysham,Montana,Treasure County,US
47.32083,-106.91007,Jordan,Montana,Garfield County,US
48.19579,-114.31291,Kalispell,Montana,Flathead County,US
48.01939,-114.22457,Lakeside,Montana,Flathead County,US
45.62305,-106.6667,Lame Deer,Montana,Rosebud County,US
45.66912,-108.77153,Laurel,Montana,Yellowstone County,US
47.06247,-109.42824,Lewistown,Montana,Fergus County,US
48.38829,-115.556,Libby,Montana,Lincoln County,US
46.95494,-112.68171,Lincoln,Montana,Lewis and Clark County,US
45.66244,-110.56104,Livingston,Montana,Park County,US
45.81912,-108.41486,Lockwood,Montana,Yellowstone County,US
46.75881,-114.08094,Lolo,Montana,Missoula County,US
48.35972,-107.87428,Malta,Montana,Phillips County,US
45.8566,-111.33246,Manhattan,Montana,Gallatin County,US
46.40834,-105.84056,Miles City,Montana,Custer County,US
46.87215,-113.994,Missoula,Montana,Missoula County,US
46.53771,-111.93277,Montana City,Montana,Jefferson County,US
48.57025,-113.00953,North Browning,Montana,Glacier County,US
46.86326,-114.04844,Orchard Homes,Montana,Missoula County,US
47.60021,-114.119,Pablo,Montana,Lake County,US
46.33215,-113.29423,Philipsburg,Montana,Granite County,US
47.46021,-114.88291,Plains,Montana,Sanders County,US
48.77475,-104.56246,Plentywood,Montana,Sheridan County,US
47.69355,-114.16317,Polson,Montana,Lake County,US
45.18578,-109.24682,Red Lodge,Montana,Carbon County,US
47.52882,-114.1015,Ronan,Montana,Lake County,US
46.44524,-108.5418,Roundup,Montana,Musselshell County,US
46.29718,-109.25879,Ryegate,Montana,Golden Valley County,US
48.79252,-105.42083,Scobey,Montana,Daniels County,US
47.17938,-113.48452,Seeley Lake,Montana,Missoula County,US
48.50526,-111.85697,Shelby,Montana,Toole County,US
47.71668,-104.15633,Sidney,Montana,Richland County,US
48.08023,-114.22151,Somers,Montana,Flathead County,US
48.54608,-113.01425,South Browning,Montana,Glacier County,US
47.15358,-110.21826,Stanford,Montana,Judith Basin County,US
46.50992,-114.09316,Stevensville,Montana,Ravalli County,US
47.5369,-111.48136,Sun Prairie,Montana,Cascade County,US
47.19159,-114.8918,Superior,Montana,Mineral County,US
46.79306,-105.31221,Terry,Montana,Prairie County,US
47.59716,-115.34432,Thompson Falls,Montana,Sanders County,US
45.89243,-111.55219,Three Forks,Montana,Gallatin County,US
46.3191,-111.5208,Townsend,Montana,Broadwater County,US
45.29381,-111.94609,Virginia City,Montana,Madison County,US
46.18131,-112.78476,Warm Springs,Montana,Deer Lodge County,US
47.11085,-104.74968,West Glendive,Montana,Dawson County,US
44.66215,-111.10411,West Yellowstone,Montana,Gallatin County,US
46.54828,-110.90216,White Sulphur Springs,Montana,Meagher County,US
48.41108,-114.33763,Whitefish,Montana,Flathead County,US
45.87076,-112.09749,Whitehall,Montana,Jefferson County,US
46.98501,-104.18827,Wibaux,Montana,Wibaux County,US
47.00276,-108.35207,Winnett,Montana,Petroleum County,US
48.09057,-105.64056,Wolf Point,Montana,Roosevelt County,US
46.48223,-103.32185,Amidon,North Dakota,Slope County,US
47.26334,-101.77795,Beulah,North Dakota,Mercer County,US
46.80833,-100.78374,Bismarck,North Dakota,Burleigh County,US
48.82723,-100.4457,Bottineau,North Dakota,Bottineau County,US
48.80308,-102.246,Bowbells,North Dakota,Burke County,US
46.18306,-103.39491,Bowman,North Dakota,Bowman County,US
48.27529,-101.42878,Burlington,North Dakota,Ward County,US
46.41778,-101.56487,Carson,North Dakota,Grant County,US
47.11638,-101.29959,Center,North Dakota,Oliver County,US
48.9142,-103.29491,Crosby,North Dakota,Divide County,US
46.87918,-102.78962,Dickinson,North Dakota,Stark County,US
46.08694,-100.63013,Fort Yates,North Dakota,Sioux County,US
47.65222,-101.41572,Garrison,North Dakota,McLean County,US
47.29445,-101.62266,Hazen,North Dakota,Mercer County,US
46.00139,-102.63682,Hettinger,North Dakota,Adams County,US
48.67475,-102.08266,Kenmare,North Dakota,Ward County,US
46.76249,-100.7004,Lincoln,North Dakota,Burleigh County,US
46.26666,-100.23289,Linton,North Dakota,Emmons County,US
46.82666,-100.88958,Mandan,North Dakota,Morton County,US
47.23001,-102.77019,Manning,North Dakota,Dunn County,US
47.48583,-100.44318,McClusky,North Dakota,Sheridan County,US
46.9139,-103.52435,Medora,North Dakota,Billings County,US
48.23251,-101.29627,Minot,North Dakota,Ward County,US
48.76336,-101.51322,Mohall,North Dakota,Renville County,US
46.3725,-102.32711,Mott,North Dakota,Hettinger County,US
47.98085,-102.49018,New Town,North Dakota,Mountrail County,US
48.31724,-102.39045,Stanley,North Dakota,Mountrail County,US
47.32111,-101.38155,Stanton,North Dakota,Mercer County,US
48.39724,-102.93824,Tioga,North Dakota,Williams County,US
48.34583,-100.40541,Towner,North Dakota,McHenry County,US
48.05612,-100.92932,Velva,North Dakota,McHenry County,US
47.28916,-101.02903,Washburn,North Dakota,McLean County,US
47.80224,-103.28325,Watford City,North Dakota,McKenzie County,US
48.14697,-103.61797,Williston,North Dakota,Williams County,US
42.10163,-102.87215,Alliance,Nebraska,Box Butte County,US
41.57165,-101.69156,Arthur,Nebraska,Arthur County,US
41.75497,-103.3241,Bayard,Nebraska,Morrill County,US
40.04916,-101.53294,Benkelman,Nebraska,Dundy County,US
41.66525,-103.0991,Bridgeport,Nebraska,Morrill County,US
40.28195,-100.16569,Cambridge,Nebraska,Furnas County,US
42.82942,-102.99991,Chadron,Nebraska,Dawes County,US
41.09277,-102.47074,Chappell,Nebraska,Deuel County,US
41.8258,-103.6605,Gering,Nebraska,Scotts Bluff County,US
42.80472,-102.20322,Gordon,Nebraska,Sheridan County,US
40.92945,-100.16068,Gothenburg,Nebraska,Dawson County,US
40.84194,-101.72517,Grant,Nebraska,Perkins County,US
41.55636,-103.73856,Harrisburg,Nebraska,Banner County,US
42.68719,-103.88271,Harrison,Nebraska,Sioux County,US
40.51084,-101.0196,Hayes Center,Nebraska,Hayes County,US
42.00054,-101.76184,Hyannis,Nebraska,Grant County,US
40.51694,-101.64323,Imperial,Nebraska,Chase County,US
41.23581,-103.663,Kimball,Nebraska,Kimball County,US
40.20195,-100.62571,McCook,Nebraska,Red Willow County,US
41.94024,-103.80856,Mitchell,Nebraska,Scotts Bluff County,US
42.04278,-101.04266,Mullen,Nebraska,Hooker County,US
41.12389,-100.76542,North Platte,Nebraska,Lincoln County,US
41.12805,-101.71962,Ogallala,Nebraska,Keith County,US
41.40498,-102.34436,Oshkosh,Nebraska,Garden County,US
42.71832,-102.46406,Rushville,Nebraska,Sheridan County,US
41.86663,-103.66717,Scottsbluff,Nebraska,Scotts Bluff County,US
41.14276,-102.97798,Sidney,Nebraska,Cheyenne County,US
41.48028,-100.51292,Stapleton,Nebraska,Logan County,US
40.53279,-100.38348,Stockville,Nebraska,Frontier County,US
41.15694,-101.12627,Sutherland,Nebraska,Lincoln County,US
41.84747,-103.66161,Terrytown,Nebraska,Scotts Bluff County,US
41.97833,-100.57625,Thedford,Nebraska,Thomas County,US
40.17555,-101.01294,Trenton,Nebraska,Hitchcock County,US
41.55277,-100.95765,Tryon,Nebraska,McPherson County,US
42.87278,-100.55097,Valentine,Nebraska,Cherry County,US
40.64213,-116.93427,Battle Mountain,Nevada,Lander County,US
40.71381,-116.10397,Carlin,Nevada,Elko County,US
40.83242,-115.76312,Elko,Nevada,Elko County,US
41.98324,-114.67476,Jackpot,Nevada,Elko County,US
40.17935,-118.47348,Lovelock,Nevada,Pershing County,US
40.72659,-115.5859,Spring Creek,Nevada,Elko County,US
41.11159,-114.96449,Wells,Nevada,Elko County,US
40.7391,-114.07335,West Wendover,Nevada,Elko County,US
40.97296,-117.73568,Winnemucca,Nevada,Humboldt County,US
44.63651,-123.10593,Albany,Oregon,Linn County,US
45.49428,-122.86705,Aloha,Oregon,Washington County,US
42.20681,-121.73722,Altamont,Oregon,Klamath County,US
45.11567,-123.20733,Amity,Oregon,Yamhill County,US
42.19458,-122.70948,Ashland,Oregon,Jackson County,US
46.18788,-123.83125,Astoria,Oregon,Clatsop County,US
45.8118,-118.49053,Athena,Oregon,Umatilla County,US
44.84095,-122.87092,Aumsville,Oregon,Marion County,US
44.77487,-117.83438,Baker City,Oregon,Baker County,US
43.119,-124.40845,Bandon,Oregon,Coos County,US
45.61872,-123.11428,Banks,Oregon,Washington County,US
43.35428,-124.31317,Barview,Oregon,Coos County,US
45.5226,-123.8893,Bay City,Oregon,Tillamook County,US
45.2879,-122.53564,Beavercreek,Oregon,Clackamas County,US
45.48706,-122.80371,Beaverton,Oregon,Washington County,US
44.05817,-121.31531,Bend,Oregon,Deschutes County,US
45.55789,-122.8676,Bethany,Oregon,Washington County,US
45.83986,-119.70058,Boardman,Oregon,Morrow County,US
42.05261,-124.28398,Brookings,Oregon,Curry County,US
44.39346,-122.98481,Brownsville,Oregon,Linn County,US
43.35595,-124.20483,Bunker Hill,Oregon,Coos County,US
43.58626,-119.0541,Burns,Oregon,Harney County,US
45.2629,-122.69259,Canby,Oregon,Clackamas County,US
45.89177,-123.96153,Cannon Beach,Oregon,Clatsop County,US
44.3896,-118.95023,Canyon City,Oregon,Grant County,US
42.92734,-123.28117,Canyonville,Oregon,Douglas County,US
45.29428,-123.17649,Carlton,Oregon,Yamhill County,US
45.66984,-121.89064,Cascade Locks,Oregon,Hood River County,US
42.16289,-123.64812,Cave Junction,Oregon,Josephine County,US
45.50484,-122.79843,Cedar Hills,Oregon,Washington County,US
45.52484,-122.81093,Cedar Mill,Oregon,Washington County,US
42.37596,-122.91643,Central Point,Oregon,Jackson County,US
45.62762,-121.24341,Chenoweth,Oregon,Wasco County,US
45.40762,-122.57037,Clackamas,Oregon,Clackamas County,US
46.10122,-123.20679,Clatskanie,Oregon,Columbia County,US
44.13707,-123.06648,Coburg,Oregon,Lane County,US
45.89011,-122.80705,Columbia City,Oregon,Columbia County,US
45.2343,-120.18503,Condon,Oregon,Gilliam County,US
43.3665,-124.21789,Coos Bay,Oregon,Coos County,US
43.17705,-124.18761,Coquille,Oregon,Coos County,US
45.51984,-123.05983,Cornelius,Oregon,Washington County,US
44.56457,-123.26204,Corvallis,Oregon,Benton County,US
43.79762,-123.05952,Cottage Grove,Oregon,Lane County,US
43.9179,-123.02453,Creswell,Oregon,Lane County,US
43.70346,-122.84757,Culp Creek,Oregon,Lane County,US
44.52568,-121.2131,Culver,Oregon,Jefferson County,US
44.91928,-123.31705,Dallas,Oregon,Polk County,US
45.41762,-122.45898,Damascus,Oregon,Clackamas County,US
45.22067,-123.07621,Dayton,Oregon,Yamhill County,US
44.80845,-124.06317,Depoe Bay,Oregon,Lincoln County,US
43.99151,-121.35836,Deschutes River Woods,Oregon,Deschutes County,US
43.65873,-123.3187,Drain,Oregon,Douglas County,US
45.27817,-123.01094,Dundee,Oregon,Yamhill County,US
43.88318,-124.11512,Dunes City,Oregon,Lane County,US
45.40206,-122.75287,Durham,Oregon,Washington County,US
42.47263,-122.80282,Eagle Point,Oregon,Jackson County,US
45.56486,-117.91743,Elgin,Oregon,Union County,US
45.42626,-117.27878,Enterprise,Oregon,Wallowa County,US
45.28957,-122.3337,Estacada,Oregon,Clackamas County,US
44.05207,-123.08675,Eugene,Oregon,Lane County,US
45.53845,-122.43398,Fairview,Oregon,Multnomah County,US
43.98262,-124.09984,Florence,Oregon,Lane County,US
45.51984,-123.11066,Forest Grove,Oregon,Washington County,US
44.99819,-120.21614,Fossil,Oregon,Wheeler County,US
44.9279,-122.98371,Four Corners,Oregon,Marion County,US
46.02427,-123.91125,Gearhart,Oregon,Clatsop County,US
45.10818,-122.8976,Gervais,Oregon,Marion County,US
45.38068,-122.59481,Gladstone,Oregon,Clackamas County,US
43.30151,-123.10118,Glide,Oregon,Douglas County,US
42.43179,-123.0506,Gold Hill,Oregon,Jackson County,US
45.06011,-123.60928,Grand Ronde,Oregon,Polk County,US
42.43933,-123.33067,Grants Pass,Oregon,Josephine County,US
43.16039,-123.36785,Green,Oregon,Douglas County,US
45.49818,-122.43148,Gresham,Oregon,Multnomah County,US
45.44679,-122.53037,Happy Valley,Oregon,Clackamas County,US
42.05317,-124.26759,Harbor,Oregon,Curry County,US
44.27401,-123.17065,Harrisburg,Oregon,Linn County,US
44.98595,-122.98287,Hayesville,Oregon,Marion County,US
45.35318,-119.5578,Heppner,Oregon,Morrow County,US
45.84041,-119.28946,Hermiston,Oregon,Umatilla County,US
45.52289,-122.98983,Hillsboro,Oregon,Washington County,US
43.56404,-119.08105,Hines,Oregon,Harney County,US
45.7054,-121.52146,Hood River,Oregon,Hood River County,US
45.18234,-122.80787,Hubbard,Oregon,Marion County,US
44.85123,-123.18677,Independence,Oregon,Polk County,US
45.89569,-119.49141,Irrigon,Oregon,Morrow County,US
42.31346,-122.96699,Jacksonville,Oregon,Jackson County,US
44.71957,-123.01037,Jefferson,Oregon,Marion County,US
45.39123,-122.61259,Jennings Lodge,Oregon,Clackamas County,US
44.41599,-118.95301,John Day,Oregon,Grant County,US
45.35432,-117.22961,Joseph,Oregon,Wallowa County,US
44.21929,-123.20565,Junction City,Oregon,Lane County,US
44.99012,-123.02621,Keizer,Oregon,Marion County,US
45.40262,-122.80399,King City,Oregon,Washington County,US
42.22487,-121.78167,Klamath Falls,Oregon,Klamath County,US
45.32458,-118.08772,La Grande,Oregon,Union County,US
43.6704,-121.50364,La Pine,Oregon,Deschutes County,US
45.24428,-123.11483,Lafayette,Oregon,Yamhill County,US
45.42067,-122.67065,Lake Oswego,Oregon,Clackamas County,US
43.57567,-124.17511,Lakeside,Oregon,Coos County,US
42.18877,-120.34579,Lakeview,Oregon,Lake County,US
44.53651,-122.90703,Lebanon,Oregon,Linn County,US
45.47984,-122.56731,Lents,Oregon,Multnomah County,US
44.85039,-124.04678,Lincoln Beach,Oregon,Lincoln County,US
44.95816,-124.01789,Lincoln City,Oregon,Lincoln County,US
43.91846,-122.78368,Lowell,Oregon,Lane County,US
44.77457,-122.61509,Lyons,Oregon,Linn County,US
44.63345,-121.12949,Madras,Oregon,Jefferson County,US
45.21012,-123.19872,McMinnville,Oregon,Yamhill County,US
42.32652,-122.87559,Medford,Oregon,Jackson County,US
42.51734,-123.41979,Merlin,Oregon,Josephine County,US
45.44651,-122.75899,Metzger,Oregon,Washington County,US
44.75401,-122.47814,Mill City,Oregon,Linn County,US
44.68095,-123.06148,Millersburg,Oregon,Linn County,US
45.93263,-118.38774,Milton-Freewater,Oregon,Umatilla County,US
45.44623,-122.63926,Milwaukie,Oregon,Clackamas County,US
45.67041,-118.68359,Mission,Oregon,Umatilla County,US
45.14734,-122.57703,Molalla,Oregon,Clackamas County,US
44.84845,-123.23399,Monmouth,Oregon,Polk County,US
45.48401,-120.73117,Moro,Oregon,Sherman County,US
45.0679,-122.80009,Mount Angel,Oregon,Marion County,US
45.3554,-121.98064,Mount Hood Village,Oregon,Clackamas County,US
45.22151,-122.58203,Mulino,Oregon,Clackamas County,US
43.02012,-123.29312,Myrtle Creek,Oregon,Douglas County,US
43.06483,-124.13899,Myrtle Point,Oregon,Coos County,US
42.36234,-123.36784,New Hope,Oregon,Josephine County,US
45.30012,-122.97316,Newberg,Oregon,Yamhill County,US
44.63678,-124.05345,Newport,Oregon,Lincoln County,US
43.4065,-124.22428,North Bend,Oregon,Coos County,US
45.59706,-122.99344,North Plains,Oregon,Washington County,US
43.87683,-116.99488,Nyssa,Oregon,Malheur County,US
45.41679,-122.64009,Oak Grove,Oregon,Clackamas County,US
45.54123,-122.84121,Oak Hills,Oregon,Washington County,US
43.74651,-122.46172,Oakridge,Oregon,Lane County,US
45.62706,-121.54313,Odell,Oregon,Hood River County,US
44.02655,-116.96294,Ontario,Oregon,Malheur County,US
45.35734,-122.60676,Oregon City,Oregon,Clackamas County,US
45.20233,-123.96289,Pacific City,Oregon,Tillamook County,US
45.67207,-118.7886,Pendleton,Oregon,Umatilla County,US
44.54012,-123.3676,Philomath,Oregon,Benton County,US
42.27541,-122.81809,Phoenix,Oregon,Jackson County,US
45.48318,-118.82998,Pilot Rock,Oregon,Umatilla County,US
42.74566,-124.49733,Port Orford,Oregon,Curry County,US
45.52345,-122.67621,Portland,Oregon,Multnomah County,US
44.29985,-120.83447,Prineville,Oregon,Crook County,US
46.089,-122.93594,Rainier,Oregon,Columbia County,US
45.48067,-122.76204,Raleigh Hills,Oregon,Washington County,US
44.27262,-121.17392,Redmond,Oregon,Deschutes County,US
42.42206,-123.38728,Redwood,Oregon,Josephine County,US
43.70234,-124.09678,Reedsport,Oregon,Douglas County,US
42.95095,-123.36423,Riddle,Oregon,Douglas County,US
45.55012,-122.87705,Rockcreek,Oregon,Washington County,US
45.61344,-123.94291,Rockaway Beach,Oregon,Tillamook County,US
42.43595,-123.172,Rogue River,Oregon,Jackson County,US
45.01039,-123.88039,Rose Lodge,Oregon,Lincoln County,US
43.2165,-123.34174,Roseburg,Oregon,Douglas County,US
45.864,-122.80649,Saint Helens,Oregon,Columbia County,US
44.9429,-123.0351,Salem,Oregon,Marion County,US
45.39734,-122.26148,Sandy,Oregon,Clackamas County,US
45.75428,-122.8776,Scappoose,Oregon,Columbia County,US
45.99316,-123.92264,Seaside,Oregon,Clatsop County,US
42.61068,-122.81254,Shady Cove,Oregon,Jackson County,US
45.09928,-123.39483,Sheridan,Oregon,Yamhill County,US
45.35651,-122.8401,Sherwood,Oregon,Washington County,US
44.72178,-123.92011,Siletz,Oregon,Lincoln County,US
45.00512,-122.78315,Silverton,Oregon,Marion County,US
44.29095,-121.54921,Sisters,Oregon,Deschutes County,US
44.50623,-122.90314,South Lebanon,Oregon,Linn County,US
44.04624,-123.02203,Springfield,Oregon,Lane County,US
45.35734,-122.72259,Stafford,Oregon,Clackamas County,US
45.78041,-119.21724,Stanfield,Oregon,Umatilla County,US
44.80068,-122.79453,Stayton,Oregon,Marion County,US
44.82957,-122.79453,Sublimity,Oregon,Marion County,US
45.42679,-122.52759,Sunnyside,Oregon,Clackamas County,US
43.88401,-121.43864,Sunriver,Oregon,Deschutes County,US
43.39012,-123.31258,Sutherlin,Oregon,Douglas County,US
44.39762,-122.7362,Sweet Home,Oregon,Linn County,US
42.24568,-122.78865,Talent,Oregon,Jackson County,US
44.54123,-123.10815,Tangent,Oregon,Linn County,US
44.3529,-121.17781,Terrebonne,Oregon,Deschutes County,US
45.59456,-121.17868,The Dalles,Oregon,Wasco County,US
43.82012,-121.46919,Three Rivers,Oregon,Deschutes County,US
45.43123,-122.77149,Tigard,Oregon,Washington County,US
45.4564,-123.84553,Tillamook,Oregon,Tillamook County,US
44.62151,-123.93845,Toledo,Oregon,Lincoln County,US
42.98456,-123.31173,Tri-City,Oregon,Douglas County,US
45.53929,-122.38731,Troutdale,Oregon,Multnomah County,US
45.38401,-122.76399,Tualatin,Oregon,Washington County,US
44.84318,-122.95287,Turner,Oregon,Marion County,US
45.91735,-119.34252,Umatilla,Oregon,Umatilla County,US
45.20847,-117.86521,Union,Oregon,Union County,US
43.98211,-117.23823,Vale,Oregon,Malheur County,US
44.04873,-123.35093,Veneta,Oregon,Lane County,US
45.85872,-123.19289,Vernonia,Oregon,Columbia County,US
44.42679,-124.06873,Waldport,Oregon,Lincoln County,US
44.76345,-121.26616,Warm Springs,Oregon,Jefferson County,US
45.819,-122.84899,Warren,Oregon,Columbia County,US
46.1651,-123.92376,Warrenton,Oregon,Clatsop County,US
45.51762,-122.76954,West Haven,Oregon,Washington County,US
45.36568,-122.61231,West Linn,Oregon,Clackamas County,US
45.49873,-122.76454,West Slope,Oregon,Washington County,US
42.43735,-122.85893,White City,Oregon,Jackson County,US
45.07873,-123.48594,Willamina,Oregon,Yamhill County,US
42.21873,-123.27394,Williams,Oregon,Josephine County,US
45.29984,-122.77371,Wilsonville,Oregon,Clackamas County,US
43.12234,-123.41257,Winston,Oregon,Douglas County,US
45.53429,-122.4187,Wood Village,Oregon,Multnomah County,US
45.14373,-122.85537,Woodburn,Oregon,Marion County,US
45.3415,-123.18733,Yamhill,Oregon,Yamhill County,US
43.59845,-123.28342,Yoncalla,Oregon,Douglas County,US
44.67137,-103.85215,Belle Fourche,South Dakota,Butte County,US
45.52026,-102.46127,Bison,South Dakota,Perkins County,US
44.1511,-103.30796,Blackhawk,South Dakota,Meade County,US
44.11249,-103.06823,Box Elder,South Dakota,Pennington County,US
45.58416,-103.54603,Buffalo,South Dakota,Harding County,US
44.00777,-103.31546,Colonial Pine Hills,South Dakota,Pennington County,US
43.76665,-103.59881,Custer,South Dakota,Custer County,US
44.37665,-103.72964,Deadwood,South Dakota,Lawrence County,US
45.04748,-101.60099,Dupree,South Dakota,Ziebach County,US
45.00248,-101.23349,Eagle Butte,South Dakota,Dewey County,US
44.35359,-100.37374,Fort Pierre,South Dakota,Stanley County,US
43.43165,-103.47436,Hot Springs,South Dakota,Fall River County,US
43.83388,-101.50987,Kadoka,South Dakota,Jackson County,US
44.35221,-103.7652,Lead,South Dakota,Lawrence County,US
45.94083,-102.15932,Lemmon,South Dakota,Perkins County,US
43.1725,-101.73265,Martin,South Dakota,Bennett County,US
45.92139,-101.34958,McIntosh,South Dakota,Corson County,US
43.30584,-100.65819,Mission,South Dakota,Todd County,US
45.53722,-100.42791,Mobridge,South Dakota,Walworth County,US
45.72527,-100.06845,Mound City,South Dakota,Campbell County,US
43.88832,-100.71291,Murdo,South Dakota,Jones County,US
45.00415,-101.23376,North Eagle Butte,South Dakota,Dewey County,US
44.50665,-103.89215,North Spearfish,South Dakota,Lawrence County,US
43.18859,-102.73962,Oglala,South Dakota,Shannon County,US
44.70804,-100.05984,Onida,South Dakota,Sully County,US
44.03943,-101.66514,Philip,South Dakota,Haakon County,US
44.36832,-100.35097,Pierre,South Dakota,Hughes County,US
43.02554,-102.55627,Pine Ridge,South Dakota,Shannon County,US
43.23971,-102.33099,Porcupine,South Dakota,Shannon County,US
44.08054,-103.23101,Rapid City,South Dakota,Pennington County,US
44.06249,-103.14629,Rapid Valley,South Dakota,Pennington County,US
43.23278,-100.85348,Rosebud,South Dakota,Todd County,US
45.50638,-100.03207,Selby,South Dakota,Walworth County,US
44.49082,-103.85937,Spearfish,South Dakota,Lawrence County,US
44.40971,-103.50908,Sturgis,South Dakota,Meade County,US
45.42915,-101.07403,Timber Lake,South Dakota,Dewey County,US
43.56805,-100.74542,White River,South Dakota,Mellette County,US
40.45328,-111.77799,Alpine,Utah,Utah County,US
40.09829,-111.73132,Benjamin,Utah,Utah County,US
41.78743,-111.93022,Benson,Utah,Cache County,US
40.48967,-111.93882,Bluffdale,Utah,Salt Lake County,US
40.88939,-111.88077,Bountiful,Utah,Davis County,US
41.51021,-112.0155,Brigham City,Utah,Box Elder County,US
40.70661,-111.82188,Canyon Rim,Utah,Salt Lake County,US
40.41412,-111.75854,Cedar Hills,Utah,Utah County,US
40.69134,-111.89799,Centerfield,Utah,Salt Lake County,US
40.918,-111.87216,Centerville,Utah,Davis County,US
41.11078,-112.02605,Clearfield,Utah,Davis County,US
41.13967,-112.0505,Clinton,Utah,Davis County,US
40.91773,-111.39936,Coalville,Utah,Summit County,US
40.61967,-111.81021,Cottonwood Heights,Utah,Salt Lake County,US
40.52467,-111.86382,Draper,Utah,Salt Lake County,US
40.16329,-110.40293,Duchesne,Utah,Duchesne County,US
40.31412,-112.00688,Eagle Mountain,Utah,Utah County,US
40.69995,-111.81049,East Millcreek,Utah,Salt Lake County,US
40.01134,-111.67687,Elk Ridge,Utah,Utah County,US
41.69048,-112.14106,Elwood,Utah,Box Elder County,US
40.61272,-112.30439,Erda,Utah,Tooele County,US
40.9805,-111.88744,Farmington,Utah,Davis County,US
41.29717,-112.02772,Farr West,Utah,Weber County,US
40.61051,-111.28074,Francis,Utah,Summit County,US
41.03217,-111.90216,Fruit Heights,Utah,Davis County,US
41.74104,-112.16162,Garland,Utah,Box Elder County,US
40.573,-111.80604,Granite,Utah,Salt Lake County,US
40.59994,-112.4644,Grantsville,Utah,Tooele County,US
41.28133,-111.98828,Harrisville,Utah,Weber County,US
40.5069,-111.41324,Heber,Utah,Wasatch County,US
40.51411,-112.03299,Herriman,Utah,Salt Lake County,US
40.44995,-111.77021,Highland,Utah,Utah County,US
40.66884,-111.82466,Holladay,Utah,Salt Lake County,US
41.63854,-112.07939,Honeyville,Utah,Box Elder County,US
41.16383,-112.12244,Hooper,Utah,Weber County,US
41.79882,-111.81911,Hyde Park,Utah,Cache County,US
41.6341,-111.85217,Hyrum,Utah,Cache County,US
40.64301,-111.28074,Kamas,Utah,Summit County,US
41.03522,-111.93855,Kaysville,Utah,Davis County,US
40.65995,-111.99633,Kearns,Utah,Salt Lake County,US
41.06022,-111.97105,Layton,Utah,Davis County,US
40.39162,-111.85077,Lehi,Utah,Utah County,US
41.97576,-111.85634,Lewiston,Utah,Cache County,US
41.33355,-111.86355,Liberty,Utah,Weber County,US
40.34329,-111.72076,Lindon,Utah,Utah County,US
41.73549,-111.83439,Logan,Utah,Cache County,US
40.47718,-109.58681,Maeser,Utah,Uintah County,US
40.70911,-112.10161,Magna,Utah,Salt Lake County,US
40.98801,-109.72265,Manila,Utah,Daggett County,US
40.13023,-111.57853,Mapleton,Utah,Utah County,US
41.25161,-112.0255,Marriott-Slaterville,Utah,Weber County,US
41.70993,-111.97773,Mendon,Utah,Cache County,US
40.61106,-111.89994,Midvale,Utah,Salt Lake County,US
40.51218,-111.47435,Midway,Utah,Wasatch County,US
40.68689,-111.87549,Millcreek,Utah,Salt Lake County,US
41.6816,-111.823,Millville,Utah,Cache County,US
41.03606,-111.67688,Morgan,Utah,Morgan County,US
40.6855,-111.78854,Mount Olympus,Utah,Salt Lake County,US
41.143,-111.7916,Mountain Green,Utah,Morgan County,US
40.66689,-111.88799,Murray,Utah,Salt Lake County,US
40.42691,-109.4993,Naples,Utah,Uintah County,US
41.67438,-111.833,Nibley,Utah,Cache County,US
41.76937,-111.80467,North Logan,Utah,Cache County,US
41.30716,-111.96022,North Ogden,Utah,Weber County,US
40.84856,-111.90688,North Salt Lake,Utah,Davis County,US
40.71467,-111.30074,Oakley,Utah,Summit County,US
41.223,-111.97383,Ogden,Utah,Weber County,US
40.6305,-112.03383,Oquirrh,Utah,Salt Lake County,US
40.2969,-111.69465,Orem,Utah,Utah County,US
40.64606,-111.49797,Park City,Utah,Summit County,US
40.0444,-111.73215,Payson,Utah,Utah County,US
41.46494,-112.03245,Perry,Utah,Box Elder County,US
41.298,-112.08605,Plain City,Utah,Weber County,US
40.36412,-111.73854,Pleasant Grove,Utah,Utah County,US
41.31828,-111.99216,Pleasant View,Utah,Weber County,US
41.70632,-111.81717,Providence,Utah,Cache County,US
40.23384,-111.65853,Provo,Utah,Utah County,US
41.66578,-111.18214,Randolph,Utah,Rich County,US
41.92271,-111.81356,Richmond,Utah,Cache County,US
41.7216,-111.82133,River Heights,Utah,Cache County,US
41.17689,-112.00383,Riverdale,Utah,Weber County,US
40.52189,-111.9391,Riverton,Utah,Salt Lake County,US
40.2994,-109.98876,Roosevelt,Utah,Duchesne County,US
41.16161,-112.02633,Roy,Utah,Weber County,US
40.76078,-111.89105,Salt Lake City,Utah,Salt Lake County,US
40.59161,-111.8841,Sandy City,Utah,Salt Lake County,US
40.58106,-111.85077,Sandy Hills,Utah,Salt Lake County,US
40.34912,-111.90466,Saratoga Springs,Utah,Utah County,US
41.83826,-111.83272,Smithfield,Utah,Cache County,US
40.69439,-111.54381,Snyderville,Utah,Summit County,US
40.56384,-111.94938,South Jordan Heights,Utah,Salt Lake County,US
40.56217,-111.92966,South Jordan,Utah,Salt Lake County,US
41.19189,-111.97133,South Ogden,Utah,Weber County,US
40.71884,-111.88827,South Salt Lake,Utah,Salt Lake County,US
41.13244,-111.93022,South Weber,Utah,Davis County,US
41.36327,-112.03578,South Willard,Utah,Box Elder County,US
40.11496,-111.65492,Spanish Fork,Utah,Utah County,US
40.16523,-111.61075,Springville,Utah,Utah County,US
40.63772,-112.29606,Stansbury park,Utah,Tooele County,US
40.74578,-111.61159,Summit Park,Utah,Summit County,US
41.13633,-112.03105,Sunset,Utah,Davis County,US
41.08939,-112.06467,Syracuse,Utah,Davis County,US
40.66772,-111.93883,Taylorsville,Utah,Salt Lake County,US
40.53078,-112.29828,Tooele,Utah,Tooele County,US
41.71187,-112.16551,Tremonton,Utah,Box Elder County,US
41.14411,-111.92327,Uintah,Utah,Weber County,US
40.45552,-109.52875,Vernal,Utah,Uintah County,US
41.17272,-111.97661,Washington Terrace,Utah,Weber County,US
40.73715,-114.03751,Wendover,Utah,Tooele County,US
40.89383,-111.90188,West Bountiful,Utah,Davis County,US
41.203,-112.05105,West Haven,Utah,Weber County,US
40.60967,-111.9391,West Jordan,Utah,Salt Lake County,US
40.06079,-111.78827,West Mountain,Utah,Utah County,US
41.11828,-112.08411,West Point,Utah,Davis County,US
40.69161,-112.00105,West Valley City,Utah,Salt Lake County,US
40.56578,-111.86438,White City,Utah,Salt Lake County,US
41.40911,-112.03606,Willard,Utah,Box Elder County,US
40.70634,-111.83743,Willard,Utah,Salt Lake County,US
41.33327,-111.82716,Wolf Creek,Utah,Weber County,US
40.01532,-111.64868,Woodland Hills,Utah,Utah County,US
40.87161,-111.89216,Woods Cross,Utah,Davis County,US
46.97537,-123.81572,Aberdeen,Washington,Grays Harbor County,US
46.55957,-120.62201,Ahtanum,Washington,Yakima County,US
47.64461,-117.59327,Airway Heights,Washington,Spokane County,US
47.16955,-122.22928,Alderton,Washington,Pierce County,US
47.82204,-122.28207,Alderwood Manor,Washington,Snohomish County,US
47.27899,-122.25206,Algona,Washington,King County,US
47.38565,-122.82764,Allyn,Washington,Mason County,US
45.91011,-122.44649,Amboy,Washington,Clark County,US
47.63288,-121.96623,Ames Lake,Washington,King County,US
48.5126,-122.61267,Anacortes,Washington,Skagit County,US
48.20205,-122.06208,Arlington Heights,Washington,Snohomish County,US
48.19871,-122.12514,Arlington,Washington,Snohomish County,US
47.29954,-122.62069,Artondale,Washington,Pierce County,US
46.33933,-117.04821,Asotin,Washington,Asotin County,US
47.30732,-122.22845,Auburn,Washington,King County,US
45.69317,-122.59899,Barberton,Washington,Clark County,US
46.59403,-119.15223,Basin City,Washington,Franklin County,US
45.78095,-122.53343,Battle Ground,Washington,Clark County,US
47.45065,-122.82737,Belfair,Washington,Mason County,US
47.61038,-122.20068,Bellevue,Washington,King County,US
48.75955,-122.48822,Bellingham,Washington,Whatcom County,US
46.26319,-119.4878,Benton City,Washington,Benton County,US
47.49398,-122.63125,Bethel,Washington,Kitsap County,US
48.40288,-122.24127,Big Lake,Washington,Skagit County,US
48.91789,-122.74462,Birch Bay,Washington,Whatcom County,US
47.30871,-122.00317,Black Diamond,Washington,King County,US
48.99372,-122.74712,Blaine,Washington,Whatcom County,US
47.17705,-122.18651,Bonney Lake,Washington,Pierce County,US
47.76232,-122.2054,Bothell,Washington,King County,US
47.48927,-122.31512,Boulevard Park,Washington,King County,US
47.56732,-122.63264,Bremerton,Washington,Kitsap County,US
48.09598,-119.78062,Brewster,Washington,Okanogan County,US
48.0082,-119.67116,Bridgeport,Washington,Douglas County,US
47.78454,-122.27429,Brier,Washington,Snohomish County,US
45.73289,-122.54649,Brush Prairie,Washington,Clark County,US
48.23899,-122.15792,Bryant,Washington,Snohomish County,US
47.16316,-122.02678,Buckley,Washington,Pierce County,US
46.19986,-119.01306,Burbank,Washington,Walla Walla County,US
47.47038,-122.34679,Burien,Washington,King County,US
47.41787,-122.63097,Burley,Washington,Kitsap County,US
48.47566,-122.32544,Burlington,Washington,Skagit County,US
48.17399,-122.52821,Camano,Washington,Island County,US
45.58706,-122.39954,Camas,Washington,Clark County,US
47.3751,-122.5893,Canterwood,Washington,Pierce County,US
47.64788,-121.91401,Carnation,Washington,King County,US
45.72539,-121.81924,Carson,Washington,Skamania County,US
47.13459,-119.32808,Cascade Valley,Washington,Grant County,US
47.52235,-120.4698,Cashmere,Washington,Chelan County,US
46.27511,-122.90761,Castle Rock,Washington,Cowlitz County,US
47.84788,-122.09929,Cathcart,Washington,Snohomish County,US
46.20317,-123.38318,Cathlamet,Washington,Wahkiakum County,US
46.97343,-123.69239,Central Park,Washington,Grays Harbor County,US
46.71621,-122.9543,Centralia,Washington,Lewis County,US
46.66205,-122.96402,Chehalis,Washington,Lewis County,US
47.84097,-120.01646,Chelan,Washington,Chelan County,US
47.48739,-117.57576,Cheney,Washington,Spokane County,US
48.27629,-117.71552,Chewelah,Washington,Stevens County,US
47.61148,-122.71042,Chico,Washington,Kitsap County,US
46.41627,-117.04516,Clarkston,Washington,Asotin County,US
47.1954,-120.93925,Cle Elum,Washington,Kittitas County,US
48.46427,-122.23404,Clear Lake,Washington,Skagit County,US
47.83371,-122.12596,Clearview,Washington,Snohomish County,US
47.63177,-122.2179,Clyde Hill,Washington,King County,US
46.88017,-117.36435,Colfax,Washington,Whitman County,US
46.0493,-118.3883,College Place,Washington,Walla Walla County,US
48.54657,-117.90554,Colville,Washington,Stevens County,US
46.66347,-118.86111,Connell,Washington,Franklin County,US
46.95537,-123.77378,Cosmopolis,Washington,Grays Harbor County,US
47.74427,-122.07735,Cottage Lake,Washington,King County,US
47.96543,-118.97613,Coulee Dam,Washington,Okanogan County,US
47.7485,-117.40439,Country Homes,Washington,Spokane County,US
48.21982,-122.68628,Coupeville,Washington,Island County,US
47.35818,-122.12216,Covington,Washington,King County,US
45.61734,-121.17952,Dallesport,Washington,Klickitat County,US
48.25539,-121.60151,Darrington,Washington,Snohomish County,US
47.65405,-118.14997,Davenport,Washington,Lincoln County,US
46.32375,-117.97244,Dayton,Washington,Columbia County,US
47.95434,-117.47689,Deer Park,Washington,Spokane County,US
47.40177,-122.32429,Des Moines,Washington,King County,US
46.6793,-119.91727,Desert Aire,Washington,Grant County,US
47.66007,-117.27596,Dishman,Washington,Spokane County,US
45.78012,-122.6001,Dollar Corner,Washington,Clark County,US
47.09676,-122.63124,DuPont,Washington,Pierce County,US
47.74232,-121.98568,Duvall,Washington,King County,US
47.52343,-122.6243,East Port Orchard,Washington,Kitsap County,US
47.48482,-122.11234,East Renton Highlands,Washington,King County,US
47.41568,-120.29313,East Wenatchee,Washington,Douglas County,US
47.42568,-120.28118,East Wenatchee Bench,Washington,Douglas County,US
47.57266,-122.14578,Eastgate,Washington,King County,US
46.86733,-122.2665,Eatonville,Washington,Pierce County,US
47.2501,-122.29373,Edgewood,Washington,Pierce County,US
47.81065,-122.37736,Edmonds,Washington,Snohomish County,US
47.05316,-122.39762,Elk Plain,Washington,Pierce County,US
46.99651,-120.54785,Ellensburg,Washington,Kittitas County,US
47.00343,-123.40877,Elma,Washington,Grays Harbor County,US
47.58482,-122.59875,Enetai,Washington,Kitsap County,US
47.67596,-120.20841,Entiat,Washington,Chelan County,US
47.20427,-121.9915,Enumclaw,Washington,King County,US
47.31764,-119.55365,Ephrata,Washington,Grant County,US
47.78899,-122.35541,Esperance,Washington,Snohomish County,US
47.97898,-122.20208,Everett,Washington,Snohomish County,US
48.92012,-122.34266,Everson,Washington,Whatcom County,US
47.44843,-122.15734,Fairwood,Washington,King County,US
47.76684,-117.41744,Fairwood,Washington,Spokane County,US
47.56732,-121.88873,Fall City,Washington,King County,US
45.70956,-122.70732,Felida,Washington,Clark County,US
47.32232,-122.31262,Federal Way,Washington,King County,US
45.63651,-122.3987,Fern Prairie,Washington,Clark County,US
48.8465,-122.59101,Ferndale,Washington,Whatcom County,US
47.23927,-122.35707,Fife,Washington,Pierce County,US
47.25899,-122.34568,Fife Heights,Washington,Pierce County,US
46.15402,-119.0339,Finley,Washington,Benton County,US
47.23954,-122.51596,Fircrest,Washington,Pierce County,US
45.68456,-122.5751,Five Corners,Washington,Clark County,US
47.94899,-122.11985,Fobes Hill,Washington,Snohomish County,US
46.7351,-122.98902,Fords Prairie,Washington,Lewis County,US
47.95036,-124.38549,Forks,Washington,Clallam County,US
47.25149,-122.62902,Fox Island,Washington,Pierce County,US
47.09621,-122.35873,Frederickson,Washington,Pierce County,US
48.00954,-122.52598,Freeland,Washington,Island County,US
48.53427,-123.01712,Friday Harbor,Washington,San Juan County,US
46.05208,-118.40275,Garrett,Washington,Walla Walla County,US
48.74567,-122.40183,Geneva,Washington,Whatcom County,US
47.32926,-122.58013,Gig Harbor,Washington,Pierce County,US
46.65818,-120.6134,Gleed,Washington,Yakima County,US
47.85677,-121.69706,Gold Bar,Washington,Snohomish County,US
45.82068,-120.82173,Goldendale,Washington,Klickitat County,US
47.05288,-122.29428,Graham,Washington,Pierce County,US
46.78788,-123.01125,Grand Mound,Washington,Thurston County,US
46.25097,-119.9017,Grandview,Washington,Yakima County,US
46.34207,-120.18727,Granger,Washington,Yakima County,US
47.89013,-120.21369,Granite Falls,Washington,Chelan County,US
48.08399,-121.96874,Granite Falls,Washington,Snohomish County,US
47.9187,-122.55431,Hansville,Washington,Kitsap County,US
45.67151,-122.66288,Hazel Dell,Washington,Clark County,US
46.13152,-119.11418,Highland,Washington,Benton County,US
47.42177,-121.97289,Hobart,Washington,King County,US
45.73789,-122.48704,Hockinson,Washington,Clark County,US
47.27482,-122.76375,Home,Washington,Pierce County,US
46.98092,-123.88933,Hoquiam,Washington,Grays Harbor County,US
47.74704,-122.52569,Indianola,Washington,Kitsap County,US
47.5301,-122.03262,Issaquah,Washington,King County,US
46.00845,-122.84455,Kalama,Washington,Cowlitz County,US
46.14678,-122.90844,Kelso,Washington,Cowlitz County,US
47.75732,-122.24401,Kenmore,Washington,King County,US
46.21125,-119.13723,Kennewick,Washington,Benton County,US
47.38093,-122.23484,Kent,Washington,King County,US
48.61074,-118.05582,Kettle Falls,Washington,Stevens County,US
47.34065,-122.74541,Key Center,Washington,Pierce County,US
47.79871,-122.49819,Kingston,Washington,Kitsap County,US
47.72704,-122.17957,Kingsgate,Washington,King County,US
47.68149,-122.20874,Kirkland,Washington,King County,US
46.98318,-120.41701,Kittitas,Washington,Kittitas County,US
47.43121,-122.43652,Klahanie,Washington,King County,US
45.86234,-122.67038,La Center,Washington,Clark County,US
47.03426,-122.82319,Lacey,Washington,Thurston County,US
47.75676,-122.28096,Lake Forest Park,Washington,King County,US
45.69067,-122.69093,Lake Shore,Washington,Clark County,US
48.0151,-122.06374,Lake Stevens,Washington,Snohomish County,US
47.17176,-122.51846,Lakewood,Washington,Pierce County,US
48.04009,-122.40626,Langley,Washington,Island County,US
47.59623,-120.66148,Leavenworth,Washington,Chelan County,US
45.80984,-122.52315,Lewisville,Washington,Clark County,US
47.67591,-117.11821,Liberty Lake,Washington,Spokane County,US
48.05149,-122.03208,Lochsloy,Washington,Snohomish County,US
47.81204,-122.65821,Lofall,Washington,Kitsap County,US
46.35232,-124.05432,Long Beach,Washington,Pacific County,US
47.20898,-122.7568,Longbranch,Washington,Pierce County,US
46.13817,-122.93817,Longview,Washington,Cowlitz County,US
46.18039,-122.95706,Longview Heights,Washington,Cowlitz County,US
48.9465,-122.45211,Lynden,Washington,Whatcom County,US
47.82093,-122.31513,Lynnwood,Washington,Snohomish County,US
46.21485,-119.99671,Mabton,Washington,Yakima County,US
47.98149,-122.04596,Machias,Washington,Snohomish County,US
47.8051,-122.11318,Maltby,Washington,Snohomish County,US
47.55593,-122.54486,Manchester,Washington,Kitsap County,US
47.88486,-120.15841,Manson,Washington,Chelan County,US
47.39272,-122.04641,Maple Valley,Washington,King County,US
47.40176,-122.55707,Maplewood,Washington,Pierce County,US
48.78705,-122.58045,Marietta,Washington,Whatcom County,US
47.85093,-122.2393,Martha Lake,Washington,Snohomish County,US
48.05176,-122.17708,Marysville,Washington,Snohomish County,US
46.73791,-119.90282,Mattawa,Washington,Grant County,US
47.05315,-123.26543,McCleary,Washington,Grays Harbor County,US
47.13982,-122.23651,McMillin,Washington,Pierce County,US
47.76739,-117.35494,Mead,Washington,Spokane County,US
45.75845,-122.56038,Meadow Glade,Washington,Clark County,US
47.85287,-122.33347,Meadowdale,Washington,Snohomish County,US
47.57294,-117.68216,Medical Lake,Washington,Spokane County,US
47.62093,-122.22762,Medina,Washington,King County,US
47.57065,-122.22207,Mercer Island,Washington,King County,US
47.16704,-122.40484,Midland,Washington,Pierce County,US
47.8601,-122.2043,Mill Creek,Washington,Snohomish County,US
45.6429,-122.49398,Mill Plain,Washington,Clark County,US
47.68128,-117.28271,Millwood,Washington,Spokane County,US
47.24816,-122.3129,Milton,Washington,Pierce County,US
45.65901,-122.64871,Minnehaha,Washington,Clark County,US
47.46232,-121.99567,Mirrormont,Washington,King County,US
47.85538,-121.97096,Monroe,Washington,Snohomish County,US
46.98121,-123.60266,Montesano,Washington,Grays Harbor County,US
46.55844,-122.2751,Morton,Washington,Lewis County,US
47.13014,-119.27808,Moses Lake,Washington,Grant County,US
48.42122,-122.33405,Mount Vernon,Washington,Skagit County,US
45.73428,-122.63288,Mount Vista,Washington,Clark County,US
47.78815,-122.30874,Mountlake Terrace,Washington,Snohomish County,US
47.94454,-122.30458,Mukilteo,Washington,Snohomish County,US
46.57455,-122.90818,Napavine,Washington,Lewis County,US
47.55343,-122.66458,Navy Yard City,Washington,Kitsap County,US
47.53899,-122.15568,Newcastle,Washington,King County,US
47.57121,-122.18068,Newport,Washington,King County,US
48.17963,-117.04326,Newport,Washington,Pend Oreille County,US
48.92762,-122.32155,Nooksack,Washington,Whatcom County,US
47.43621,-122.34068,Normandy Park,Washington,King County,US
47.49566,-121.78678,North Bend,Washington,King County,US
47.81954,-122.17624,North Creek,Washington,Snohomish County,US
47.20677,-122.28234,North Puyallup,Washington,Pierce County,US
46.96315,-122.6029,North Yelm,Washington,Thurston County,US
48.29316,-122.64322,Oak Harbor,Washington,Island County,US
46.49177,-124.05208,Ocean Park,Washington,Pacific County,US
46.9737,-124.15629,Ocean Shores,Washington,Grays Harbor County,US
48.36126,-119.58339,Okanogan,Washington,Okanogan County,US
47.03787,-122.9007,Olympia,Washington,Thurston County,US
48.41099,-119.52755,Omak,Washington,Okanogan County,US
47.64995,-117.23991,Opportunity,Washington,Spokane County,US
45.66651,-122.56093,Orchards,Washington,Clark County,US
48.93905,-119.43562,Oroville,Washington,Okanogan County,US
47.09788,-122.20428,Orting,Washington,Pierce County,US
46.82597,-119.17529,Othello,Washington,Adams County,US
47.26455,-122.25012,Pacific,Washington,King County,US
47.15538,-122.43401,Parkland,Washington,Pierce County,US
47.53315,-122.61014,Parkwood,Washington,Kitsap County,US
46.23958,-119.10057,Pasco,Washington,Franklin County,US
48.98538,-123.07797,Point Roberts,Washington,Whatcom County,US
46.47487,-117.60269,Pomeroy,Washington,Garfield County,US
48.11815,-123.43074,Port Angeles,Washington,Clallam County,US
47.92537,-122.68349,Port Ludlow,Washington,Jefferson County,US
47.54037,-122.63625,Port Orchard,Washington,Kitsap County,US
48.11704,-122.76045,Port Townsend,Washington,Jefferson County,US
47.73593,-122.64654,Poulsbo,Washington,Kitsap County,US
47.1376,-122.14873,Prairie Ridge,Washington,Pierce County,US
46.2068,-119.76892,Prosser,Washington,Benton County,US
46.73127,-117.17962,Pullman,Washington,Whitman County,US
47.38899,-122.62541,Purdy,Washington,Pierce County,US
47.18538,-122.2929,Puyallup,Washington,Pierce County,US
47.2343,-119.85255,Quincy,Washington,Grant County,US
46.88815,-122.68846,Rainier,Washington,Thurston County,US
47.35232,-121.98373,Ravensdale,Washington,King County,US
46.68649,-123.73294,Raymond,Washington,Pacific County,US
47.67399,-122.12151,Redmond,Washington,King County,US
47.48288,-122.21707,Renton,Washington,King County,US
48.64822,-118.73781,Republic,Washington,Ferry County,US
46.28569,-119.28446,Richland,Washington,Benton County,US
45.81511,-122.7426,Ridgefield,Washington,Clark County,US
47.46649,-121.75039,Riverbend,Washington,King County,US
47.48427,-122.29457,Riverton,Washington,King County,US
47.12737,-118.37998,Ritzville,Washington,Adams County,US
46.82177,-123.09625,Rochester,Washington,Thurston County,US
47.59287,-122.66848,Rocky Point,Washington,Kitsap County,US
47.33149,-122.65235,Rosedale,Washington,Pierce County,US
46.90097,-119.63059,Royal City,Washington,Grant County,US
45.71067,-122.64899,Salmon Creek,Washington,Clark County,US
47.64177,-122.0804,Sammamish,Washington,King County,US
47.44846,-122.29217,SeaTac,Washington,King County,US
47.63954,-122.82849,Seabeck,Washington,Kitsap County,US
47.60621,-122.33207,Seattle,Washington,King County,US
48.50389,-122.23611,Sedro-Woolley,Washington,Skagit County,US
46.65402,-120.53007,Selah,Washington,Yakima County,US
48.07954,-123.10184,Sequim,Washington,Clallam County,US
47.21509,-123.10071,Shelton,Washington,Mason County,US
47.75565,-122.34152,Shoreline,Washington,King County,US
47.64454,-122.69487,Silverdale,Washington,Kitsap County,US
48.11538,-122.09708,Sisco Heights,Washington,Snohomish County,US
48.15232,-122.18264,Smokey Point,Washington,Snohomish County,US
47.91288,-122.09818,Snohomish,Washington,Snohomish County,US
47.52871,-121.82539,Snoqualmie,Washington,King County,US
47.38931,-119.49059,Soap Lake,Washington,Grant County,US
46.66315,-123.80461,South Bend,Washington,Pacific County,US
47.14121,-122.27012,South Hill,Washington,Pierce County,US
47.51204,-122.5018,Southworth,Washington,Kitsap County,US
47.10399,-122.43457,Spanaway,Washington,Pierce County,US
47.65966,-117.42908,Spokane,Washington,Spokane County,US
47.67323,-117.23937,Spokane Valley,Washington,Spokane County,US
48.24121,-122.37071,Stanwood,Washington,Snohomish County,US
47.16982,-122.60263,Steilacoom,Washington,Pierce County,US
45.69567,-121.88452,Stevenson,Washington,Skamania County,US
48.72289,-122.34655,Sudden Valley,Washington,Whatcom County,US
47.8626,-121.81651,Sultan,Washington,Snohomish County,US
49.00012,-122.26488,Sumas,Washington,Whatcom County,US
47.16177,-122.35707,Summit,Washington,Pierce County,US
47.20316,-122.2404,Sumner,Washington,Pierce County,US
46.32374,-120.00865,Sunnyside,Washington,Yakima County,US
47.4729,-120.33674,Sunnyslope,Washington,Chelan County,US
47.73121,-122.55236,Suquamish,Washington,Kitsap County,US
47.25288,-122.44429,Tacoma,Washington,Pierce County,US
47.47538,-121.74622,Tanner,Washington,King County,US
46.85677,-122.85291,Tenino,Washington,Thurston County,US
46.60624,-120.43979,Terrace Heights,Washington,Yakima County,US
47.94482,-122.01152,Three Lakes,Washington,Snohomish County,US
46.70207,-120.75535,Tieton,Washington,Yakima County,US
48.70515,-119.4395,Tonasket,Washington,Okanogan County,US
46.37735,-120.30867,Toppenish,Washington,Yakima County,US
47.72739,-117.42161,Town and Country,Washington,Spokane County,US
47.60898,-122.65514,Tracyton,Washington,Kitsap County,US
47.69656,-117.21076,Trentwood,Washington,Spokane County,US
47.47399,-122.26096,Tukwila,Washington,King County,US
48.06843,-122.29181,Tulalip,Washington,Snohomish County,US
48.03732,-122.31014,Tulalip Bay,Washington,Snohomish County,US
47.00732,-122.90931,Tumwater,Washington,Thurston County,US
46.55735,-120.47506,Union Gap,Washington,Yakima County,US
47.23565,-122.5504,University Place,Washington,Pierce County,US
45.63873,-122.66149,Vancouver,Washington,Clark County,US
47.44732,-122.45985,Vashon,Washington,King County,US
47.64995,-117.20738,Veradale,Washington,Spokane County,US
45.77373,-122.42454,Venersborg,Washington,Clark County,US
46.27042,-118.15329,Waitsburg,Washington,Walla Walla County,US
46.06458,-118.34302,Walla Walla,Washington,Walla Walla County,US
47.20066,-122.36929,Waller,Washington,Pierce County,US
45.66789,-122.59899,Walnut Grove,Washington,Clark County,US
46.44763,-120.42034,Wapato,Washington,Yakima County,US
46.96764,-119.03973,Warden,Washington,Grant County,US
48.17065,-122.3646,Warm Beach,Washington,Snohomish County,US
45.58262,-122.35342,Washougal,Washington,Clark County,US
47.64708,-120.07118,Waterville,Washington,Douglas County,US
47.37899,-122.64263,Wauna,Washington,Pierce County,US
47.42346,-120.31035,Wenatchee,Washington,Chelan County,US
47.5776,-122.10123,West Lake Sammamish,Washington,King County,US
47.99343,-122.1018,West Lake Stevens,Washington,Snohomish County,US
46.16789,-122.999,West Longview,Washington,Cowlitz County,US
46.24541,-119.18279,West Pasco,Washington,Franklin County,US
46.3043,-119.36141,West Richland,Washington,Benton County,US
46.59207,-120.60507,West Valley,Washington,Yakima County,US
47.44374,-120.35341,West Wenatchee,Washington,Chelan County,US
46.89009,-124.10406,Westport,Washington,Grays Harbor County,US
47.51732,-122.35485,White Center,Washington,King County,US
45.72762,-121.48646,White Salmon,Washington,Klickitat County,US
46.49122,-122.9379,Winlock,Washington,Lewis County,US
47.62621,-122.52124,Bainbridge Island,Washington,Kitsap County,US
47.26871,-122.58402,Wollochet,Washington,Pierce County,US
47.75427,-122.16346,Woodinville,Washington,King County,US
45.90456,-122.74399,Woodland,Washington,Cowlitz County,US
47.87871,-121.89846,Woods Creek,Washington,Snohomish County,US
47.79621,-122.38291,Woodway,Washington,Snohomish County,US
45.86595,-122.40621,Yacolt,Washington,Clark County,US
46.60207,-120.5059,Yakima,Washington,Yakima County,US
47.64621,-122.21735,Yarrow Point,Washington,King County,US
46.94204,-122.60596,Yelm,Washington,Thurston County,US
46.40207,-120.262,Zillah,Washington,Yakima County,US
42.72493,-110.93187,Afton,Wyoming,Lincoln County,US
42.96218,-108.48983,Arapahoe,Wyoming,Fremont County,US
42.91358,-106.34336,Bar Nunn,Wyoming,Natrona County,US
44.37996,-108.03899,Basin,Wyoming,Big Horn County,US
44.34831,-106.69894,Buffalo,Wyoming,Johnson County,US
42.86663,-106.31308,Casper,Wyoming,Natrona County,US
41.13998,-104.82025,Cheyenne,Wyoming,Laramie County,US
44.52634,-109.05653,Cody,Wyoming,Park County,US
42.75969,-105.38221,Douglas,Wyoming,Converse County,US
43.02496,-108.77262,Ethete,Wyoming,Fremont County,US
41.26828,-110.96324,Evanston,Wyoming,Uinta County,US
42.85997,-106.26836,Evansville,Wyoming,Natrona County,US
43.00635,-108.88235,Fort Washakie,Wyoming,Fremont County,US
44.29109,-105.50222,Gillette,Wyoming,Campbell County,US
42.86136,-105.87223,Glenrock,Wyoming,Converse County,US
41.52858,-109.46625,Green River,Wyoming,Sweetwater County,US
44.48912,-108.05621,Greybull,Wyoming,Big Horn County,US
42.26969,-104.74163,Guernsey,Wyoming,Platte County,US
43.28187,-110.78381,Hoback,Wyoming,Teton County,US
43.47993,-110.76243,Jackson,Wyoming,Teton County,US
41.79245,-110.53767,Kemmerer,Wyoming,Lincoln County,US
42.83301,-108.73067,Lander,Wyoming,Fremont County,US
41.31137,-105.5911,Laramie,Wyoming,Albany County,US
44.83745,-108.38956,Lovell,Wyoming,Big Horn County,US
42.76247,-104.45217,Lusk,Wyoming,Niobrara County,US
41.32745,-110.29293,Lyman,Wyoming,Uinta County,US
42.55355,-110.10932,Marbleton,Wyoming,Sublette County,US
42.84052,-106.36586,Mills,Wyoming,Natrona County,US
44.26331,-104.95025,Moorcroft,Wyoming,Crook County,US
43.52521,-110.84466,Moose Wilson Road,Wyoming,Teton County,US
41.26884,-110.33988,Mountain View,Wyoming,Uinta County,US
43.8547,-104.20494,Newcastle,Wyoming,Weston County,US
41.64358,-109.26568,North Rock Springs,Wyoming,Sweetwater County,US
41.18193,-104.06912,Pine Bluffs,Wyoming,Laramie County,US
42.86661,-109.86099,Pinedale,Wyoming,Sublette County,US
44.75384,-108.75735,Powell,Wyoming,Park County,US
43.42604,-110.79909,Rafter J Ranch,Wyoming,Teton County,US
41.21859,-104.79025,Ranchettes,Wyoming,Laramie County,US
41.79107,-107.23866,Rawlins,Wyoming,Carbon County,US
43.02496,-108.3801,Riverton,Wyoming,Fremont County,US
41.58746,-109.2029,Rock Springs,Wyoming,Sweetwater County,US
41.45496,-106.80643,Saratoga,Wyoming,Carbon County,US
44.79719,-106.95618,Sheridan,Wyoming,Sheridan County,US
44.24109,-105.42222,Sleepy Hollow,Wyoming,Campbell County,US
41.09693,-104.80636,South Greeley,Wyoming,Laramie County,US
43.42215,-110.79326,South Park,Wyoming,Teton County,US
44.40637,-104.37578,Sundance,Wyoming,Crook County,US
43.64607,-108.21204,Thermopolis,Wyoming,Hot Springs County,US
42.06246,-104.18439,Torrington,Wyoming,Goshen County,US
44.0997,-104.62802,Upton,Wyoming,Weston County,US
42.05407,-104.95295,Wheatland,Wyoming,Platte County,US
43.50076,-110.87521,Wilson,Wyoming,Teton County,US
44.0169,-107.95537,Worland,Wyoming,Washakie County,US
43.74692,-105.47055,Wright,Wyoming,Campbell County,US
42.42206,-123.30811,Fruitdale,Oregon,Josephine County,US
42.40733,-124.42177,Gold Beach,Oregon,Curry County,US
40.3769,-111.79576,American Fork,Utah,Utah County,US
55.47639,-133.14833,Craig,Alaska,Annette Island Reserve,US
59.22859,-135.44411,Haines,Alaska,Haines Borough,US
21.45759,-157.84431,Kahalu'u,Hawaii,Honolulu County,US
21.68028,-157.95111,Kahuku,Hawaii,Honolulu County,US
20.88953,-156.47432,Kahului,Hawaii,Maui County,US
21.40241,-157.74054,Kailua,Hawaii,Honolulu County,US
19.63927,-155.99024,Kailua-Kona,Hawaii,Hawaii County,US
21.92416,-159.52686,Kalaheo,Hawaii,Kauai County,US
19.72861,-155.98167,Kalaoa,Hawaii,Hawaii County,US
21.40929,-157.80092,Kane'ohe,Hawaii,Honolulu County,US
22.07521,-159.31895,Kapa'a,Hawaii,Kauai County,US
20.23389,-155.80194,Kapaau,Hawaii,Hawaii County,US
21.08964,-157.0174,Kaunakakai,Hawaii,Maui County,US
19.62265,-155.03744,Kea'au,Hawaii,Hawaii County,US
19.52083,-155.9225,Kealakekua,Hawaii,Hawaii County,US
21.96686,-159.71186,Kekaha,Hawaii,Kauai County,US
20.70711,-156.35446,Keokea,Hawaii,Maui County,US
20.75924,-156.45802,Kihei,Hawaii,Maui County,US
22.21208,-159.41342,Kilauea,Hawaii,Kauai County,US
21.90236,-159.46416,Koloa,Hawaii,Kauai County,US
21.15306,-157.03677,Kualapu'u,Hawaii,Maui County,US
19.60361,-155.05722,Kurtistown,Hawaii,Hawaii County,US
20.87429,-156.67663,Lahaina,Hawaii,Maui County,US
21.64547,-157.9225,La'ie,Hawaii,Honolulu County,US
20.82757,-156.92399,Lana'i City,Hawaii,Maui County,US
21.92159,-159.50376,Lawa'i,Hawaii,Kauai County,US
19.46972,-154.91778,Leilani Estates,Hawaii,Hawaii County,US
19.4675,-154.91722,Leilani Estates,Hawaii,Hawaii County,US
21.98121,-159.3721,Lihue,Hawaii,Kauai County,US
21.41629,-158.17531,Ma'ili,Hawaii,Honolulu County,US
21.46627,-158.21037,Makaha,Hawaii,Honolulu County,US
21.47583,-158.19918,Makaha Valley,Hawaii,Honolulu County,US
21.34694,-158.08583,Makakilo City,Hawaii,Honolulu County,US
20.85694,-156.31306,Makawao,Hawaii,Maui County,US
21.37278,-157.77056,Maunawili,Hawaii,Honolulu County,US
21.45,-158.00111,Mililani Town,Hawaii,Honolulu County,US
21.57967,-158.15313,Mokuleia,Hawaii,Honolulu County,US
19.55583,-155.10806,Mountain View,Hawaii,Hawaii County,US
21.39362,-158.15429,Nanakuli,Hawaii,Honolulu County,US
19.50611,-154.91194,Nanawale Estates,Hawaii,Hawaii County,US
19.50694,-154.91333,Nanawale Estates,Hawaii,Hawaii County,US
21.92453,-159.48563,'Oma'o,Hawaii,Kauai County,US
19.56084,-155.01527,Orchidlands Estates,Hawaii,Hawaii County,US
19.2025,-155.47694,Pahala,Hawaii,Hawaii County,US
20.90333,-156.36944,Paia,Hawaii,Maui County,US
19.78718,-155.09326,Papa'ikou,Hawaii,Hawaii County,US
21.39734,-157.97516,"Pearl City, Manana",Hawaii,Honolulu County,US
19.83361,-155.10722,Pepeekeo,Hawaii,Hawaii County,US
22.21758,-159.47888,Princeville,Hawaii,Kauai County,US
21.96888,-159.40012,Puhi,Hawaii,Kauai County,US
20.83667,-156.33667,Pukalani,Hawaii,Maui County,US
21.57045,-157.87557,Punalu'u,Hawaii,Honolulu County,US
21.57389,-157.87861,Punaluu,Hawaii,Honolulu County,US
21.65456,-158.06065,Pupukea,Hawaii,Honolulu County,US
21.39806,-158.03028,Village Park,Hawaii,Honolulu County,US
19.44276,-155.23398,Volcano,Hawaii,Hawaii County,US
21.50279,-158.02464,Wahiawa,Hawaii,Honolulu County,US
21.57688,-158.13154,Waialua,Hawaii,Honolulu County,US
21.10028,-156.76139,Waialua,Hawaii,Maui County,US
21.4434,-158.18587,Waianae,Hawaii,Honolulu County,US
20.85806,-156.50694,Waikapu,Hawaii,Maui County,US
19.93942,-155.78931,Waikoloa,Hawaii,Hawaii County,US
19.9325,-155.82778,Waikoloa Village,Hawaii,Hawaii County,US
22.04922,-159.33522,Wailua,Hawaii,Kauai County,US
20.84861,-156.13639,Wailua,Hawaii,Maui County,US
20.89111,-156.50472,Wailuku,Hawaii,Maui County,US
21.40472,-157.94333,Waimalu,Hawaii,Honolulu County,US
21.34614,-157.7238,Waimanalo,Hawaii,Honolulu County,US
21.33407,-157.70003,Waimanalo Beach,Hawaii,Honolulu County,US
21.95707,-159.66893,Waimea,Hawaii,Kauai County,US
20.02323,-155.67288,Waimea,Hawaii,Hawaii County,US
19.74472,-155.095,Wainaku,Hawaii,Hawaii County,US
21.38667,-158.00917,Waipahu,Hawaii,Honolulu County,US
21.41823,-157.99906,Waipio,Hawaii,Honolulu County,US
21.46485,-158.01331,Waipi'o Acres,Hawaii,Honolulu County,US
21.51429,-158.02464,Whitmore Village,Hawaii,Honolulu County,US
21.90738,-159.58322,'Ele'ele,Hawaii,Kauai County,US
21.31556,-158.00722,'Ewa Beach,Hawaii,Honolulu County,US
21.33955,-158.03185,'Ewa Gentry,Hawaii,Honolulu County,US
21.34239,-158.04399,'Ewa Villages,Hawaii,Honolulu County,US
19.51222,-155.08028,Fern Acres,Hawaii,Hawaii County,US
21.37944,-157.92167,Halawa,Hawaii,Honolulu County,US
21.37848,-157.91388,Halawa Heights,Hawaii,Honolulu County,US
21.58849,-158.11051,Hale'iwa,Hawaii,Honolulu County,US
20.75806,-155.99028,Hana,Hawaii,Maui County,US
21.99773,-159.35918,Hanama'ulu,Hawaii,Kauai County,US
21.90733,-159.5944,Hanapepe,Hawaii,Kauai County,US
21.91633,-159.58995,Hanapepe Heights,Hawaii,Kauai County,US
21.6076,-157.90868,Hau'ula,Hawaii,Honolulu County,US
19.54306,-154.91583,Hawaiian Beaches,Hawaii,Hawaii County,US
19.53806,-155.05222,Hawaiian Acres,Hawaii,Hawaii County,US
19.59333,-154.97306,Hawaiian Paradise Park,Hawaii,Hawaii County,US
19.06861,-155.765,Hawaiian Ocean View,Hawaii,Hawaii County,US
19.50139,-154.97056,Hawaiian Paradise Park,Hawaii,Hawaii County,US
20.24139,-155.83278,Hawi,Hawaii,Hawaii County,US
21.4277,-157.808,He'eia,Hawaii,Honolulu County,US
19.72991,-155.09073,Hilo,Hawaii,Hawaii County,US
19.61979,-155.94831,Holualoa,Hawaii,Hawaii County,US
19.54639,-155.93194,Honalo,Hawaii,Hawaii County,US
20.07931,-155.46691,Honoka'a,Hawaii,Hawaii County,US
21.30694,-157.85833,Honolulu,Hawaii,Honolulu County,US
21.38222,-157.93361,'Aiea,Hawaii,Honolulu County,US
21.44472,-157.83778,'Ahuimanu,Hawaii,Honolulu County,US
21.32776,-157.98301,Iroquois Point,Hawaii,Honolulu County,US
21.55445,-157.85103,Ka'a'awa,Hawaii,Honolulu County,US
20.92881,-156.69422,Ka'anapali,Hawaii,Maui County,US
20.9309,-156.68778,Kaanapali Landing,Hawaii,Maui County,US
19.52694,-154.99306,Ainaloa,Hawaii,Hawaii County,US
22.14226,-159.31388,Anahola,Hawaii,Kauai County,US
19.49694,-155.92167,Captain Cook,Hawaii,Hawaii County,US
61.54222,-149.03333,Butte,Alaska,Matanuska-Susitna Borough,US
60.36861,-151.30639,Cohoe,Alaska,Kenai Peninsula Borough,US
64.85694,-147.80278,College,Alaska,Fairbanks North Star Borough,US
60.54278,-145.7575,Cordova,Alaska,Valdez-Cordova Census Area,US
59.67611,-151.5575,Diamond Ridge,Alaska,Kenai Peninsula Borough,US
59.03972,-158.4575,Dillingham,Alaska,Dillingham Census Area,US
53.8898,-166.5422,Dutch Harbor,Alaska,Aleutians West Census Area,US
61.32139,-149.56778,Eagle River,Alaska,Anchorage Municipality,US
64.84722,-148.01444,Ester,Alaska,Fairbanks North Star Borough,US
64.83778,-147.71639,Fairbanks,Alaska,Fairbanks North Star Borough,US
59.73611,-151.29528,Fritz Creek,Alaska,Kenai Peninsula Borough,US
61.57278,-149.24083,Gateway,Alaska,Matanuska-Susitna Borough,US
60.9425,-149.16639,Girdwood,Alaska,Anchorage Municipality,US
63.85694,-148.96611,Healy,Alaska,Denali Borough,US
59.6425,-151.5494,Homer,Alaska,Kenai Peninsula Borough,US
61.53111,-166.09667,Hooper Bay,Alaska,Wade Hampton Census Area,US
61.63028,-149.81806,Houston,Alaska,Matanuska-Susitna Borough,US
60.41833,-151.29,Kalifornsky,Alaska,Kenai Peninsula Borough,US
60.55444,-151.25833,Kenai,Alaska,Kenai Peninsula Borough,US
57.79,-152.40722,Kodiak,Alaska,Kodiak Island Borough,US
66.89846,-162.59809,Kotzebue,Alaska,Northwest Arctic Borough,US
61.62611,-148.94556,Lazy Mountain,Alaska,Matanuska-Susitna Borough,US
61.62472,-149.60111,Meadow Lakes,Alaska,Matanuska-Susitna Borough,US
60.69028,-151.28889,Nikiski,Alaska,Kenai Peninsula Borough,US
64.50111,-165.40639,Nome,Alaska,Nome Census Area,US
64.75111,-147.34944,North Pole,Alaska,Fairbanks North Star Borough,US
70.2175,-150.97639,Nuiqsut,Alaska,North Slope Borough,US
61.59972,-149.11278,Palmer,Alaska,Matanuska-Susitna Borough,US
70.25528,-148.33722,Prudhoe Bay,Alaska,North Slope Borough,US
60.53194,-151.08528,Ridgeway,Alaska,Kenai Peninsula Borough,US
55.33655,-160.4988,Sand Point,Alaska,Aleutians East Borough,US
60.10426,-149.4435,Seward,Alaska,Kenai Peninsula Borough,US
60.48778,-151.05833,Soldotna,Alaska,Kenai Peninsula Borough,US
60.53722,-150.76472,Sterling,Alaska,Kenai Peninsula Borough,US
61.62694,-149.42806,Tanaina,Alaska,Matanuska-Susitna Borough,US
63.33667,-142.98556,Tok,Alaska,Southeast Fairbanks Census Area,US
53.87361,-166.53667,Unalaska,Alaska,Aleutians West Census Area,US
61.13083,-146.34833,Valdez,Alaska,Valdez-Cordova Census Area,US
61.58139,-149.43944,Wasilla,Alaska,Matanuska-Susitna Borough,US
61.74722,-150.0375,Willow,Alaska,Matanuska-Susitna Borough,US
54.13556,-165.77306,Akutan,Alaska,Aleutians East Borough,US
61.21806,-149.90028,Anchorage,Alaska,Anchorage Municipality,US
59.77667,-151.83139,Anchor Point,Alaska,Kenai Peninsula Borough,US
64.8,-147.53333,Badger,Alaska,Fairbanks North Star Borough,US
71.29058,-156.78872,Barrow,Alaska,North Slope Borough,US
60.16417,-149.395,Bear Creek,Alaska,Kenai Peninsula Borough,US
60.79222,-161.75583,Bethel,Alaska,Bethel Census Area,US
61.52139,-149.95444,Big Lake,Alaska,Matanuska-Susitna Borough,US
34.13216,-84.30067,Milton,Georgia,Fulton County,US
34.02893,-84.19858,Johns Creek,Georgia,Fulton County,US
27.9398,-80.57104,Grant-Valkaria,Florida,Brevard County,US
34.5291,-90.59,Helena-West Helena,Arkansas,Phillips County,US
44.18998,-103.34384,Summerset,South Dakota,Meade County,US
45.26522,-93.05015,Columbus,Minnesota,Anoka County,US
25.5783,-80.3377,Cutler Bay,Florida,Miami-Dade County,US
28.5641,-81.2114,Alafaya,Florida,Orange County,US
33.09917,-97.44639,New Fairview,Texas,Wise County,US
38.25846,-76.84386,Cobb Island,Maryland,Charles County,US
44.42526,-72.01512,St Johnsbury,Vermont,Caledonia County,US
43.54972,-70.57555,Dayton,Maine,York County,US
41.9366,-88.3975,Village of Campton Hills,Illinois,Kane County,US
35.139,-79.00603,Fort Bragg,North Carolina,Cumberland County,US
44.56472,-93.32694,Elko New Market,Minnesota,Scott County,US
41.37337,-74.17843,South Blooming Grove,New York,Orange County,US
34.53,-112.24222,Dewey-Humboldt,Arizona,Yavapai County,US
41.22374,-73.06164,City of Milford (balance),Connecticut,New Haven County,US
38.89472,-76.88654,Peppermill Village,Maryland,Prince George's County,US
26.12326,-80.17997,Boulevard Gardens,Florida,Broward County,US
28.54687,-82.52468,High Point,Florida,Hernando County,US
26.14087,-80.18027,Roosevelt Gardens,Florida,Broward County,US
45.90194,-112.65708,Butte-Silver Bow (Balance),Montana,Silver Bow County,US
47.60444,-122.03768,City of Sammamish,Washington,King County,US
38.00702,-122.31878,Bayview,California,Contra Costa County,US
34.73815,-106.66854,Las Maravillas,New Mexico,Valencia County,US
34.75898,-106.64085,Monterey Park,New Mexico,Valencia County,US
48.93815,-122.14733,Peaceful Valley,Washington,Whatcom County,US
40.01569,-122.40072,Rancho Tehama Reserve,California,Tehama County,US
34.64959,-106.73403,Rio Communities,New Mexico,Valencia County,US
47.86602,-122.1551,Silver Firs,Washington,Snohomish County,US
34.7105,-112.01152,Verde Village,Arizona,Yavapai County,US
38.46449,-121.34692,Vineyard,California,Sacramento County,US
33.55063,-84.76049,Chattahoochee Hills,Georgia,Fulton County,US
33.92417,-116.44139,Desert Edge,California,Riverside County,US
40.39557,-75.96216,Fox Chase,Pennsylvania,Berks County,US
29.84249,-81.31448,Saint Augustine South,Florida,Saint Johns County,US
37.98996,-75.42272,Captains Cove,Virginia,Accomack County,US
33.23065,-97.0019,Cross Roads,Texas,Denton County,US
29.68324,-95.93571,Weston Lakes,Texas,Fort Bend County,US
41.38548,-72.06877,Conning Towers-Nautilus Park,Connecticut,New London County,US
41.38221,-72.43862,Deep River Center,Connecticut,Middlesex County,US
41.35544,-72.39101,Essex Village,Connecticut,Middlesex County,US
41.28156,-72.67619,Guilford Center,Connecticut,New Haven County,US
41.27925,-72.60048,Madison Center,Connecticut,New Haven County,US
41.87996,-72.9753,New Hartford Center,Connecticut,Litchfield County,US
41.77685,-73.07922,Northwest Harwinton,Connecticut,Litchfield County,US
41.2915,-72.36528,Old Saybrook Center,Connecticut,Middlesex County,US
41.44391,-72.12502,Oxoboxo River,Connecticut,New London County,US
41.67686,-71.92489,Plainfield Village,Connecticut,Windham County,US
41.88088,-72.81116,Simsbury Center,Connecticut,Hartford County,US
41.44987,-72.81892,Wallingford Center,Connecticut,New Haven County,US
41.27997,-72.44254,Westbrook Center,Connecticut,Middlesex County,US
41.54453,-73.20476,Woodbury Center,Connecticut,Litchfield County,US
41.68508,-70.90642,Acushnet Center,Massachusetts,Bristol County,US
42.07495,-70.65843,Green Harbor-Cedar Crest,Massachusetts,Plymouth County,US
41.69235,-70.06938,Harwich Center,Massachusetts,Barnstable County,US
43.1141,-71.8992,Hillsborough,New Hampshire,Hillsborough County,US
43.443,-71.59364,Tilton-Northfield,New Hampshire,Merrimack County,US
41.51579,-71.28752,Newport East,Rhode Island,Newport County,US
41.44606,-71.5004,Wakefield-Peacedale,Rhode Island,Washington County,US
42.02262,-71.21808,Mansfield Center,Massachusetts,Bristol County,US
41.70424,-70.76286,Marion Center,Massachusetts,Plymouth County,US
41.66595,-70.8072,Mattapoisett Center,Massachusetts,Plymouth County,US
41.8946,-70.92618,Middleborough Center,Massachusetts,Plymouth County,US
42.1648,-71.35442,Millis-Clicquot,Massachusetts,Norfolk County,US
42.09898,-72.30481,Monson Center,Massachusetts,Hampden County,US
41.69029,-70.1025,Northwest Harwich,Massachusetts,Barnstable County,US
41.97254,-71.18535,Norton Center,Massachusetts,Bristol County,US
42.10234,-70.65736,Ocean Bluff-Brant Rock,Massachusetts,Plymouth County,US
41.6401,-73.20308,Bethlehem Village,Connecticut,Litchfield County,US
41.27738,-72.81511,Branford Center,Connecticut,New Haven County,US
41.34504,-72.12948,Central Waterford,Connecticut,New London County,US
41.5026,-72.89952,Cheshire Village,Connecticut,New Haven County,US
41.40132,-72.4527,Chester Center,Connecticut,Middlesex County,US
40.78037,-76.57528,Fairview-Ferndale,Pennsylvania,Northumberland County,US
38.7119,-77.14589,Fort Belvoir,Virginia,Fairfax County,US
44.05843,-75.76189,Fort Drum,New York,Jefferson County,US
37.24694,-77.33442,Fort Lee,Virginia,Prince George County,US
39.10815,-76.74323,Fort Meade,Maryland,Anne Arundel County,US
39.46686,-76.13066,Aberdeen Proving Ground,Maryland,Harford County,US
38.80531,-76.8746,Andrews AFB,Maryland,Prince George's County,US
39.14976,-77.00504,Ashton-Sandy Spring,Maryland,Montgomery County,US
41.44162,-74.11629,Beaverdam Lake-Salisbury Mills,New York,Orange County,US
39.55429,-76.37309,Bel Air North,Maryland,Harford County,US
39.50506,-76.31977,Bel Air South,Maryland,Harford County,US
40.26901,-75.21401,Brittany Farms-Highlands,Pennsylvania,Bucks County,US
41.41485,-73.68524,Carmel Hamlet,New York,Putnam County,US
40.51856,-80.21736,Carnot-Moon,Pennsylvania,Allegheny County,US
40.31819,-80.19331,Cecil-Bishop,Pennsylvania,Washington County,US
41.62711,-80.31008,Conneaut Lakeshore,Pennsylvania,Crawford County,US
42.59431,-76.22587,Cortland West,New York,Cortland County,US
39.11763,-75.48393,Dover Base Housing,Delaware,Kent County,US
40.97276,-72.18911,East Hampton North,New York,Suffolk County,US
40.03977,-74.58174,McGuire AFB,New Jersey,Burlington County,US
39.96591,-74.96441,Moorestown-Lenola,New Jersey,Burlington County,US
37.83857,-82.0297,Mount Gay-Shamrock,West Virginia,Logan County,US
38.71919,-77.10726,Mount Vernon,Virginia,Fairfax County,US
38.98568,-76.48774,Naval Academy,Maryland,Anne Arundel County,US
41.02208,-80.35682,New Castle Northwest,Pennsylvania,Lawrence County,US
43.01969,-73.85109,North Ballston Spa,New York,Saratoga County,US
42.47032,-76.46228,Northeast Ithaca,New York,Tompkins County,US
42.14944,-79.99463,Northwest Harborcreek,Pennsylvania,Erie County,US
42.47059,-76.54145,Northwest Ithaca,New York,Tompkins County,US
39.68042,-77.6929,Paramount-Long Meadow,Maryland,Washington County,US
44.68315,-73.50295,Plattsburgh West,New York,Clinton County,US
41.58546,-80.4796,Pymatuning Central,Pennsylvania,Crawford County,US
38.52263,-77.31834,Quantico Station,Virginia,Prince William County,US
40.82642,-72.69673,Remsenburg-Speonk,New York,Suffolk County,US
39.09977,-75.50488,Rising Sun-Lebanon,Delaware,Kent County,US
41.85038,-74.07379,Rosendale Village,New York,Ulster County,US
39.1023,-77.06898,Leisure World,Maryland,Montgomery County,US
39.68636,-77.71901,Fountainhead-Orchard Hills,Maryland,Washington County,US
38.96322,-77.09002,Friendship Village,Maryland,Montgomery County,US
43.33506,-73.68251,Glens Falls North,New York,Warren County,US
41.10178,-72.37195,Greenport West,New York,Suffolk County,US
39.91541,-77.60105,Guilford,Pennsylvania,Franklin County,US
39.95324,-74.23778,Holiday City South,New Jersey,Ocean County,US
39.9638,-74.27803,Holiday City-Berkeley,New Jersey,Ocean County,US
40.87206,-79.9206,Homeacre-Lyndora,Pennsylvania,Butler County,US
42.19278,-76.80782,Horseheads North,New York,Chemung County,US
42.08851,-79.2811,Jamestown West,New York,Chautauqua County,US
41.31797,-73.80066,Jefferson Valley-Yorktown,New York,Westchester County,US
40.32804,-76.40644,Lebanon South,Pennsylvania,Lebanon County,US
40.00416,-74.26629,Leisure Village West-Pine Lake Park,New Jersey,Ocean County,US
39.87744,-79.73133,Leith-Hatfield,Pennsylvania,Fayette County,US
40.13071,-79.85135,Lynnwood-Pricedale,Pennsylvania,Westmoreland County,US
42.06139,-73.95067,Saugerties South,New York,Ulster County,US
40.93064,-73.10179,Setauket-East Setauket,New York,Suffolk County,US
40.91045,-79.91562,Shanor-Northvue,Pennsylvania,Butler County,US
40.29864,-79.99405,South Park Township,Pennsylvania,Allegheny County,US
42.98499,-78.87798,Tonawanda,New York,Erie County,US
39.86363,-75.42548,Village Green-Green Ridge,Pennsylvania,Delaware County,US
40.83697,-75.68643,Weissport East,Pennsylvania,Carbon County,US
39.04305,-74.86538,Whitesboro-Burleigh,New Jersey,Cape May County,US
40.32982,-74.44511,Whittingham,New Jersey,Middlesex County,US
40.17749,-79.90684,Wickerham Manor-Fisher,Pennsylvania,Washington County,US
39.65351,-77.83157,Wilson-Conococheague,Maryland,Washington County,US
39.06756,-75.53748,Woodside East,Delaware,Kent County,US
37.70573,-92.15717,Fort Leonard Wood,Missouri,Pulaski County,US
39.11081,-96.81392,Fort Riley North,Kansas,Riley County,US
47.95493,-97.38664,Grand Forks Air Force Base,North Dakota,Grand Forks County,US
40.05207,-82.54166,Granville South,Ohio,Licking County,US
40.65753,-86.14755,Grissom Air Force Base,Indiana,Miami County,US
46.34651,-87.38632,K. I. Sawyer Air Force Base,Michigan,Marquette County,US
44.89095,-88.54406,Legend Lake,Wisconsin,Menominee County,US
42.36418,-85.2665,Level Park-Oak Park,Michigan,Calhoun County,US
41.97565,-84.28616,Manitou Beach-Devils Lake,Michigan,Lenawee County,US
48.42087,-101.33914,Minot Air Force Base,North Dakota,Ward County,US
41.1538,-81.64378,Montrose-Ghent,Ohio,Summit County,US
44.51222,-103.8939,North Spearfish,South Dakota,Lawrence County,US
41.12024,-95.92095,Offutt Air Force Base,Nebraska,Sarpy County,US
38.5427,-89.85035,Scott Air Force Base,Illinois,Saint Clair County,US
41.88169,-86.61409,Shorewood-Tower Hills-Harbert,Michigan,Berrien County,US
43.17956,-83.3123,Barnes Lake-Millers Lake,Michigan,Lapeer County,US
41.28999,-80.84595,Champion Heights,Ohio,Trumbull County,US
42.32182,-85.51759,Comstock Northwest,Michigan,Kalamazoo County,US
42.56891,-83.38356,West Bloomfield Township,Michigan,Oakland County,US
38.73018,-93.55895,Whiteman Air Force Base,Missouri,Johnson County,US
39.81113,-84.05731,Wright-Patterson AFB,Ohio,Greene County,US
28.38334,-82.19389,Dade City North,Florida,Pasco County,US
29.0077,-81.31129,De Land Southwest,Florida,Volusia County,US
29.45928,-82.5904,East Bronson,Florida,Levy County,US
27.98269,-82.37878,East Lake-Orient Park,Florida,Hillsborough County,US
30.45907,-86.55026,Eglin Air Force Base,Florida,Okaloosa County,US
36.65429,-87.46056,Fort Campbell North,Kentucky,Christian County,US
37.89113,-85.96363,Fort Knox,Kentucky,Hardin County,US
27.47364,-80.3593,Fort Pierce North,Florida,Saint Lucie County,US
27.40962,-80.35483,Fort Pierce South,Florida,Saint Lucie County,US
31.10302,-93.17913,Fort Polk North,Louisiana,Vernon Parish,US
31.0511,-93.21578,Fort Polk South,Louisiana,Vernon Parish,US
31.34282,-85.71538,Fort Rucker,Alabama,Dale County,US
31.87217,-81.61001,Fort Stewart,Georgia,Liberty County,US
28.33287,-81.64738,Four Corners,Florida,Lake County,US
28.10545,-82.52594,Greater Northdale,Florida,Hillsborough County,US
27.29949,-80.22045,Hutchinson Island South,Florida,Saint Lucie County,US
28.8642,-82.37688,Inverness Highlands North,Florida,Citrus County,US
28.80055,-82.3371,Inverness Highlands South,Florida,Citrus County,US
30.17881,-81.74341,Bellair-Meadowbrook Terrace,Florida,Clay County,US
33.72672,-84.27246,Candler-McAfee,Georgia,DeKalb County,US
28.35942,-80.77109,Cocoa West,Florida,Brevard County,US
33.64152,-88.45064,Columbus Air Force Base,Mississippi,Lowndes County,US
29.04932,-81.06192,Samsula-Spruce Creek,Florida,Volusia County,US
32.37843,-87.0074,Selmont-West Selmont,Alabama,Dallas County,US
35.03472,-82.49265,Slater-Marietta,South Carolina,Greenville County,US
27.18629,-81.8521,Southeast Arcadia,Florida,DeSoto County,US
30.08535,-85.60731,Tyndall Air Force Base,Florida,Bay County,US
34.87695,-87.69717,Underwood-Petersville,Alabama,Lauderdale County,US
28.0692,-82.43609,University,Florida,Hillsborough County,US
27.61638,-80.41308,Vero Beach South,Florida,Indian River County,US
34.51641,-81.9858,Watts Mills,South Carolina,Laurens County,US
33.6525,-85.8742,West End-Cobb Town,Alabama,Calhoun County,US
28.25172,-82.16557,Zephyrhills North,Florida,Pasco County,US
28.21492,-82.18873,Zephyrhills South,Florida,Pasco County,US
28.23081,-82.20556,Zephyrhills West,Florida,Pasco County,US
25.7065,-80.4388,Kendall West,Florida,Miami-Dade County,US
30.79836,-81.56589,Kings Bay Base,Georgia,Camden County,US
29.00074,-81.42397,Lake Mack-Forest Hills,Florida,Lake County,US
34.12048,-81.2645,Lake Murray of Richland,South Carolina,Richland County,US
35.58043,-81.01654,Lake Norman of Catawba,North Carolina,Catawba County,US
32.55049,-88.61849,Meridian Station,Mississippi,Lauderdale County,US
34.7161,-81.585,Monarch Mill,South Carolina,Union County,US
30.51111,-81.80925,Nassau Village-Ratliff,Florida,Nassau County,US
28.26027,-82.69261,New Port Richey East,Florida,Pasco County,US
28.55014,-82.55888,North Weeki Wachee,Florida,Hernando County,US
33.9809,-81.14286,Oak Grove,South Carolina,Lexington County,US
27.92386,-82.37939,Palm River-Clair Mel,Florida,Hillsborough County,US
34.68387,-86.64764,Redstone Arsenal,Alabama,Madison County,US
32.60911,-83.58444,Robins Air Force Base,Georgia,Houston County,US
46.38742,-117.083,Clarkston Heights-Vineland,Washington,Asotin County,US
38.99425,-104.86375,Air Force Academy,Colorado,El Paso County,US
37.47735,-105.84217,Alamosa East,Colorado,Alamosa County,US
44.22488,-105.47409,Antelope Valley-Crestview,Wyoming,Campbell County,US
36.96064,-121.83404,Aptos Hills-Larkin Valley,California,Santa Cruz County,US
38.6025,-121.37854,Arden-Arcade,California,Sacramento County,US
48.33812,-122.67441,Ault Field,Washington,Island County,US
47.72274,-122.71446,Bangor Trident Base,Washington,Kitsap County,US
39.10917,-121.35444,Beale Air Force Base,California,Yuba County,US
41.7525,-124.15875,Bertsch-Oceanview,California,Del Norte County,US
34.7809,-111.76227,Village of Oak Creek (Big Park),Arizona,Yavapai County,US
38.11547,-122.51318,Black Point-Green Point,California,Marin County,US
36.98467,-119.87463,Bonadelle Ranchos-Madera Ranchos,California,Madera County,US
46.87669,-113.88678,Bonner-West Riverside,Montana,Missoula County,US
37.60207,-121.00519,Bret Harte,California,Stanislaus County,US
47.4943,-122.24092,Bryn Mawr-Skyway,Washington,King County,US
33.31465,-117.31603,Camp Pendleton North,California,San Diego County,US
33.22844,-117.37929,Camp Pendleton South,California,San Diego County,US
34.39689,-103.32444,Cannon Air Force Base,New Mexico,Curry County,US
32.76397,-116.96877,Casa de Oro-Mount Helix,California,San Diego County,US
38.94354,-105.00237,Cascade-Chipita Park,Colorado,El Paso County,US
33.40372,-110.81541,Central Heights-Midland City,Arizona,Gila County,US
39.46447,-121.26338,Challenge-Brownsville,California,Yuba County,US
34.91637,-117.93535,Edwards Air Force Base,California,Kern County,US
47.59719,-122.70225,Erlands Point-Kitsap Lake,Washington,Kitsap County,US
47.61879,-117.64826,Fairchild Air Force Base,Washington,Spokane County,US
38.04011,-122.5755,Lucas Valley-Marinwood,California,Marin County,US
47.50549,-111.18302,Malmstrom Air Force Base,Montana,Cascade County,US
47.44413,-122.09736,Maple Heights-Lake Desire,Washington,King County,US
33.89209,-117.2631,March Air Force Base,California,Riverside County,US
48.78965,-122.55369,Marietta-Alderwood,Washington,Whatcom County,US
47.13397,-122.49157,McChord Air Force Base,Washington,Pierce County,US
38.3214,-122.48682,Fetters Hot Springs-Agua Caliente,California,Sonoma County,US
33.96772,-118.24438,Florence-Graham,California,Los Angeles County,US
31.81357,-106.41224,Fort Bliss,Texas,El Paso County,US
31.13489,-97.77561,Fort Hood,Texas,Bell County,US
47.10787,-122.57694,Fort Lewis,Washington,Pierce County,US
41.11203,-104.78546,Fox Farm-College,Wyoming,Laramie County,US
45.464,-122.75891,Garden Home-Whitford,Oregon,Washington County,US
40.06335,-105.17107,Gunbarrel,Colorado,Boulder County,US
34.41414,-110.56956,Heber-Overgaard,Arizona,Navajo County,US
46.69882,-111.95207,Helena Valley Northeast,Montana,Lewis and Clark County,US
46.72894,-112.06275,Helena Valley Northwest,Montana,Lewis and Clark County,US
46.61527,-111.92156,Helena Valley Southeast,Montana,Lewis and Clark County,US
46.66291,-112.06044,Helena Valley West Central,Montana,Lewis and Clark County,US
46.59672,-112.11304,Helena West Side,Montana,Lewis and Clark County,US
37.52272,-122.34506,Highlands-Baywood Park,California,San Mateo County,US
37.40454,-120.85042,Hilmar-Irwin,California,Merced County,US
32.84827,-106.09977,Holloman Air Force Base,New Mexico,Otero County,US
33.74429,-116.72587,Idyllwild-Pine Cove,California,Riverside County,US
47.72049,-122.23167,Inglewood-Finn Hill,Washington,King County,US
34.23216,-118.23529,La Crescenta-Montrose,California,Los Angeles County,US
29.38663,-98.61797,Lackland Air Force Base,Texas,Bexar County,US
38.01793,-122.69124,Lagunitas-Forest Knolls,California,Marin County,US
47.69263,-121.91513,Lake Marcel-Stillwater,Washington,King County,US
47.33251,-122.10286,Lake Morton-Berrydale,Washington,King County,US
47.33343,-122.27695,Lakeland North,Washington,King County,US
47.27843,-122.28326,Lakeland South,Washington,King County,US
38.51342,-122.75094,Larkfield-Wikiup,California,Sonoma County,US
29.35663,-100.78353,Laughlin Air Force Base,Texas,Val Verde County,US
39.2576,-106.30138,Leadville North,Colorado,Lake County,US
36.87101,-111.43277,LeChee,Arizona,Coconino County,US
36.26326,-119.90476,Lemoore Station,California,Kings County,US
37.38639,-118.41527,Dixon Lane-Meadow Creek,California,Inyo County,US
47.41052,-122.17369,East Hill-Meridian,Washington,King County,US
31.45385,-110.21637,Sierra Vista Southeast,Arizona,Cochise County,US
35.03279,-107.61396,Skyline-Ganipa,New Mexico,Cibola County,US
38.78421,-119.34425,Smith Valley,Nevada,Lyon County,US
47.39012,-120.28958,South Wenatchee,Washington,Chelan County,US
47.19433,-119.31719,Moses Lake North,Washington,Grant County,US
43.04963,-115.86561,Mountain Home Air Force Base,Idaho,Elmore County,US
36.24607,-115.05721,Nellis Air Force Base,Nevada,Clark County,US
35.26504,-114.03226,New Kingman-Butler,Arizona,Mohave County,US
39.08831,-122.90538,North Lakeport,California,Lake County,US
45.41418,-122.60007,Oatfield,Oregon,Clackamas County,US
36.05082,-106.06897,Ohkay Owingeh,New Mexico,Rio Arriba County,US
39.51126,-121.47519,Oroville East,California,Butte County,US
47.70988,-117.07975,Otis Orchards-East Farms,Washington,Spokane County,US
36.05635,-119.14919,Poplar-Cotton Center,California,Tulare County,US
48.10667,-123.37172,Port Angeles East,Washington,Clallam County,US
48.03273,-122.78529,Port Hadlock-Irondale,Washington,Jefferson County,US
43.26452,-123.30331,Roseburg North,Oregon,Douglas County,US
38.74728,-104.71439,Security-Widefield,Colorado,El Paso County,US
36.3033,-109.21566,Tsaile,Arizona,Apache County,US
47.67887,-122.02833,Union Hill-Novelty Hill,Washington,King County,US
32.13238,-111.11414,Valencia West,Arizona,Pima County,US
34.7483,-120.51817,Vandenberg Air Force Base,California,Santa Barbara County,US
33.99551,-118.34835,View Park-Windsor Hills,California,Los Angeles County,US
46.05184,-118.30403,Walla Walla East,Washington,Walla Walla County,US
46.40287,-117.06395,West Clarkston-Highland,Washington,Asotin County,US
45.51613,-122.76809,West Haven-Sylvan,Oregon,Washington County,US
37.61754,-121.03914,West Modesto,California,Stanislaus County,US
39.73256,-105.17852,West Pleasant View,Colorado,Jefferson County,US
46.18399,-122.91715,West Side Highway,Washington,Cowlitz County,US
33.976,-118.06909,West Whittier-Los Nietos,California,Los Angeles County,US
41.04489,-124.10239,Westhaven-Moonstone,California,Humboldt County,US
37.74075,-119.57788,Yosemite Valley,California,Mariposa County,US
36.11708,-115.33001,Summerlin South,Nevada,Clark County,US
39.15023,-120.1612,Sunnyside-Tahoe City,California,Placer County,US
37.91385,-121.28316,Taft Mosswood,California,San Joaquin County,US
37.87834,-122.53625,Tamalpais-Homestead Valley,California,Marin County,US
47.05116,-122.78081,Tanglewilde-Thompson Place,Washington,Thurston County,US
20.92187,-156.30508,Haiku-Pauwela,Hawaii,Maui County,US
21.33967,-157.96018,Hickam Field,Hawaii,Honolulu County,US
19.45627,-155.86466,Honaunau-Napoopoo,Hawaii,Hawaii County,US
19.57181,-155.96172,Kahaluu-Keauhou,Hawaii,Hawaii County,US
21.44336,-157.74981,Marine Corps Base Hawaii - MCBH,Hawaii,Honolulu County,US
21.35237,-158.08655,Makakilo,Hawaii,Honolulu County,US
20.97075,-156.67046,Napili-Honokowai,Hawaii,Maui County,US
21.49837,-158.06515,Schofield Barracks,Hawaii,Honolulu County,US
21.39392,-158.0267,Royal Kunia,Hawaii,Honolulu County,US
20.92494,-156.50758,Waihee-Waiehu,Hawaii,Maui County,US
22.0648,-159.38476,Wailua Homesteads,Hawaii,Kauai County,US
63.87217,-145.21773,Deltana,Alaska,Southeast Fairbanks Census Area,US
64.66327,-147.05442,Eielson Air Force Base,Alaska,Fairbanks North Star Borough,US
61.63891,-149.14215,Farm Loop,Alaska,Matanuska-Susitna Borough,US
61.74402,-149.23613,Fishhook,Alaska,Matanuska-Susitna Borough,US
61.51262,-149.60012,Knik-Fairview,Alaska,Matanuska-Susitna Borough,US
57.76587,-152.60004,Kodiak Station,Alaska,Kodiak Island Borough,US
61.60713,-149.30861,Lakes,Alaska,Matanuska-Susitna Borough,US
64.52399,-146.9021,Salcha,Alaska,Fairbanks North Star Borough,US
61.79626,-148.85051,Sutton-Alpine,Alaska,Matanuska-Susitna Borough,US
62.16129,-149.85075,Y,Alaska,Matanuska-Susitna Borough,US
33.1911,-111.528,San Tan Valley,Arizona,Pinal County,US
43.81525,-72.14942,Lyme Town Offices,New Hampshire,Grafton County,US
41.46315,-87.14472,Shorewood Forest,Indiana,Porter County,US
37.42106,-77.67931,Woodlake,Virginia,Chesterfield County,US
39.30464,-86.11837,Cordry Sweetwater Lakes,Indiana,Brown County,US
39.57771,-104.8294,Dove Valley,Colorado,Arapahoe County,US
37.95665,-86.11653,Doe Valley,Kentucky,Meade County,US
35.33676,-106.59296,Enchanted Hills,New Mexico,Sandoval County,US
29.92712,-95.62672,Oak Cliff Place,Texas,Harris County,US
34.19731,-118.64398,West Hills,California,Los Angeles County,US
38.9258,-77.40156,Oak Hill,Virginia,Fairfax County,US
41.637,-71.66004,West Greenwich,Rhode Island,Kent County,US
40.60079,-74.64815,Bridgewater,New Jersey,Somerset County,US
40.60822,-74.51803,Warren Township,New Jersey,Somerset County,US
41.13237,-87.9684,Limestone,Illinois,Kankakee County,US
39.47174,-104.89482,Castle Pines North,Colorado,Park County,US
39.82861,-86.38224,Fairfield Heights,Indiana,Hendricks County,US
41.70019,-86.23793,Notre Dame,Indiana,Saint Joseph County,US
40.84829,-74.58148,Randolph,New Jersey,Morris County,US
33.43752,-82.69068,Firing Range,Georgia,Warren County,US
33.41217,-82.67517,West Warrenton,Georgia,Warren County,US
41.82186,-71.50675,Johnston,Rhode Island,Providence County,US
41.11118,-111.97712,Hill Air Force Bace,Utah,Davis County,US
61.25703,-149.63139,Elmendorf Air Force Base,Alaska,Anchorage Municipality,US
34.51342,-93.05429,Hot Springs National Park,Arkansas,Garland County,US
33.74021,-86.64938,Dixiana,Alabama,Jefferson County,US
33.43076,-86.61092,Shoal Creek,Alabama,Shelby County,US
34.89149,-92.15955,Little Rock Air Force Base,Arkansas,Pulaski County,US
40.68496,-80.10714,Cranberry Township,Pennsylvania,Butler County,US
37.27344,-76.74148,Williamsburg,Virginia,James City County,US
30.75677,-81.57173,St Marys,Georgia,Camden County,US
34.08668,-118.27023,Silver Lake,California,Los Angeles County,US
34.07808,-118.26066,Echo Park,California,Los Angeles County,US
18.3419,-64.9307,Charlotte Amalie,Saint Thomas Island,,VI
18.33134,-64.79375,Cruz Bay,Saint John Island,,VI
17.72751,-64.74698,Saint Croix,Saint Croix Island,,VI
